policy,cost_EUR,kWh_drawn,peak_kW_evening,EUR_per_kWh,savings_vs_unc_%
Uncontrolled,9.868012249577253,32.60869565217391,11.0,0.3289337416525751,0.0
Price-only,7.86096024074976,32.60869565217391,0.0,0.262032008024992,20.338969572250743
Smart (CACCS),8.028316456965978,32.60869565217392,0.0,0.2676105485655326,18.643022992701376
