driver_id,model,battery_kWh,annual_km,sessions,location,plugin_hour,window_h,cost_unc,cost_po,cost_sm,cost_fix,peak_kwh_unc,peak_kwh_sm,save_po_vs_unc_pct,save_sm_vs_unc_pct,save_unc_vs_fix_pct,save_sm_vs_fix_pct,peak_drop_pct
0,Renault Megane E-Tech,60.0,9324.599314145613,40,private,20,12,374.2481583538651,313.10905235708776,314.9802532993655,430.98602093002165,1351.0533571474025,2.445652173913044,16.336514858402616,15.836525506281774,13.16466423985686,26.916364335977338,99.81898182177818
1,Kia EV3,81.0,12974.34348824048,40,private,19,15,503.0429825601844,408.3605890029224,418.6824744440958,602.3776143381004,1320.0,12.153929159657618,18.821929107406664,16.770039746254806,16.490425509431674,30.495014343428252,99.07924779093503
2,Peugeot e-208,51.0,11025.80000446571,45,private,16,14,404.7593417994644,335.6632938715913,344.6518806509169,475.59069245349525,995.8799136473206,8.674143008587784,17.07089640493247,14.850172668362372,14.89334248503128,27.531828078275932,99.1289970919466
3,Skoda Enyaq,77.0,10330.677309366822,40,private,19,12,464.2150341073728,381.0612309128602,384.8945777664849,506.86008448788476,1320.0,2.49431628465775,17.912776856614933,17.08700720850439,8.413574413459523,24.0629535554432,99.81103664510168
4,Tesla Model Y,75.0,10717.461571936557,40,private,22,13,471.7354342260697,415.75190922803256,431.9363281307591,612.4237128158602,0.0,0.0,11.867568330940381,8.43674297238347,22.972376092839465,29.470998739620814,
5,Cupra Born,58.0,11438.637220309503,46,private,8,14,373.9548550003,320.1318009078327,336.0387894204972,546.5455463671834,0.0,227.84048824930412,14.39292828339509,10.139209338456734,31.57846450567041,38.51586722202697,
6,Renault Megane E-Tech,60.0,12300.823097320617,46,workplace,9,7,417.94440921996846,370.5044899257153,377.77720959304384,568.5480546961254,0.0,0.0,11.350772554367406,9.610656044398535,26.489167315267803,33.554040599970705,
7,Renault Megane E-Tech,60.0,8760.630219214056,40,private,14,14,289.6656136029476,273.3679924814514,279.47605269881774,404.91918545931884,0.0,0.0,5.626356859822446,3.5176977955336253,28.463351699582653,30.979794799845074,
8,Tesla Model Y,75.0,8668.923084559414,40,workplace,9,8,331.8652134048614,308.7475623925316,318.7422156266619,495.36487963368467,0.0,0.0,6.965975968119087,3.954315561899513,33.005905939421666,35.655063826412714,
9,Kia EV3,81.0,13369.247481731541,40,private,19,13,512.5846645410176,427.79625049210085,433.6098088097905,620.712362890684,1320.0,6.25,16.54134817412819,15.407182694773624,17.419936320602847,30.143197601147964,99.52651515151516
10,Tesla Model 3,60.0,10046.98224987164,40,private,18,15,364.82871404975407,282.811328647133,288.06280954688873,407.5907809912603,1277.7140469945452,1.6304347826086956,22.481066386522365,21.041629001931106,10.491421527618694,29.325484534679536,99.8723943916525
11,Ford Mustang Mach-E,91.0,7847.115817212845,40,private,18,13,377.145675138137,295.52816478637624,298.0702671680012,412.7608508275102,1293.9211624686836,0.0,21.64084483319787,20.966807571417302,8.628525602166793,27.786206814327308,100.0
12,Hyundai Kona Electric,64.0,11921.949833548999,40,private,16,15,472.41204929812534,366.33464660692346,374.2978879344733,514.6589115372991,1173.3508198661418,4.3478260869565215,22.454423600922922,20.76876775463766,8.208710913599326,27.272630562941945,99.62945216269993
13,BMW iX1,66.0,11964.779875211585,42,private,10,12,424.8545063044591,407.84949876263437,422.54146697478666,577.4931058726039,0.0,411.7613969834831,4.002548470002254,0.5444309276114612,26.431241865217547,26.83177293756298,
14,Kia EV3,81.0,7597.733586607813,40,public,11,4,228.31125367348557,223.62415460775964,226.83772329057317,352.7503828170918,0.0,0.0,2.052942634369259,0.6454041836324587,35.27682327367748,35.694549364049,
15,Volvo EX30,64.0,11452.564956865297,40,private,20,14,433.3420513208609,375.42723582971917,383.3751482175162,534.1065497356345,880.0,10.054347826086959,13.364688544444924,11.530591815643465,18.865991900801216,28.221223198390945,98.8574604743083
16,Volkswagen ID.4,77.0,12560.926972418138,40,private,18,15,545.8259066626448,437.1619137536575,445.32032057468524,619.7684246824535,1760.0,6.451627939540796,19.908177970773487,18.41348768190265,11.930668790959164,28.147304244669947,99.63343023070792
17,Tesla Model Y,75.0,11769.906329236715,43,private,17,12,621.4593376424757,496.6320055908166,502.7653689828219,672.5631517560537,2108.348438106749,25.508370225389825,20.086162439073686,19.09923328369687,7.598366633697751,25.2463701482741,98.79012549518164
18,BMW iX1,66.0,12334.039449437456,44,private,20,15,488.76362823596753,413.24000582139047,427.4913163890432,595.3158205917175,968.0,5.7065217391304355,15.45197270246047,12.536184836025278,17.8984311637883,28.19083558637232,99.41048329141215
19,Volkswagen ID.3,58.0,7874.650675181259,40,private,7,12,303.5405473700708,246.63916573880107,256.7612279115799,370.79504584672515,0.0,9.510869565217392,18.745891487734802,15.411225901710734,18.137917221379286,30.75386772623796,
20,Renault Megane E-Tech,60.0,11674.97793944167,44,private,15,13,388.76027601673127,359.87589266245647,370.47446452590856,539.6212874190179,0.0,0.0,7.429870060343225,4.703621388013346,27.956831007139737,31.345468912490514,
21,Tesla Model 3,60.0,10287.262726759722,40,private,14,13,286.7083161862195,272.80050405386686,290.8812485757637,417.3385942944058,0.0,26.38122872534408,4.850857595396507,-1.4554626266347404,31.300790268161716,30.3008989457214,
22,MG4 Electric,64.0,9892.689552393027,40,private,23,13,369.03016243631197,323.88844882155115,342.7163619217815,487.77196188885,0.0,0.0,12.232526825649781,7.130528393887515,24.34371155585119,29.738404685122653,
23,Audi Q4 e-tron,77.0,12856.5167846292,42,public,18,6,585.2697795853328,546.5203872601555,550.7467104020104,663.7749743530227,1848.0,1165.4891304347823,6.620774500373394,5.898659112005101,11.827079628033344,17.02809962987535,36.93240636175421
24,Renault Megane E-Tech,60.0,14189.611178376565,53,public,17,5,620.9839485186975,530.7440780158013,538.8605233959127,655.8484557116883,2055.951271823472,2055.951271823473,14.531755727045038,13.22472590776026,5.315939511538204,17.83764698947521,-4.440892098500626e-14
25,Volvo EX30,64.0,14879.670419574786,53,private,0,15,500.90051624407715,415.0119750640137,447.82854465705253,693.9344556381152,0.0,0.0,17.146826244876923,10.595311816601106,27.817315861125746,35.46529632323174,
26,Kia EV3,81.0,13829.429238597932,40,workplace,8,7,456.19287258327034,417.05498312990426,427.9570488075722,642.0778515656474,0.0,0.0,8.579241764944967,6.189448689938515,28.950535909175766,33.34810603355363,
27,Tesla Model Y,75.0,10709.682142229898,40,public,17,6,544.531725648223,511.4189315651718,517.6704720690777,611.9791759082573,1918.4300185211828,1483.6474098255278,6.0809669158638835,4.932908830457761,11.021200216483418,15.41044328823984,22.663459417237753
28,Tesla Model Y,75.0,11722.457157027691,43,private,17,13,613.0475644982788,493.193747183376,500.7355477839427,669.8517822755803,2099.8488472588742,30.117385184849702,19.550492368890136,18.320277775877447,8.480117434983836,25.246814141051633,98.5657355659592
29,Hyundai Kona Electric,64.0,12629.342089207494,41,public,21,5,428.4131747429407,414.481156587677,416.9907514840806,545.1963431999128,451.0,183.42432265460405,3.252005068150232,2.66621661803792,21.42038733633802,23.51549002756641,59.329418480132134
30,Skoda Enyaq,77.0,11215.379708965822,40,workplace,14,9,419.5114504555469,398.1456848616425,411.9512957221156,550.2667576012543,404.97416175941686,625.3409877052886,5.093011304149941,1.80213310631252,23.762167228800337,25.136074452705305,-54.41503353904962
31,MG4 Electric,64.0,11236.373571526283,42,public,15,5,444.53026177797506,438.11554785066704,444.398845774504,554.0240550835439,812.7525237728677,887.6034827890346,1.4430320000378027,0.029562892511614258,19.763364478652058,19.787084748966176,-9.209563406669275
32,Tesla Model 3,60.0,12754.019358808839,42,public,19,5,440.8056014448518,413.63650700115403,416.85956660059014,517.4111570965457,1386.0,727.1739130434781,6.163509346216156,5.432334517930915,14.805547696645394,19.43359533648271,47.53434970826276
33,Tesla Model 3,60.0,10820.171005203209,40,private,23,13,328.2345286437549,280.97621913736396,297.3369521922137,438.9578722034775,0.0,0.0,14.397726437148284,9.413262090130537,25.22413893704978,32.26298671905715,
34,Kia EV3,81.0,9352.861609341682,40,private,18,14,379.1178181076247,304.47242772057194,307.469798430582,434.23811529084963,1361.2480103161424,3.5326086956521743,19.689232956563995,18.89861574817967,12.693564945653312,29.193272630008337,99.7404875034615
35,Volvo EX30,64.0,10042.30398581947,40,private,19,15,408.9792152834428,329.8776405449823,339.12197191941937,468.33703659084455,1320.0,0.5434782608695652,19.34122121185039,17.08087862499538,12.674167676228176,27.590187103718634,99.95882740447958
36,Tesla Model Y,75.0,12338.263727236896,46,private,21,13,555.4167542063633,505.15782724215063,516.5969584750025,705.0405761492569,506.0,10.054347826086957,9.048867644626203,6.989309457693727,21.222015725690426,26.728052831155214,98.01297473792748
37,Kia EV3,81.0,10956.555307727904,40,private,15,14,404.8005544472385,350.5826656429525,365.68055580196454,508.6949989889353,714.6551692443109,4.076086956521739,13.393728889112156,9.664018049257095,20.42372045099595,28.113986469538986,99.42964283588239
38,Volvo EX30,64.0,11695.05984934166,41,public,20,3,347.003802783,346.6531934249999,346.81752696560886,427.29093000000034,902.0,891.3043478260855,0.10103905351704912,0.05368120346151972,18.78980375665832,18.833398367335207,1.185770750988302
39,Hyundai Kona Electric,64.0,12417.473540422796,41,private,8,13,377.8838979177637,327.5804928464042,341.92565235698635,536.0501852115883,0.0,99.54008014662121,13.311867837858149,9.515686103302212,29.50587308003515,36.21387291900247,
40,Kia EV3,81.0,10129.097196254235,40,private,19,15,419.6513098687708,330.32139669561747,338.5875037716817,470.2774679896992,1320.0,0.0,21.28669947463948,19.31694342201351,10.765167707766366,28.00260977438578,100.0
41,BMW iX1,66.0,12606.183478349276,45,public,19,5,522.043025822903,487.20619378784323,490.8389036980833,608.4511479558739,1485.0,931.5710407686278,6.673172576177233,5.977308493994771,14.201324530862314,19.329776047414093,37.267943382583994
42,Skoda Enyaq,77.0,11779.665301573883,40,private,18,12,496.3936110185131,415.5047900322129,420.5570302570864,577.952632842492,1760.0,14.587571743823496,16.295298567669004,15.277509435672087,14.111713865348197,27.233304883706655,99.17116069637366
43,Tesla Model 3,60.0,8245.759339663862,40,private,18,14,321.48523131728126,238.73866860051234,241.307216139585,334.5179085155155,1048.64548123986,1.0869565217391304,25.738837948392224,24.939875106911746,3.8959579940186506,27.864186043004402,99.89634661654632
44,BMW iX1,66.0,14108.647492697875,50,public,17,6,616.9193635244028,553.4703990088871,561.6043941736431,680.9692067214676,2134.69970759081,1589.6739130434776,10.284806778156174,8.96632082266805,9.405688622167418,17.52866522739075,25.531731353560737
45,BMW iX1,66.0,9853.369011172354,40,private,11,12,296.8450862693555,291.00726949008555,302.12944104378295,475.58356550794105,0.0,284.45502260260747,1.9666206547790832,-1.7801725609944752,37.58298061617966,36.471849963718284,
46,Tesla Model 3,60.0,7325.341198424448,40,private,14,12,212.6674777155461,199.57023671496037,213.02981968568275,297.1779451617342,0.0,16.065075017581016,6.1585537860678325,-0.17037958696313193,28.437664645737648,28.315737034339893,
47,Volvo EX30,64.0,8661.354276005997,40,private,16,13,351.7643646094906,291.0653858054491,299.3680556100662,403.9344955317121,826.2523370900077,6.793478260869566,17.25557927717497,14.89528624014882,12.915492858204214,25.886979467797545,99.17779618212087
48,Hyundai Kona Electric,64.0,8713.911098114475,40,public,17,5,363.2217486578395,321.54514180517276,328.509688506001,376.1710176273535,1179.2194909948385,1179.219490994839,11.47414960879084,9.556713021757346,3.4423887973054623,12.670122600611212,-4.440892098500626e-14
49,Tesla Model Y,75.0,11064.25956786,41,private,17,13,569.7311501244617,449.43541331908614,455.9337489858677,632.2406549933493,1981.945626938401,13.528100571756518,21.114474218075685,19.973877347891932,9.886979645360693,27.886043805477236,99.31743331462357
50,Volvo EX30,64.0,10350.26739285374,40,private,15,15,404.48483579450243,336.3236825182596,348.426284917846,482.6993452435721,633.1640916726386,3.532608695652174,16.851349480718714,13.859246606005494,16.2035665098328,27.81712087427245,99.44207058768603
51,Tesla Model Y,75.0,10212.337990867101,40,private,21,15,478.7113621394367,401.3392222943241,424.33379859522876,583.5596336798612,440.0,2.989130434782609,16.162586887289297,11.35915456470179,17.967019219486303,27.285272300376974,99.32065217391305
52,Renault Megane E-Tech,60.0,12307.14730440663,46,private,17,14,491.387754435462,390.51730622855575,394.0039258331359,568.8403616098828,1783.1986257363096,12.949970124702354,20.527668281598256,19.818122800843284,13.615877564528155,30.735589029220776,99.27377859438653
53,Hyundai Kona Electric,64.0,11694.327041012022,40,public,15,4,383.2535219071213,383.13177708282984,384.8667645277187,504.8326582579488,702.5475180499961,720.7601575493445,0.031766133207500324,-0.4209335409547377,24.083056902532164,23.76349702576739,-2.5923711964565443
54,Skoda Enyaq,77.0,11642.144836710986,40,private,17,12,496.863632645846,403.4902436143029,408.9701185001228,571.2053855563904,1790.6124939071808,18.606711651880694,18.792558540523665,17.689665407323517,13.014890053624196,28.40226495733057,98.96087446529091
55,Renault Megane E-Tech,60.0,11847.524321549838,44,public,9,6,390.6219295371726,336.6295582030556,343.1187228002413,547.5964374651818,0.0,0.0,13.82215570899712,12.160916514138197,28.666093712121754,37.34095050206421,
56,Kia EV3,81.0,12299.334922924902,40,private,19,15,480.0813723943956,390.95687975211655,399.570519059868,571.0380672079418,1320.0,5.434782608695652,18.564455479239395,16.7702514540361,15.928306716621154,30.027341081909764,99.58827404479578
57,Volkswagen ID.4,77.0,6333.5821815074,40,private,18,13,286.2796825385139,220.13002621099085,221.99967892348423,312.5051407311874,979.6399395961995,1.6304347826086958,23.1066542134452,22.45356814882661,8.392008570262933,28.96127135571018,99.83356795525499
58,Tesla Model Y,75.0,10151.88022754083,40,public,1,5,430.55713350527515,429.28195789744046,431.8831533081112,580.1049193674937,0.0,0.0,0.29616873316048453,-0.30797766420465056,25.779437627468347,25.55085487311386,
59,Tesla Model Y,75.0,6175.339958768052,40,private,22,15,267.38939501439756,204.92627104994074,216.4051635543098,352.87503482650743,0.0,0.0,23.360359509057382,19.06740970685936,24.225471165490433,38.67371103180866,
60,Hyundai Kona Electric,64.0,11028.971239687173,40,private,20,14,403.9631764596353,339.9911724359356,351.28819411573085,476.1098992062995,880.0,1.6304347826086958,15.83609788009771,13.039550487138973,15.153375904793542,26.216994290321004,99.81472332015811
61,Kia EV3,81.0,10939.853790828683,40,public,18,3,391.4673897640001,390.957064399,391.22298011213053,416.8692000000003,1306.8000000000002,1306.7999999999984,0.13036216511105314,0.06243423034978379,6.093472541507083,6.152102359173995,1.4432899320127035e-13
62,Volkswagen ID.4,77.0,13239.7156817894,41,private,21,14,500.93348579295406,437.42887365925316,455.4402183737036,653.2605236352643,451.0,15.059242432552887,12.677254353075663,9.08169821133773,23.317961568325106,30.281992880991837,96.66092185530978
63,Renault Megane E-Tech,60.0,13550.919320059254,51,private,21,15,511.2828684804505,380.425906137128,389.2581052614021,626.3279097511785,1122.0,0.0,25.593848417458954,23.86638996563879,18.36818054562378,37.8507489126514,100.0
64,Volkswagen ID.3,58.0,11394.077355672685,45,public,13,6,365.8560866532617,365.74725301378663,372.1174095097117,536.5149020252295,0.0,174.00071987698948,0.02974766402565887,-1.7114168890086434,31.808774505194005,30.641738355253935,
65,Volkswagen ID.4,77.0,9854.20924050079,40,private,18,13,416.1387985948211,335.6926595493021,339.43579404935883,486.2163239136091,1524.1891031774594,3.2608695652173916,19.33156420818295,18.43207237692468,14.412828585170946,30.188317965714827,99.78605872733117
66,Volkswagen ID.4,77.0,12012.502836475165,40,private,18,14,532.0952573974624,423.0364764583993,428.1102890237274,592.708641313155,1760.0,8.950520479087388,20.49610091856143,19.54254749090176,10.226505856469837,27.77053358371112,99.49144770005185
67,Volvo EX30,64.0,9793.860374259753,40,private,16,13,391.1375662633075,323.6983638616068,331.89295820877123,456.7505177041319,991.8198047151475,4.0020168570091466,17.24181163317402,15.14674456368984,14.365161920478942,27.33605210191339,99.59649758575263
68,Tesla Model Y,75.0,10946.950093339066,40,private,14,14,482.7475897374874,426.09862163891927,446.8500914297175,625.537285594507,640.931929763346,60.17239816015406,11.734697241963065,7.436080276918733,22.826728181568445,28.565394626311726,90.61173342036935
69,Kia EV3,81.0,13109.638534144082,40,private,9,12,423.1017849612601,403.0822344140233,417.3311802435239,608.6591427296567,0.0,228.0925542722534,4.73161571489703,1.3638809673810703,30.486251621264827,31.43433640511557,
70,Volvo EX30,64.0,9728.480752283162,40,workplace,13,8,319.37621746589343,314.8204134785739,323.6787295282631,453.70144664900585,0.0,301.74378369824586,1.4264693919502691,-1.3471610680682922,29.606524328988883,28.658210830288887,
71,Tesla Model 3,60.0,12714.436219941077,42,private,20,13,426.40762994463,355.5134947401725,362.2449274409026,515.8053293878925,924.0,2.085637622492389,16.625906814487166,15.047268856811758,17.33167424798634,29.770999483316785,99.7742816425874
72,Peugeot e-208,51.0,12433.508997436142,51,workplace,14,8,401.48632429486634,386.2634302405075,399.1498965381696,536.311301794192,0.0,819.0871778691629,3.791634517338771,0.5819445433914106,25.1393131280803,25.574960810476767,
73,Volvo EX30,64.0,8859.005920483502,40,private,16,13,362.5377984889621,287.82559220465015,291.9025662114596,413.1522592622878,855.1481481576415,0.5434782608695652,20.608114959518254,19.483549735201766,12.250800918697957,29.347459763944663,99.93644630324694
74,Tesla Model Y,75.0,13082.828140796108,48,private,13,12,568.1639026203841,529.8180482292619,549.2497300577204,747.5869290819778,231.53269304695473,377.00522766384023,6.749083180798765,3.328999338999028,24.000289395364593,26.530319259034087,-62.830234772669336
75,Volvo EX30,64.0,12479.860296363597,44,private,18,14,514.6699225324226,418.05240444087985,423.75628484672677,582.0159195061176,1824.5013150662005,7.498547674429438,18.772715066802082,17.664455159601545,11.571160636094447,27.191633313687625,99.58900837108153
76,Volvo EX30,64.0,11173.21769334612,40,workplace,11,8,324.50203494230186,321.64121767665387,328.9533922947455,521.0787953715886,0.0,48.24987933451374,0.8816022574886673,-1.3717502120549563,37.72495871552499,36.870700704647895,
77,Hyundai Kona Electric,64.0,9280.511626919442,40,private,21,15,309.6766936068676,251.31594989522355,264.9053523325645,400.63060817273777,440.0,0.0,18.84570098960454,14.457446168402976,22.702687390937946,33.87790475101525,100.0
78,Volkswagen ID.4,77.0,9068.338819319502,40,private,21,12,342.7036278773036,296.7748913226027,302.5582772218291,447.4407085462434,440.0,1.358695652173913,13.401882215015393,11.714305711945228,23.40803567230968,32.380252524439356,99.69120553359684
79,Renault Megane E-Tech,60.0,9772.51895658238,40,public,21,5,379.11977040506116,339.0056454942424,341.15101028997697,451.6890128642014,880.0,2.9891304347826093,10.580858093462076,10.014977608399956,16.066196075696425,24.47214774459375,99.66032608695652
80,Hyundai Kona Electric,64.0,12138.281874609393,40,private,20,12,427.9007147440906,379.6751791286622,384.1703125221361,523.9977541207055,880.0,5.978260869565219,11.270262926358987,10.21975442319787,18.339208254407612,26.684740630846193,99.32065217391305
81,Tesla Model 3,60.0,8857.180883390938,40,private,22,14,275.05948898650877,219.02886098834094,232.7451732372094,359.322350120435,0.0,0.0,20.370367226602404,15.383696052520046,23.450492602445582,35.2266361501867,
82,BMW iX1,66.0,11908.151824477514,42,public,16,4,496.3032702782051,495.447605591287,496.2327480379749,574.7598914516943,1339.7551456165972,1345.233406486162,0.1724076261755081,0.014209505448292692,13.65032987519852,13.66259973627949,-0.4089001551879523
83,Tesla Model Y,75.0,8230.555391756321,40,private,6,13,382.8437913745982,309.7920987267438,325.41794623884743,470.3154060990214,0.0,4.7933567543870055,19.08133141863494,14.999811001130158,18.598500833716404,30.80857186074548,
84,Tesla Model Y,75.0,10503.08980007892,40,private,8,14,409.5136160249777,363.6995154482562,381.3933757875733,600.1739505412052,0.0,267.26780419342487,11.18744256208739,6.8667412112835,31.76751245939615,36.45286080083068,
85,Tesla Model Y,75.0,11190.128582517078,41,private,17,15,587.1387038629553,460.80970590988113,467.5521236565537,639.4331388448063,2004.4925982595803,8.672672067837077,21.516039927519536,20.3676881492579,8.178249109254121,26.880216983869676,99.56733828424375
86,Skoda Enyaq,77.0,16304.835017679028,50,private,15,13,733.471050757462,580.8779124839411,594.3928879348719,799.9736907016356,1407.7545163060677,104.73488978281507,20.804248254370307,18.9616430912935,8.313103382918252,25.69844548093254,92.56014535420293
87,Kia EV3,81.0,7933.6787144103955,40,private,12,15,218.64300390411586,205.76647164395908,221.25888641945187,368.3477673643445,0.0,12.019553800531305,5.8892953491453515,-1.1964172045876076,40.64223451968175,39.93206800121646,
88,Tesla Model Y,75.0,14173.711900613393,52,workplace,18,7,715.578995948042,639.9016455034606,646.4935899507675,809.9228729016592,2288.0,882.5756633304309,10.575680794587816,9.654476499236264,11.648501370953678,20.178376042818,61.42588884045319
89,Kia EV3,81.0,11278.154886632143,40,private,13,13,350.3433134291367,333.7064171158162,354.74289001927644,523.62634309032,0.0,125.55923253478741,4.74874092799994,-1.2557900840398428,33.092878528323745,32.252665531365935,
90,Tesla Model Y,75.0,11850.466500454959,44,public,22,4,463.2333232120001,462.831110984,463.04368649860885,611.4081600000001,0.0,0.0,0.08682713609875492,0.040937623415415736,24.23501132009752,24.266027705844028,
91,Skoda Enyaq,77.0,11209.181930320168,40,public,19,6,485.7397640535302,442.5903219153472,446.55815533069335,549.962672349736,1320.0,483.6108166051306,8.883242701420635,8.066378670723552,11.677684963928725,18.802097345487645,63.36281692385375
92,Kia EV3,81.0,11923.951731847561,40,workplace,13,7,376.88626601792635,375.33123382161665,385.07783335249053,553.6096376840325,0.0,326.5183203888642,0.41259985744233063,-2.1734852323259224,31.92201862767594,30.442353756082884,
93,Tesla Model 3,60.0,10613.429621447181,40,workplace,13,8,297.9000282629423,294.61897473139976,304.64267204438926,430.5706888709488,0.0,334.6241881976784,1.1013941659134496,-2.263391454093955,30.812747833787334,29.24676948093483,
94,Volvo EX30,64.0,14134.369897391833,50,workplace,9,8,453.881658587652,421.6003963977428,435.80477902087864,659.1763126440702,0.0,0.0,7.112264084510289,3.982729688400133,31.144118822010736,33.886462443896036,
95,Volkswagen ID.3,58.0,9950.328194147858,40,public,18,6,411.25951416667334,365.3595898626936,369.5630938045886,468.53283416970027,1468.7549660492177,645.0415057769475,11.160817615851581,10.138712643906445,12.223971475664563,21.123330777980286,56.08242894919122
96,Tesla Model 3,60.0,13429.593713072552,44,private,12,13,366.13668177932334,351.92504829771883,371.9019411028483,544.8181806010947,0.0,178.9615163010227,3.8815104273463907,-1.5746194277796333,32.79653748423613,31.73833870732231,
97,Tesla Model Y,75.0,9538.83600673348,40,private,22,15,420.5047927883879,365.96342532944857,382.14024841288335,545.0739733447683,0.0,0.0,12.97045084724786,9.12344996619595,22.853628433582973,29.892039044180652,
98,Tesla Model Y,75.0,10818.048456381182,40,private,16,14,537.0195999759868,433.23050457968185,443.30685627527185,618.1715097935939,1497.8417234908914,21.272130043794,19.326872874089872,17.450525773157143,13.127733732779689,28.28740094746667,98.57981456183389
99,MG4 Electric,64.0,8602.40201048442,40,private,15,14,346.79355405481226,288.5969312303551,299.4006520432307,424.15265165129557,449.63213683791776,1.990803420947954,16.781345023286942,13.666027369150836,18.238503825288298,29.412052269951616,99.55723729292384
100,Audi Q4 e-tron,77.0,11946.501947561068,40,private,19,15,514.0600388269895,436.61866445684086,445.75215267429667,616.7914028884755,1320.0,9.47918858673486,15.064655589035603,13.287919891334399,16.655771072746507,27.730485446650288,99.28187965252009
101,Skoda Enyaq,77.0,14114.82584566911,44,workplace,13,7,481.549166966624,478.20623782634,487.2743988162478,692.5239852551467,234.92158387193317,510.9607742929555,0.6942030782322361,-1.1889194795389635,30.464622566219603,29.637902918738448,-117.50269424860691
102,Volvo EX30,64.0,10780.58996619233,40,private,18,13,455.376077664911,359.5895826997635,363.25903384363784,502.76804651572303,1576.0753809270311,5.16304347826087,21.03459089382207,20.228784149934555,9.426209398001173,27.748185995293227,99.67241138712389
103,MG4 Electric,64.0,10518.820319838438,40,public,17,5,479.60037840377515,449.9575971716727,455.5425559947662,518.6441560700516,1625.8437494358984,1625.8437494358968,6.1807251551303395,5.016222566187112,7.528047353724155,12.166646309760498,9.992007221626409e-14
104,Renault Megane E-Tech,60.0,8508.98885088124,40,private,11,12,241.30514820135798,230.4269897608902,236.11151226965703,393.2882393580082,0.0,86.37218553382985,4.508050707393307,2.152310454382478,38.64419932941367,39.96476664161677,
105,Skoda Enyaq,77.0,10447.849088720446,40,private,19,12,450.5748480859877,374.8925554818282,378.72538875160456,512.6089522730517,1320.0,0.0,16.79683029926169,15.946176232338516,12.101642765306265,26.118069715281,100.0
106,Kia EV3,81.0,7461.780571209854,40,private,16,12,288.9086636149168,223.7811730309167,228.71741385487564,346.43830597469025,646.0134983532603,5.434782608695653,22.54258829385879,20.83400650119286,16.60602807703845,33.9803336090712,99.15871996133991
107,Volvo EX30,64.0,8950.797209085767,40,private,16,15,354.8504369237555,281.3749853743008,288.0267231961845,417.43307571133596,868.5676354587348,2.551147408207493,20.706033839615056,18.831515132649823,14.992256826063699,31.000502845787615,99.70628108807438
108,Tesla Model Y,75.0,11446.661440979007,42,private,11,14,403.137532501735,393.5534021650996,417.4135484372963,654.0920955934739,0.0,158.40290500155442,2.377384779124758,-3.541227195336827,38.36685457329089,36.18428486609876,
109,Audi Q4 e-tron,77.0,13838.638903053657,45,private,17,13,697.4135926115074,530.5822726616886,538.0588578539235,714.481405565257,2239.753622461617,29.47995164236881,23.92143223436595,22.849387572282666,2.388839348484728,24.692391759552923,98.68378595990532
110,Kia EV3,81.0,17102.17178609261,48,private,17,14,698.2186304757973,576.4853409571856,585.7069221264059,794.0259520525419,2489.1095675628294,29.845579759008167,17.43483834506926,16.11410859557285,12.06601891652086,26.235796120723176,98.80095355592438
111,Volvo EX30,64.0,9665.378663694728,40,private,18,14,412.7201966629445,329.14577864252635,332.340920069571,450.758591581689,1413.0363372466757,2.4456521739130435,20.249655504179444,19.475489022170798,8.438750947656871,26.27075195540842,99.82692220225006
112,Tesla Model 3,60.0,14093.307343053513,46,private,13,15,363.04265455906557,344.4143855052481,372.4438028070453,571.7440325704196,0.0,18.687001849587002,5.13115162085912,-2.5895437161228108,36.50258964192146,34.85829644209312,
113,Volkswagen ID.3,58.0,11483.817932079608,45,private,13,15,376.02881466957297,345.6451810139203,365.02118984924317,540.74053215356,0.0,16.37089252059956,8.080134412665052,2.927335456992175,30.46039785995034,32.4960552900473,
114,Tesla Model Y,75.0,10618.767653625437,40,private,18,15,545.2277970873074,440.17834738753504,449.2650279350939,606.7840848611668,1760.0,17.934782608695652,19.267075204339,17.60049096265116,10.144677375304523,25.959655313325094,98.98097826086956
115,Peugeot e-208,51.0,11897.381849280273,49,private,9,12,346.05424555816876,303.8608298555841,316.2843714141148,513.1858069066293,0.0,138.2920543989085,12.192717252906037,8.602661151010182,32.56745589982168,38.36844917426553,
116,Renault Megane E-Tech,60.0,11085.59709925911,41,private,19,15,456.16132421977835,335.8672548144609,341.0422153512549,512.3799127963758,1606.2066231861286,0.0,26.37094883286506,25.23649041606585,10.972051630552349,33.439581288428066,100.0
117,Skoda Enyaq,77.0,11191.766639090758,40,private,22,13,422.7302867750329,376.89371057876286,389.7891618956642,549.108215694128,0.0,0.0,10.842983725143673,7.79246860466829,23.01512257640158,29.01414497997785,
118,Kia EV3,81.0,10055.750373409595,40,private,17,13,410.09327542707456,320.7079942923997,324.16682478082083,466.8720945922336,1463.54888586907,0.17567866846589072,21.796329393986845,20.952904081826073,12.161536280027551,30.566245330222973,99.98799639218326
119,Volkswagen ID.3,58.0,7888.139845040517,40,public,20,5,305.9248055606298,277.5163607771627,280.9825615732162,371.4302127338306,880.0,191.90472580339733,9.286087387195218,8.153063607151811,17.635993230346724,24.351183091675377,78.19264479506849
120,Volkswagen ID.3,58.0,7569.460806476642,40,public,7,5,277.79465359062885,249.31923810846672,258.99925846615406,356.4245174225318,0.0,0.0,10.250526824078054,6.765931194691943,22.060733756620145,27.334050884294992,
121,Hyundai Kona Electric,64.0,12380.606294385887,40,public,4,4,384.8856382137585,384.1458006291815,384.95875288386935,534.4586622659591,0.0,0.0,0.1922227049080294,-0.01899646618412909,27.985892008570268,27.972211872897866,
122,Tesla Model Y,75.0,10344.026802712287,40,private,19,15,506.288267368228,418.2468235582439,427.3878588306663,591.0846759247262,1320.0,9.22258788516223,17.389588004406743,15.584087884892018,14.345898652141154,27.694309083205948,99.30131909960892
123,Tesla Model 3,60.0,9644.565309752996,40,private,19,12,344.587733112002,283.2596202444556,285.81760373774136,391.26533810425127,1226.537110044674,2.989130434782609,17.797532231831592,17.055200672264924,11.92991058661378,26.95044106830995,99.75629514913955
124,Tesla Model Y,75.0,10968.627322523706,41,private,20,12,516.2150163512679,450.275406799322,456.6876950500954,626.7759790194111,902.0,14.594633231808412,12.773671331381042,11.531497421738312,17.63962984687376,27.137013807615652,98.38196970822524
125,Kia EV3,81.0,12690.901633885223,40,public,6,3,348.824849032,348.50652307900003,348.71983717234787,416.8692000000003,0.0,0.0,0.09125667333714782,0.03010446645171916,16.322710089399816,16.347900691068663,
126,Tesla Model 3,60.0,11344.997035227812,40,public,19,6,405.97203824704934,362.0180319775792,364.93299805927415,460.2492655932695,1320.0,322.55240242694094,10.826855578344652,10.108834185964643,11.793006834297904,20.70970551384389,75.56421193735297
127,Tesla Model Y,75.0,9513.23968875628,40,public,14,4,383.1973757861717,383.1973757861717,383.85658563848295,543.611332962548,384.1107616380811,399.8834844257428,0.0,-0.17202880133477816,29.508942777583336,29.387677856795403,-4.1062954655051165
128,Tesla Model Y,75.0,13635.5815728712,50,public,12,4,432.2379322360001,432.20283642800007,432.5402109006957,694.7819999999998,0.0,0.0,0.008119557628483154,-0.06993339597287651,37.78797777777775,37.74447079793435,
129,Volkswagen ID.3,58.0,14408.416251529774,57,private,12,14,427.06227567944575,404.089335154693,431.7437803653868,678.4516018473039,0.0,104.56171515293073,5.379295206583945,-1.0962112442483685,37.05339120482131,36.363363401335526,
130,Tesla Model Y,75.0,12033.07907515705,44,public,23,4,479.1924178360001,478.91198678399996,479.05709850660895,611.4081600000001,0.0,0.0,0.05852159624447628,0.028239038088762047,21.62479188436084,21.64692428923276,
131,Ford Mustang Mach-E,91.0,13082.323089843558,40,public,6,5,526.2482800791993,523.8261692286843,524.5341069143341,688.1344605006917,0.0,0.0,0.46026009817086155,0.32573468261164473,23.52537036202239,23.774474754152088,
132,Volkswagen ID.3,58.0,13669.892393022246,54,private,20,12,522.8389321843283,462.8904926211228,468.279677927361,643.6766004828282,1188.0,4.3478260869565215,11.465947899623997,10.435193498125406,18.773040406915275,27.249230813097803,99.63402137315181
133,Tesla Model 3,60.0,13424.917502925884,44,public,17,3,420.171541438,419.9149752160001,420.1856212768263,458.5561200000004,1437.4800000000005,1437.4799999999977,0.061062255935251386,-0.0033509739327142185,8.370748287472507,8.367677815132879,1.887379141862766e-13
134,Volkswagen ID.3,58.0,12294.877197876645,48,private,19,15,502.6232840308991,389.9540578692738,404.37899001938433,578.9310208559297,1584.0,0.0,22.416236919636788,19.546307768240023,13.180799452102644,30.150747593120187,100.0
135,Tesla Model Y,75.0,12260.380033093994,45,public,18,4,563.5727067959999,562.6702462039999,563.088651304348,625.3038,1960.1999999999982,1960.199999999997,0.16013206124382284,0.08589051347143162,9.87217624521074,9.94958749581436,5.551115123125783e-14
136,MG4 Electric,64.0,12088.056655628841,45,public,20,3,384.836190706,384.471442135,384.6399623913481,468.97785000000044,990.0,978.3221739130418,0.09478021553296356,0.05099008861196852,17.94149964523918,17.983341347283734,1.1795783926220493
137,Kia EV3,81.0,8546.830492741974,40,private,12,13,249.5037912648626,239.89604102940032,252.4038655898508,396.815404728293,0.0,96.64466352904628,3.850743183803207,-1.1623367766422366,37.12346136468604,36.39262423224812,
138,Renault Megane E-Tech,60.0,12484.583713522492,47,workplace,0,8,436.2291828980927,414.3233199634493,416.5344556529603,577.0415302989154,0.0,0.0,5.021640869854593,4.514766094806011,24.402463255613505,27.815515213057584,
139,Tesla Model Y,75.0,7980.767403232847,40,private,18,13,433.47438885185943,330.540807863781,333.8968600709776,456.0418688139504,1429.5983348399718,3.5326086956521743,23.74617362301793,22.97195205572171,4.948554399354443,26.783726911005136,99.75289501886223
140,Kia EV3,81.0,9209.827193276129,40,public,13,4,295.673546953519,295.5478963127872,299.1004766177734,427.59726056121286,0.0,0.0,0.04249640930900078,-1.1590247756567473,30.85232899634264,30.05089035762063,
141,Kia EV3,81.0,13804.807498499711,40,public,8,5,468.44833578595654,458.5742690544815,460.30686409585815,640.9347043170284,0.0,0.0,2.1078240602367626,1.737965762315874,26.911691217418323,28.18194100031529,
142,Ford Mustang Mach-E,91.0,12790.082156300292,40,workplace,8,7,483.86732802788816,441.0062908569785,452.7819125714507,672.7624921003595,0.0,0.0,8.858014312642181,6.424367518909202,28.077540928707556,32.69810402808443,
143,Volkswagen ID.3,58.0,14207.40225441204,56,public,13,4,429.3987926868794,429.22788914622896,431.2458598910599,668.986420806065,0.0,0.0,0.03980065700256441,-0.4301519323384406,35.81352635386907,35.53742699718035,
144,Kia EV3,81.0,10355.03309972483,40,private,7,13,383.24167664043784,317.8002007374285,331.5909614103249,480.7673036140824,0.0,31.69942750144442,17.075772258560328,13.477322112483158,20.2854117242402,31.028803556804085,
145,Volvo EX30,64.0,8426.57503760388,40,private,6,14,310.9815847668866,246.11280995218996,256.95384538522126,392.9852339955575,0.0,23.641304347826093,20.859362094807842,17.373292190971632,20.866852526473778,34.614885456961986,
146,Tesla Model 3,60.0,10423.44253841595,40,private,21,15,346.30193897081284,283.2491186429231,298.9486752989455,422.86320202315034,440.0,0.0,18.207469618933892,13.673981674084246,18.10544466532844,29.303691153864207,100.0
147,Volkswagen ID.4,77.0,11173.448540956857,40,private,16,15,493.0997847708327,384.4820352657736,391.9883113030997,551.3088815582973,1288.2410080197403,5.706025200493507,22.027539427042942,20.50527633361763,10.558345554480141,28.898603955893375,99.55706850154812
148,Kia EV3,81.0,11122.985288784621,40,private,23,13,391.93321854035776,327.0721250251643,345.0282763314314,516.4220716561682,0.0,0.0,16.549016630116185,11.967585290068106,24.106028759881248,33.188704498062215,
149,Tesla Model Y,75.0,13432.760248477176,50,private,22,14,584.6969091679526,511.4045344165059,532.607225478531,767.5829625812427,0.0,0.0,12.535105556782355,8.908835137087934,23.82622626201568,30.612422182031086,
150,BMW iX1,66.0,10158.817769242454,40,private,10,12,323.4164176875194,307.7259288187639,319.25976859457427,490.32638182571424,0.0,296.4334791942894,4.8514818700129965,1.2852313196299314,34.04058405275096,34.888315124749965,
151,Audi Q4 e-tron,77.0,11720.955493248404,40,private,19,14,512.5347109955064,429.89742132934987,437.9875014134058,605.1465620319079,1320.0,4.762235677844767,16.123257194746575,14.544811889385223,15.304036550325527,27.622905111983144,99.63922456986025
152,Tesla Model Y,75.0,8784.906542738212,40,public,17,3,417.4609373110001,416.98997893300003,417.333771514,416.8692000000003,1306.8000000000002,1306.7999999999984,0.1128149572589221,0.03046172363317945,-0.14194795657722636,-0.11144299314980177,1.4432899320127035e-13
153,Volkswagen ID.4,77.0,11936.19483891595,40,private,19,12,495.6011093539168,406.1960980093054,410.94570077721886,588.9435300644554,1320.0,5.434782608695652,18.03971170709504,17.08135978288219,15.849129151707132,30.223242161732568,99.58827404479578
154,Tesla Model Y,75.0,10956.807724906545,40,public,7,5,495.40208496231503,481.6195692131756,484.8938825911424,626.1005763778335,0.0,0.0,2.782086746806456,2.1211461740157977,20.874999376561142,22.553356299975192,
155,Hyundai Kona Electric,64.0,9307.908789156907,40,private,13,12,291.4438158875442,281.0966519889357,296.69081508587163,401.8133168649575,0.0,142.74477895381006,3.550311701450204,-1.8003467262973416,27.467855430611976,26.162025340343742,
156,Volvo EX30,64.0,10433.533696837072,40,private,7,13,378.41641735457335,322.3351157115204,334.31665393684125,486.5825869887426,0.0,46.5573446256681,14.819996985095173,11.653765903187796,22.22976582527638,31.29292685835964,
157,Hyundai Kona Electric,64.0,10546.655115131665,40,private,18,12,418.12543937259977,328.08127404360783,331.31878200099504,455.28878394022985,1427.2375672107523,1.358695652173913,21.53520375706005,20.760912682533437,8.162587324468085,27.228872379933154,99.90480241808453
158,Skoda Enyaq,77.0,10358.360266751759,40,private,23,14,371.40702422694136,308.58734293477823,328.4006406550305,508.2183096747549,0.0,0.0,16.91397232535331,11.579313466519858,26.919786800945612,35.38197376926513,
159,Renault Megane E-Tech,60.0,14829.237320566226,55,private,19,15,607.0232089766977,464.9974504498717,470.00992279028,685.412184577436,2148.627537860302,0.0,23.397088682366686,22.571342274933905,11.436764236846187,31.4266753107043,100.0
160,Tesla Model Y,75.0,10734.403254945744,40,private,19,14,517.8803618087122,426.66933096078316,434.6038738572216,613.3918047786998,1320.0,10.001611761687982,17.612374898590843,16.080255999792136,15.57103342853534,29.14742739120578,99.24230213926606
161,Ford Mustang Mach-E,91.0,10415.86751871163,40,private,23,15,411.91849134012614,350.46958647928517,369.11698362435425,547.87802796277,0.0,0.0,14.917734006289574,10.39077113933935,24.8156578076686,32.627890737491505,
162,Volvo EX30,64.0,6356.58240283379,40,private,19,13,252.45653467037272,205.84540589443085,206.92235876848105,296.4482024834618,929.3047099795056,1.358695652173913,18.46303120527304,18.036441782481372,14.83957988092145,30.199489477415597,99.85379438653615
163,Tesla Model Y,75.0,8991.685899164944,40,private,5,12,403.20762282676736,313.3108650045222,331.8717694441105,513.8083888501957,0.0,0.0,22.295401359727784,17.692089470566717,21.52568319698547,35.409429537190775,
164,Volkswagen ID.4,77.0,10373.869200440588,40,private,21,12,400.006500042148,365.27420941258873,369.87406051996385,511.8568547000429,440.0,3.5326086956521743,8.682931558837058,7.532987468705921,21.851881757731107,27.738769711950706,99.19713438735178
165,Tesla Model 3,60.0,9447.982639173153,40,public,14,3,310.88884268380684,310.87579871435327,311.3134902567859,383.29027830636943,0.0,0.0,0.004195702020370895,-0.1365914483495656,18.88945264734606,18.778662575952808,
166,BMW iX1,66.0,13975.939629497376,50,private,0,12,491.28518255632235,440.3600497060612,463.3194490317271,674.5639174564188,0.0,0.0,10.365696882059527,5.692362505028159,27.169958273366657,31.31570826100989,
167,BMW iX1,66.0,10588.786271882282,40,public,16,4,437.07966648972183,434.25762968189133,435.3532782862296,511.07927896269354,1162.1294011369716,1171.5582821939186,0.6456573078530203,0.394982502242025,14.479086810790731,14.816879453645694,-0.8113451950980899
168,Tesla Model 3,60.0,13771.692906006972,45,public,21,3,372.11507035999995,371.85619219100005,371.97514175130465,468.97785000000044,495.0,489.130434782609,0.0695693858218216,0.03760358551453402,20.654020150418706,20.68385708380379,1.185770750988091
169,MG4 Electric,64.0,11085.133148570307,41,public,11,5,351.56802526665786,350.1669628593769,354.19125940179254,546.5669487595827,0.0,0.0,0.39851815483454844,-0.7461526494467297,35.67704266338626,35.19709521301664,
170,Volvo EX30,64.0,11031.528961763253,40,public,16,3,382.547883597,382.43235812100005,382.6820047265218,416.8692000000003,866.7999999999996,869.9330434782597,0.03019895834051045,-0.03505995857582267,8.2331139846744,8.200940552451097,-0.3614494091209064
171,Volkswagen ID.4,77.0,10755.535779509622,40,private,12,14,359.55994171015135,338.1499111119088,356.2807249379979,530.688657080789,0.0,107.13488334568197,5.954509419600917,0.9120083723889616,32.24653722805799,32.86445448112154,
172,Volvo EX30,64.0,10958.313791050996,40,private,6,13,394.0681356425575,315.1318143903043,332.9604535551208,511.05644821949863,0.0,2.8231849156619235,20.031135256227095,15.506882328304982,22.891465900591612,34.8485955484678,
173,Ford Mustang Mach-E,91.0,14714.161056679191,41,private,8,14,529.9161962594285,482.10201147667743,502.9793261257392,773.9696696773216,0.0,372.6808206596119,9.022971013202042,5.08323208911734,31.53269216862752,35.01304433086659,
174,Tesla Model Y,75.0,5870.052508414832,40,public,18,5,306.56344107729984,267.9301720836409,271.8475652157192,335.43011351128,1051.5050580290922,645.480803308783,12.60204702096802,11.324206089149113,8.605867890573105,18.955527764033807,38.61362830544517
175,Tesla Model Y,75.0,6566.614819679294,40,private,21,15,302.4941549117648,246.80010238300537,261.078331278736,375.2335010960043,440.0,0.0,18.411612794635634,13.691445920701984,19.38508847738225,30.422435492523213,100.0
176,Kia EV3,81.0,9760.45587998711,40,private,10,13,344.9663819468381,316.6618368117653,328.56142438551115,453.16205272104077,0.0,320.44362448294765,8.205015507695112,4.755523558192721,23.875712920915326,27.49582132646745,
177,Cupra Born,58.0,10981.816061443276,44,public,12,4,343.46896697754295,343.1894893552522,344.94312781716354,524.718333469713,0.0,0.0,0.08136910439102696,-0.42919768053366614,34.542221022401506,34.26127775330079,
178,Audi Q4 e-tron,77.0,12461.328690233187,41,private,13,14,471.84694258211744,431.02984063554175,451.63517568880167,643.3716278154948,212.83895866926247,112.2667299006981,8.650496223035741,4.283543045274307,26.660281215037806,29.801819638474804,47.2527348364107
179,Renault Megane E-Tech,60.0,11986.060963680171,45,private,2,14,396.5022217071253,326.79976712156025,334.13390283679945,553.9996462394377,0.0,0.0,17.579335188959032,15.729626583629564,28.429156155858315,39.686982635294434,
180,Audi Q4 e-tron,77.0,10108.501450791551,40,workplace,12,8,356.6665721502179,356.2964544052203,366.3232036425305,521.8964361535792,0.0,193.51214478757862,0.10377135787251746,-2.707467491022797,31.65951184129927,29.80921534119616,
181,Audi Q4 e-tron,77.0,13181.70568819946,43,private,19,14,576.4265369700853,483.2865123626217,490.6681382260826,680.5643007112553,1419.0,11.571182431064193,16.15817777874048,14.877593803155055,15.301678861547108,27.902751038617946,99.18455373988272
182,Volkswagen ID.4,77.0,13206.127932904481,41,private,19,13,535.0499126902276,459.4479703596944,465.06435114535515,651.6032712477022,1353.0,18.847508467901143,14.129885929783104,13.080193059556922,17.887165964390572,28.62768318292185,98.60698385307455
183,Tesla Model 3,60.0,11353.086650484729,40,public,14,4,318.5502598112648,318.34337854604394,320.8163908722534,460.57744897395827,123.81645446381823,230.1980801036446,0.06494462297518266,-0.7113888597457763,30.83676577719806,30.34474623389717,-85.91881111481294
184,Renault Megane E-Tech,60.0,13058.220083746182,49,private,18,13,568.2073683302424,433.3061451658657,435.62166907164914,603.5551903859929,1892.0225403949626,6.547487514715305,23.74154766081317,23.334033778585983,5.8566014539854105,27.82405387102128,99.6539424148008
185,Hyundai Kona Electric,64.0,11547.093126916363,40,private,8,15,405.8385106504211,341.1528354781085,356.04244413463175,498.4767142196163,0.0,259.1865617256911,15.938772066909923,12.26992146112087,18.58425898875211,28.573906467821807,
186,Tesla Model 3,60.0,9720.352171345485,40,private,11,14,244.79903216537298,234.5623376706008,249.8167070790915,394.33989575122513,0.0,66.28056565732845,4.181672780412304,-2.049711908308871,37.9218195260142,36.64939566837745,
187,Tesla Model Y,75.0,12478.21887741001,46,workplace,17,7,672.5852181171376,590.6931669991436,599.3888233996097,713.0379785305411,2235.2287728230112,1244.6160267693351,12.175713784975228,10.882843206461912,5.673296743151068,15.938723960418544,44.31818157040672
188,Renault Megane E-Tech,60.0,11192.242738447305,42,private,19,15,446.33022430554024,340.8753722657442,346.68109418764857,517.3091090154059,1621.6586489511137,2.445652173913044,23.627091847494007,22.32632358091792,13.720787721089945,32.983763837546476,99.84918822617233
189,Volvo EX30,64.0,10952.934264392326,40,public,21,5,404.8911398497007,389.2116316189478,392.0084430342562,510.80556639226637,440.0,171.7391304347827,3.8725244115179414,3.1817680229374035,20.734783156460367,23.25681847930011,60.968379446640284
190,Ford Mustang Mach-E,91.0,14175.768323095168,40,public,21,3,328.45000351900006,328.22265407800006,328.3366591521739,416.8692000000003,440.0,434.7826086956524,0.06921888828259615,0.034508864549176455,21.210297254150746,21.237486685950014,1.185770750988091
191,Volvo EX30,64.0,5582.59003849721,40,private,19,14,238.05777114837193,176.9109909514167,179.13685393918774,260.35197488776333,816.1503914976901,1.358695652173913,25.685689613066607,24.750680023993464,8.563101451026956,31.194355634746806,99.83352386198325
192,Tesla Model Y,75.0,7845.271667350542,40,private,21,14,358.85554563225367,298.2302049388295,312.4138166981963,448.2992889984985,440.0,0.0,16.894079367398586,12.941622192917068,19.95179237648633,30.311328979323314,100.0
193,BMW iX1,66.0,8350.31576624013,40,private,17,15,400.06046234998166,283.982924725908,288.3729258945343,403.03706688776015,1263.439081152855,0.0,29.014998618515442,27.91766419490378,0.7385436185221694,28.450023686074044,100.0
194,Tesla Model Y,75.0,10154.459181824315,40,workplace,2,8,435.60474078303656,408.23763189619035,421.26820433770456,580.2522875429593,0.0,0.0,6.282555336209494,3.2911800775080824,24.92838888622454,27.399130795065453,
195,Tesla Model Y,75.0,10392.408108212394,40,private,7,14,465.34034556172753,392.08557212537414,410.41016213597914,593.8493099331031,0.0,156.19583067120132,15.742192598392723,11.80430279679282,21.63999557157893,30.88984776589002,
196,Volkswagen ID.3,58.0,7648.956831377026,40,private,9,13,236.53808028392072,207.40371583333183,215.6380840240275,360.16776057241196,0.0,190.24723814964676,12.316986937417607,8.835785018127563,34.32558208208517,40.128432461218765,
197,Peugeot e-208,51.0,8792.50390923929,40,private,8,13,282.9623077309894,234.88427327037647,244.9547058800131,379.25892188335655,0.0,80.34001098276019,16.99096775331661,13.432036993107177,25.39073139642152,35.412275955540885,
198,Volvo EX30,64.0,9064.756724033381,40,public,13,5,275.20660508457854,275.0380320146935,280.63921112178485,422.747738720668,0.0,66.94777812662821,0.061253279089446,-1.9740100480279965,34.90051397615582,33.615443580830565,
199,Tesla Model 3,60.0,16331.758761646202,54,private,19,15,557.1916446226247,452.20068356232844,465.02055083189856,662.5546002836104,1782.0,5.7065217391304355,18.842881452647163,16.542081109840023,15.902531748460348,29.814003157951994,99.67976870150783
200,Renault Megane E-Tech,60.0,14895.814865566252,56,public,19,6,614.7244429141278,506.781418941176,511.3550384233945,688.4894204174058,2158.274045195635,112.4009505558978,17.559578965372392,16.815567638844197,10.714032099223392,25.727974423575194,94.79209089290099
201,MG4 Electric,64.0,10048.268775270619,40,private,18,15,455.1542346422978,356.9195403588838,362.3264753763217,495.4429984022505,1553.1128476559577,4.316951626181581,21.58272664663131,20.394791962976843,8.13186661026184,26.868181295369,99.72204520536309
202,Kia EV3,81.0,10153.75259422811,40,public,8,5,370.07571323604503,343.62487905150107,350.6033393665289,471.42217791860736,0.0,0.0,7.147411526482106,5.261727039379116,21.498026488702905,25.628586055393054,
203,Tesla Model Y,75.0,8433.243246157635,40,private,19,14,426.5507204333668,348.48069538470975,354.78988357070983,481.8975188504373,1320.0,2.4401762762711505,18.302635843479408,16.823517913590535,11.485180199536993,26.37648676485027,99.81513816088855
204,Tesla Model Y,75.0,6771.194395036666,40,private,17,13,371.6934460307836,276.99982869602616,279.9088061505224,386.92371171777324,1212.9269959804797,0.0,25.476267700161426,24.693639573257254,3.9362451113098995,27.65788250406033,100.0
205,Volvo EX30,64.0,10694.032391765333,40,public,0,6,383.13051902707497,377.1637696849012,380.3827186559759,498.731311722704,0.0,0.0,1.5573672797786542,0.7171969432445247,23.17897232005024,23.72993038233987,
206,Tesla Model Y,75.0,8764.704156695583,40,public,12,4,317.18175952086307,317.0413667678702,317.7844608203938,500.83805995921193,0.0,0.0,0.04426255570463278,-0.19001764175883284,36.669797110328595,36.54945855227655,
207,Hyundai Kona Electric,64.0,10764.177335660199,40,private,17,13,424.352257453373,329.28909878849106,332.76170918278166,464.6790054069699,1456.6739981409714,0.0,22.40194484539234,21.583612826816445,8.678409716031476,28.388908190214867,100.0
208,Tesla Model Y,75.0,7445.549190594785,40,private,16,15,362.52885500988833,298.6237743932908,302.92796539907573,425.4581039223876,893.7244637065442,1.9021739130434785,17.627584600087765,16.44031607061648,14.790939068345699,28.79957800631385,99.78716327119943
209,Volkswagen ID.4,77.0,9281.275936300535,40,private,20,14,369.28802949239184,311.21801945178174,318.10423437058876,457.94723420613605,880.0,4.3478260869565215,15.72485577732664,13.860128418502548,19.360135424212643,30.53692421092332,99.50592885375494
210,Skoda Enyaq,77.0,11275.493338713199,40,private,19,13,471.6552519541601,386.8857365117503,392.56212868766727,553.2161479016366,1320.0,5.978260869565219,17.97277038497782,16.76926588621552,14.743043249340992,29.040009013354773,99.54710144927536
211,Volkswagen ID.3,58.0,11751.999019146822,46,private,19,15,479.5305515487299,373.38305235008824,385.52222905405216,553.3684216404835,1518.0,7.96938564273194,22.13571144858638,19.60424047874759,13.343347253690075,30.331725848909908,99.47500753341687
212,Volvo EX30,64.0,11864.263589645012,42,public,8,6,412.0426984052268,369.0514074895024,379.9400557386442,553.3066972233847,0.0,0.0,10.433698032295736,7.791096114755314,25.530867333985274,31.33282903581913,
213,BMW iX1,66.0,8058.129124696088,40,private,20,13,319.24822537345995,271.47762751661986,275.313574374859,388.934361039462,880.0,1.0869565217391304,14.963465435385748,13.761909231353043,17.917196999452443,29.213357842938137,99.87648221343873
214,Skoda Enyaq,77.0,12821.76174899688,40,workplace,13,8,469.9589852889443,459.6000033459169,471.18785679735703,629.0816225077124,212.04270378593296,615.0607146702305,2.204231064261575,-0.2614848416308435,25.294434223727038,25.099090493367516,-190.0645500592952
215,Skoda Enyaq,77.0,9197.536384441948,40,private,13,13,312.9949963465444,291.4445683587544,310.7667514338801,451.2641261838399,0.0,77.91459217371411,6.885230830952205,0.7119107138048975,30.64039922840359,31.134177657348893,
216,Tesla Model Y,75.0,12335.958832990002,46,private,19,14,610.6788804205318,511.3691516287466,520.704831924473,704.908868479222,1518.0,12.711862374214377,16.262184918430044,14.733446886864666,13.367683720873448,26.131610026719166,99.16259141144833
217,Tesla Model Y,75.0,10926.701298206157,40,workplace,10,9,417.7658415397456,413.13374316154807,422.45309790873614,624.3802166176691,0.0,63.97614792571329,1.1087786309012637,-1.1219817186859604,33.091114929485514,32.34040947081775,
218,Ford Mustang Mach-E,91.0,7935.711377019295,40,private,17,14,389.2778962643552,306.8576486804801,310.37067420278777,417.42100616318567,1308.5297998845942,0.0,21.17259890037636,20.270152202010006,6.742140305183453,25.645650405659715,100.0
219,Tesla Model 3,60.0,10257.527026967198,40,workplace,8,9,319.91829495566185,280.4310014087006,290.54045201564793,416.1322622038006,0.0,0.0,12.342930732496527,9.182920577919884,23.12100646525167,30.180743382651777,
220,Volvo EX30,64.0,11750.146595119651,41,private,18,14,480.65006836659296,378.1354524488967,382.99636290579383,547.9846899314197,1717.820344612602,4.891304347826088,21.32832650291192,20.317006464319988,12.287682995897864,30.10820011162614,99.71526100717305
221,Kia EV3,81.0,12292.394183239372,40,public,7,6,427.6889431229222,388.31473925053814,399.57313524685395,570.7158199807661,0.0,0.0,9.206271171024284,6.573891686507183,25.060962365238826,29.987373530258875,
222,Hyundai Kona Electric,64.0,10641.236504596724,40,workplace,8,8,318.1297947725195,274.3796780645033,284.9309659187477,459.37176999816467,0.0,0.0,13.752285207771875,10.435623886631184,30.74676861971938,37.973775375903905,
223,MG4 Electric,64.0,14304.595770416305,53,public,8,4,508.96626318843244,504.50654831476754,505.32242932529283,705.3067526287723,0.0,0.0,0.8762299579007204,0.7159283682797946,27.83760239194545,28.354233467652367,
224,Volvo EX30,64.0,13156.448588460564,46,private,22,13,454.1567480301908,399.7327458149623,412.82640087366747,613.5695705567335,0.0,0.0,11.983528253467801,9.100458671105294,25.98121389590696,32.717262934163784,
225,Ford Mustang Mach-E,91.0,10387.927485084541,40,private,16,15,481.3478270503656,386.57475877162346,395.69614133085025,546.4083730831048,1272.8789124862217,15.21739130434783,19.689102755381416,17.794135738469475,11.906945288125003,27.582343019720224,98.80449026572175
226,Tesla Model Y,75.0,12592.766768579908,47,private,17,14,703.2638265297218,554.849610295572,561.2440305170463,719.5835438525739,2255.747786371703,19.424187184270945,21.10363289499825,20.194383765403767,2.2679392076531024,22.004326625897342,99.13890252706335
227,Volkswagen ID.4,77.0,15185.00773256213,47,private,16,12,648.0086308232695,542.8206176042901,552.1114673683993,749.2431364234849,1831.72456559086,115.54377434664033,16.232501885868743,14.798747870539419,13.51156929958126,26.310774096122437,93.69207704492572
228,Volkswagen ID.3,58.0,15243.46127571483,60,private,21,12,567.9056728700403,500.5358992446269,509.9484296892752,717.7715121263282,660.0,4.620689152936124,11.862845687901835,10.205434801850988,20.879323952593897,28.953932961395658,99.29989558288847
229,Tesla Model Y,75.0,8260.68026099873,40,private,18,14,415.46536155311657,332.66441889286864,337.4370901145414,472.03681971414863,1479.7392467528155,3.2608695652173916,19.929686159808046,18.780933059469838,11.98454353524584,28.514667495878143,99.77963214989579
230,Tesla Model Y,75.0,8920.892486565841,40,private,21,15,393.0853669169939,321.97472431644775,339.2095718054005,509.76306857581505,440.0,1.6304347826086958,18.090381526606734,13.705876546396622,22.888614113375716,33.45740546621195,99.62944664031622
231,Tesla Model 3,60.0,14201.972142947134,47,private,16,13,506.9082190269987,404.3995356015678,413.64353487240487,576.1523981426257,1289.1203703530596,0.0,20.222336031993038,18.398731891468188,12.018379050204986,28.205881602525583,100.0
232,MG4 Electric,64.0,8632.364498665575,40,private,9,14,290.7774715578038,257.5717848600116,270.4098323553553,425.6299912125741,0.0,120.45018193290039,11.41962151328193,7.004545122884309,31.683039832458704,36.468332133977036,
233,Volkswagen ID.3,58.0,8053.634918091223,40,private,18,15,352.33368443268824,261.52131643330534,266.9785237584081,379.2229080203212,1188.7865455182477,0.0,25.77453476967576,24.22566006191409,7.090611621540555,29.598524215709652,100.0
234,Ford Mustang Mach-E,91.0,9885.234853769087,40,private,17,14,465.98086090621825,368.76801883071744,372.5830237314787,519.9665767544022,1629.989268822576,9.23913043478261,20.861981731705836,20.043277527129266,10.382535774733704,28.34481284217961,99.43317845022031
235,BMW iX1,66.0,11870.296493749343,42,workplace,15,9,469.7177157284839,423.7243668830925,434.3786346399023,572.9327627670007,872.0274694890311,578.0886457538797,9.791699845525393,7.5234720567808,18.015211163703704,24.18331384261321,33.70751885916923
236,Kia EV3,81.0,10725.751212521698,40,private,21,14,380.6930472734068,326.8049038193157,336.4651440385049,497.97914115953563,440.0,0.0,14.155273872230623,11.6177333817022,23.552410973084182,32.43388804297068,100.0
237,Renault Megane E-Tech,60.0,9525.265671311754,40,private,18,14,407.3038185648868,313.05964907107193,315.06907146501624,440.26088539292226,1380.1281673759322,0.0,23.138543072313723,22.645195771759465,7.485803967940985,28.435824776070064,100.0
238,Tesla Model Y,75.0,9473.474708823325,40,private,22,15,418.512870028511,349.2851749845567,367.8517337168387,541.3390582744483,0.0,0.0,16.541353922816803,12.10503665233067,22.689326840271494,32.04781216242021,
239,Tesla Model Y,75.0,9389.981828936168,40,public,17,5,490.41377317340886,464.46135966553413,469.2574886741666,536.5680573101832,1682.0315276181302,1682.031527618129,5.29194221849435,4.313966217209286,8.601757690934097,12.54464698727029,6.661338147750939e-14
240,BMW iX1,66.0,9023.873913236916,40,private,16,12,364.19159704467415,312.5503342967706,322.9185394385032,435.5470829809813,925.3513573071499,10.930611343618402,14.179696392492247,11.332786901480352,16.382955764032282,25.85909720061107,98.81876097578466
241,BMW iX1,66.0,15946.776001234575,57,private,18,13,685.6345795533181,556.9433937472911,562.707044927384,769.6884771517624,2412.81654279549,16.57608695652174,18.769646345706136,17.929016168644786,10.920508763426785,26.8915851501785,99.31299845377731
242,Volvo EX30,64.0,11601.549245896365,41,public,3,3,309.24385320399995,309.219308233,309.3372158254783,427.29093000000034,0.0,0.0,0.00793709260367148,-0.030190615112002384,27.626862287013743,27.605012391562333,
243,Volkswagen ID.4,77.0,12892.002329146377,40,private,20,14,518.8570563836081,447.9392720110353,459.43619718573814,636.1040066614911,880.0,15.88401987601982,13.668077459881534,11.45226001396773,18.432040837667152,27.77341560902452,98.19499774136138
244,Volkswagen ID.3,58.0,9878.920344819557,40,public,7,3,355.89285167699995,355.49305654499983,355.71898695586964,416.8692000000003,0.0,0.0,0.11233581402836368,0.04885310854405578,14.62721360153264,14.66892086153897,
245,Peugeot e-208,51.0,10542.754876962554,43,public,12,5,303.5466006409217,302.2606565648099,308.25350487847214,454.7548559080773,0.0,0.0,0.4236397552786375,-1.5506364517382298,33.25049821957708,32.215456113616185,
246,Volkswagen ID.3,58.0,9387.316780798923,40,private,18,13,403.46914397760673,321.6907214596782,324.9901234151589,442.0222178343102,1385.649585687494,0.0,20.268817018251937,19.45105883160264,8.721976475660975,26.47651853170425,100.0
247,Tesla Model 3,60.0,5142.758746526948,40,private,5,12,163.74790484837004,129.02328766290876,133.75788915803264,208.63389640937524,0.0,0.0,21.206144419139996,18.314747732563685,21.514237299643412,35.88870674419229,
248,Tesla Model 3,60.0,7932.159683703173,40,workplace,7,7,252.35819505320652,194.82268354471222,204.0861952853986,321.7956476900579,0.0,0.0,22.799145276959866,19.12836623262042,21.578120504516907,36.57894482091717,
249,Kia EV3,81.0,6984.7450908429355,40,public,18,5,294.86724302601056,260.5047149601359,264.8937016188272,324.29032639649375,1016.5840952868132,627.0979971355526,11.653558975638234,10.165097044889226,9.07306847460786,18.315879304103955,38.31321972840557
250,Hyundai Kona Electric,64.0,6022.9735262859795,40,private,7,12,203.00569448662873,142.78570529563154,149.3019414570925,260.0058750904464,0.0,1.0869565217391304,29.66418717626843,26.454308666239655,21.922651010862516,42.57747391086609,
251,Peugeot e-208,51.0,8332.163846287154,40,private,18,15,321.75175422062443,249.57538153081308,252.9678707963419,359.4024534896969,1126.6534592153494,0.17720604560114053,22.43231676067885,21.37793579118067,10.475916038829103,29.61431722569088,99.98427146837817
252,Kia EV3,81.0,13851.65293784577,40,private,17,15,566.3906944206859,444.3435960953825,451.36201949085324,643.1096616874325,2016.0177482364652,11.927861780168342,21.548217427924953,20.309068645184215,11.929375631746296,29.815699190937284,99.40834539821873
253,Volvo EX30,64.0,10852.684792727463,40,private,14,14,397.42624669213194,350.3310746844986,366.75031061217453,506.1302906243128,266.6153311106995,22.239959867098317,11.850040705569153,7.718648764463875,21.47748236883712,27.538359705800808,91.65840922408763
254,Volvo EX30,64.0,13776.334639483372,49,public,9,3,351.62913027,351.2046783630001,351.39195438743485,510.66477000000054,0.0,0.0,0.12071010916360203,0.06745057850668923,31.142864962076857,31.18930949800307,
255,Renault Megane E-Tech,60.0,11850.051843412917,44,private,20,15,472.47918819411694,359.3218829515241,365.1667057024123,547.7132603498853,1716.96946818146,0.0,23.94969092185758,22.712636910393513,13.736032629136641,33.32885432258118,100.0
256,BMW iX1,66.0,12663.803828316199,45,workplace,18,8,539.8760807864036,460.18777330744956,464.8043112844894,611.2322567778428,1916.088579240887,285.4790181385002,14.760481213184528,13.905370542173646,11.674150897663482,23.956187499864523,85.10094881669818
257,Tesla Model Y,75.0,8977.03558028298,40,public,8,4,347.42307417302106,341.38015941737865,342.50331844495565,512.9712314110568,0.0,0.0,1.7393533144067885,1.4160705185676026,32.272405760972944,33.23147625592689,
258,Tesla Model Y,75.0,12097.452589681949,45,workplace,18,7,606.8749088255514,546.6286566945826,551.1525301247035,691.2799995463994,1980.0,743.8082170719707,9.92729329468569,9.181855748276702,12.209971469770931,20.270725250787525,62.433928430708555
259,Volkswagen ID.3,58.0,12545.884172622818,49,workplace,12,8,380.03691353139186,377.96264924725637,385.92102935445223,590.7502299291903,0.0,209.68497260730766,0.5458060020698929,-1.5483011290623905,35.668765871332006,34.67272464697808,
260,Tesla Model Y,75.0,9687.142430008213,40,public,18,6,487.08153132549126,444.44392783513536,450.2144838057374,553.5485892570085,1735.2620352884262,872.0435278844772,8.753689217968608,7.568968468056636,12.007447805211024,18.667576335072877,49.74571504761063
261,BMW iX1,66.0,12175.393411649404,43,public,18,3,397.84954940499995,397.427417431,397.6309788191305,448.1343900000004,1404.8100000000004,1404.809999999998,0.10610341890076036,0.05493800010488714,11.220928747512637,11.269702193770447,1.7763568394002505e-13
262,Tesla Model 3,60.0,12189.951191278884,40,public,18,3,371.013156756,370.61186025600006,370.7898831894785,416.8692000000003,1306.8000000000002,1306.7999999999984,0.10816233675072784,0.060179420178452236,11.000103448275933,11.05366306998018,1.4432899320127035e-13
263,Tesla Model Y,75.0,9746.479759725118,40,private,20,13,454.39228756049334,387.75929324821885,394.8472499528782,556.939279070066,880.0,5.16304347826087,14.66420010559788,13.104324003229895,18.412598170629614,29.104075652167417,99.413290513834
264,Ford Mustang Mach-E,91.0,8491.137133326522,40,private,18,14,397.4601220570404,320.7132834485816,324.1476980055318,446.63658206203996,1400.1146773104697,7.285475628413947,19.309317928867507,18.445227579582777,11.010396814779655,27.424731644461186,99.47965150666023
265,Tesla Model Y,75.0,8356.758953142784,40,private,18,13,420.0836533986298,332.71238610022846,336.21868300789924,477.52700682332545,1496.9498646499237,6.25,20.798540145881883,19.963873793286734,12.029341294606288,29.5916925736741,99.58248434716539
266,Volvo EX30,64.0,11139.447136808001,40,public,13,4,356.4135779497015,356.4096807806199,357.0037428673788,519.5038577481688,0.0,0.0,0.0010934401276196937,-0.16558429706079458,31.393468473053353,31.279866830086654,
267,Tesla Model Y,75.0,11666.1516126486,43,workplace,8,7,457.5328532351394,406.8059718393848,418.1068319646249,666.634336585731,0.0,0.0,11.087046763324892,8.617090771021052,31.366743636629437,37.28093363656866,
268,Tesla Model Y,75.0,9214.368431297167,40,private,19,12,449.67152411134066,375.2556864651312,379.5343580170352,526.5330496471845,1320.0,7.760428055253236,16.548932644394842,15.597422192324373,14.597664018877188,27.918226923960265,99.41208878369294
269,Tesla Model Y,75.0,11008.221897504156,41,private,4,12,496.2555257375689,401.30453242117085,423.7180597033177,629.0385163239893,0.0,0.0,19.133488372804596,14.616958859337858,21.10888079833093,32.640363235710076,
270,Tesla Model Y,75.0,12199.476109143283,45,private,16,12,630.1010121683106,515.9852911241016,526.7654959154933,697.1098895967326,1690.2974595508854,106.70384788150977,18.11070270328763,16.399833400872986,9.61238370426586,24.43580219178657,93.6872739600602
271,Tesla Model Y,75.0,12303.83766511701,45,workplace,8,9,482.15879018439216,422.1371232633816,438.2675997067597,703.0733811526081,0.0,0.0,12.448526946497529,9.103057202555021,31.4212707933917,37.664031741854565,
272,Tesla Model Y,75.0,14348.61746306825,53,private,13,15,593.6918803438332,541.2474461928095,570.887470845548,819.9174330157093,238.27408468874717,69.00234445913242,8.833611488951265,3.8411186430709066,27.591260236997762,30.372565839247134,71.04076821897402
273,Volkswagen ID.3,58.0,13746.588022513715,54,private,19,13,558.4360653505174,466.1120526171458,471.2175367188646,647.2879809270643,1782.0,6.402441765594302,16.532602111832073,15.61835526810178,13.726798302247268,27.201253444568295,99.64071595030335
274,Hyundai Kona Electric,64.0,8757.171762263168,40,public,17,3,345.2495535437347,343.1142258075876,344.1420630119636,378.0385381784382,1185.0737873932214,1185.073787393222,0.6184881962132849,0.32077971438442265,8.673450276444239,8.966407321804615,-4.440892098500626e-14
275,Tesla Model 3,60.0,14637.05379888827,48,public,15,4,477.0008779845407,476.0233642150068,478.37237741847684,593.8029988433772,805.4514070325299,832.0308507186801,0.20492913423224568,-0.28752555754847364,19.67018036054824,19.439211598752227,-3.299943789790505
276,Tesla Model 3,60.0,9787.161455022984,40,private,8,15,319.84279404140426,252.0411101466975,262.4561829936563,397.05024672372025,0.0,190.7715098084445,21.198440345643586,17.942130358053078,19.44525996883193,33.898496434814874,
277,Volkswagen ID.4,77.0,13238.271459275196,41,private,17,12,616.101815335662,482.2879465792939,488.23526668646025,653.1892642835875,2047.6152485378939,23.195071207968752,21.719440752412677,20.754126260695728,5.677902405300972,25.253629631841456,98.86721535090484
278,Peugeot e-208,51.0,11098.890711051885,45,public,13,4,319.4656134114488,319.39138919237274,323.5997002524154,478.74341241423787,0.0,0.0,0.02323386804716776,-1.2940631690592008,33.26997194584314,32.40644323009143,
279,Peugeot e-208,51.0,10047.392861179242,41,workplace,14,8,298.0325987203979,292.4877265456788,303.5870154864933,433.38773841944857,5.582252098584198,587.1475286976498,1.8604918383176905,-1.863694370999447,31.23188030023336,29.950252724346647,-10418.112015158998
280,Tesla Model Y,75.0,6991.143877092897,40,workplace,12,7,240.8225499623868,238.9592499778205,246.0983976910104,399.49219890372416,0.0,62.79083029142791,0.7737232185513032,-2.1907615086077303,39.7178341346225,38.39719564828874,
281,Tesla Model Y,75.0,10574.273722626198,40,private,18,13,537.6484042729955,438.46246701010904,444.2676863380756,604.2415855727454,1760.0,9.854356236108632,18.44810409081471,17.36836140361817,11.020953024381441,26.475155476602062,99.44009339567565
282,Volvo EX30,64.0,7534.950714680716,40,private,18,13,320.7810156045004,248.75358953292832,250.56925508746787,351.4030737921015,1101.57703383104,2.811164976210769,22.453768324113245,21.887754293913243,8.714226047356055,28.69463195540781,99.74480541170742
283,Volvo EX30,64.0,13068.38532649567,46,private,22,13,455.43582598531384,407.55421788865493,423.4347952196838,609.4626158977832,0.0,0.0,10.513360031145835,7.026463211671441,25.272557478456093,30.523253736255295,
284,Volkswagen ID.4,77.0,14271.775919134952,44,workplace,14,9,576.3758623008592,523.2179191808723,537.759295720453,704.183385370039,755.4714274922864,845.5154143330368,9.22279134101548,6.6998930916799875,18.149749869775555,23.633629123773257,-11.918913616580129
285,Tesla Model 3,60.0,9204.764933440249,40,private,18,14,332.8112759277415,264.024280443325,266.30378358481016,373.42330609868503,1170.6059752309882,2.3629754677312245,20.668469027278768,19.98354537644066,10.875601363834242,28.685816006772292,99.79814083323255
286,Tesla Model Y,75.0,11611.315926117204,43,private,18,12,599.8774516323551,485.37388532210406,490.59615017116727,663.5008824077091,1892.0,5.708789920329393,19.087826354978,18.217271071585927,9.589049911203972,26.059457767276196,99.69826691753015
287,Tesla Model 3,60.0,9361.392566802533,40,workplace,6,7,307.2618389315878,242.53895942250202,259.142388521758,379.7774508377944,0.0,0.0,21.064405438091647,15.660731113616643,19.094238414164955,31.764672191546328,
288,Volkswagen ID.4,77.0,9573.61844100043,40,public,21,4,365.33960160745136,358.01139967732615,358.99272220443555,472.37169937526227,440.0,260.9327691346293,2.005860272984905,1.7372547008564831,22.658448401834143,24.002068142688625,40.69709792394788
289,Tesla Model Y,75.0,12646.143401465164,47,public,13,6,538.0238300702916,535.8318428527293,542.8802797887035,722.6336238990275,197.3091658276727,435.727052040838,0.4074145223783021,-0.902645839641969,25.54680376380204,24.874755085495526,-120.83467344917791
290,BMW iX1,66.0,10865.601206562927,40,private,15,12,435.54422638277083,376.18003404668826,388.38897428596556,524.4400526708541,764.0127042973472,85.73234042721081,13.629888479777785,10.826742553433288,16.950617298460912,25.942160155772108,88.77867606847484
291,Tesla Model Y,75.0,14759.829211828916,55,private,23,12,641.615702435083,580.7442382769761,599.9439360924096,843.4151450661963,0.0,0.0,9.487215466685939,6.494817097605199,23.926466558206616,28.867303414936618,
292,Ford Mustang Mach-E,91.0,9893.910871640603,40,private,19,14,459.2371100810544,380.7530534316932,386.1635054594612,520.4229381235796,1320.0,1.902173913043478,17.090094621383912,15.91195550566371,11.756942970871886,25.798138942184202,99.85589591567853
293,Tesla Model Y,75.0,13138.54656811913,49,private,6,13,591.3578930647468,486.7455990471089,512.2847832536014,750.7708253716356,0.0,17.66304347826087,17.69018309292848,13.371447432847205,21.23323481942423,31.765491420099114,
294,Peugeot e-208,51.0,11163.335374377542,46,private,7,12,369.08430965130276,308.39064325633467,321.629342250509,481.52319093766204,0.0,16.444655981690282,16.44439083642142,12.857487072703645,23.350667922641254,33.205845885801345,
295,Audi Q4 e-tron,77.0,12692.75384133987,41,private,2,12,502.9546936884042,420.88177520463216,443.26906023703947,655.3199825925942,0.0,0.0,16.31815340699827,11.866999990329507,23.250517754913936,32.35837880551624,
296,Cupra Born,58.0,9970.724730447417,40,private,18,14,432.6163144348504,348.32109012454134,352.3245112951166,476.40773026734047,1493.4411607126665,3.2608695652173916,19.484985077464856,18.559587435953084,9.192003624272882,26.04559311046306,99.78165396461543
297,BMW iX1,66.0,10841.466145762033,40,public,6,5,422.9939528316093,404.2894497525942,411.0536897404534,523.2751477275365,0.0,0.0,4.421931555712155,2.822797586401715,19.164142484393786,21.44597511929145,
298,Renault Megane E-Tech,60.0,10697.057454335332,40,public,21,5,393.76533223050103,360.90526277978273,363.5007807674517,494.4214837102885,880.0,28.965156485404894,8.345089514249771,7.68593600955535,20.35836928533793,26.47957405903324,96.70850494484036
299,Hyundai Kona Electric,64.0,9119.034918487727,40,private,22,13,304.91771119602925,266.44389002081306,275.7718553888007,393.6598166360863,0.0,0.0,12.617771865171079,9.558597200833274,22.542840719273507,29.946658578125994,
300,Renault Megane E-Tech,60.0,12399.958560734038,46,private,18,14,529.1691005301318,404.6445056386565,407.2810493285375,573.1301281418748,1796.6461697237478,6.793478260869563,23.53209867445476,23.03385648925542,7.670339675610416,28.93742113174731,99.62188001314058
301,Tesla Model Y,75.0,12374.045322216618,46,private,18,15,614.4802716137127,505.40551738367236,512.9814320560743,707.0852298296898,2024.0,12.771739130434783,17.750733305659196,16.51783535557424,13.09671794986894,27.451258997499895,99.36898522082832
302,Volkswagen ID.4,77.0,12249.884781843191,40,private,16,13,559.4050630886692,434.2882760492686,443.2668621385028,604.4212987190818,1454.7376135394402,25.27173913043478,22.36604480277449,20.76102070097956,7.44782417922949,26.662600560586657,98.26279743541191
303,Volkswagen ID.4,77.0,14315.954782079642,44,private,7,13,553.6171555503278,469.7858479338691,488.9120022959791,706.3632136861833,0.0,77.16901747652336,15.142469263461578,11.687707399534608,21.624294014228795,30.784617202165265,
304,Peugeot e-208,51.0,14124.065114707504,58,private,19,12,528.0740115698462,422.6685959635986,426.66535585769225,609.2323373760942,1909.8192394234904,1.1344396602251419,19.960348984586616,19.203492974533752,13.321408078203657,29.966725388330595,99.94059963179723
305,Kia EV3,81.0,10128.871129230394,40,public,7,5,355.1505511246294,320.8184781659984,329.81370692460825,470.26697206636976,0.0,0.0,9.666906851168921,7.134113721572099,24.478950846986926,29.866708377287242,
306,Tesla Model 3,60.0,11766.984577370851,40,private,8,12,348.6792487119198,302.08314948829315,315.10279194634376,477.3686580230565,0.0,33.06351074870624,13.363599754146694,9.629611423568551,26.958076771123316,33.991730154365406,
307,Hyundai Kona Electric,64.0,9584.314490524514,40,public,12,3,264.17570191272796,264.1238791071363,264.18939183540044,413.74548059611527,0.0,0.0,0.01961679488932111,-0.005182127869196584,36.150190321811,36.14688154302924,
308,Volvo EX30,64.0,11001.148142290876,40,private,0,14,370.6722538867195,326.3159814069231,346.9049262531536,513.0540887163711,0.0,0.0,11.966439897967673,6.411952171858381,27.75181758825507,32.38433648953315,
309,Tesla Model Y,75.0,9636.548706429687,40,private,17,12,490.7025716958215,391.60976877678286,397.068889137689,550.6575319081047,1726.1991595865336,16.847826086956523,20.194066351962114,19.081555296224227,10.887885253204644,27.891862704249192,99.02399291568466
310,Kia EV3,81.0,14497.953977007952,40,private,19,15,561.84997337009,470.85147332698017,482.77332440431724,673.1163651840384,1320.0,11.719457541341443,16.196227526234875,14.074335269868389,16.530038128478242,28.27788041190753,99.11216230747412
311,Tesla Model 3,60.0,11746.498949251089,40,private,20,13,402.53506086587544,350.57009524140324,356.08213948341256,476.5375872640198,880.0,3.3788145940863363,12.909425954770914,11.540093248657657,15.529210785453563,25.27721862868928,99.61604379612655
312,Volvo EX30,64.0,10472.516209451316,40,private,18,13,451.9669598301435,354.09830212348663,357.92211379138234,488.4005915484931,1531.0363371426115,6.25,21.653940753420887,20.80790287726003,7.45978451885887,26.71546267858187,99.5917797737143
313,Tesla Model 3,60.0,13564.024672365465,44,public,20,5,440.9022411064214,416.62509913836084,419.4375897333551,550.2718400507565,968.0,407.1629059618029,5.506241453238781,4.868347078300594,19.87555803950407,23.77629396869253,57.93771632626004
314,Tesla Model 3,60.0,6196.352252548048,40,private,17,14,211.79495824649914,171.28909604319327,173.05749485926262,251.3765816541855,788.0143625523065,1.6304347826086958,19.125036090879377,18.290078152923563,15.745947035805475,31.15607916996227,99.79309580382166
315,Tesla Model 3,60.0,6539.115317245016,40,private,20,13,224.50166782129722,188.2724803884021,190.8633243467487,265.28195759297347,831.6048827365935,0.0,16.137602800231065,14.983560612709812,15.372432464572706,28.05265534130539,100.0
316,Tesla Model 3,60.0,12692.886654931304,42,private,18,15,458.2819921715616,363.1043377886204,370.7189020281939,514.9310963282622,1614.204063724958,0.8152173913043478,20.76836009460976,19.106814502671487,11.001297952413324,28.006114862430998,99.94949725318972
317,Hyundai Kona Electric,64.0,11082.425901377035,40,private,14,15,356.00016157844345,311.2388206657928,324.933870464056,478.4174846588468,179.74133121895687,2.432718734860898,12.573404662005371,8.726482307380113,25.587970131923065,32.0815227529232,98.64654461032258
318,Volvo EX30,64.0,11498.477397571065,41,private,22,12,389.56021749423877,358.99809519317495,365.95154096547765,536.2477412842235,0.0,0.0,7.845288335048172,6.060340730020841,27.354432009110685,31.757000954617542,
319,MG4 Electric,64.0,8045.192533732378,40,private,16,14,356.7507181865307,283.2137743477456,288.80756050402226,396.6787116050666,803.5069329312443,1.9021739130434785,20.61297709857324,19.044995347979565,10.065575048627318,27.193582096848413,99.76326602359183
320,Ford Mustang Mach-E,91.0,10899.118173237697,40,public,2,4,404.150930656,404.10340863199997,404.3548578271306,555.8256000000002,0.0,0.0,0.011758484366941602,-0.05045817185169721,27.28817624521076,27.251487188224065,
321,Kia EV3,81.0,15337.685608778938,43,private,15,15,643.2912991783865,507.2957416988255,522.2546085927735,712.1037357195053,1286.3001119733688,16.847826086956523,21.1405871108866,18.815222705514813,9.663260152903309,26.66031894003609,98.6902103226043
322,Tesla Model 3,60.0,12754.99716735294,42,private,17,13,473.1554926533421,361.6254131235159,365.7976730896734,517.4508253012109,1622.102900630756,1.358695652173913,23.57154915488614,22.68975447408036,8.560297999734424,29.30774187542543,99.91623862754665
323,Volkswagen ID.4,77.0,11321.657333862759,40,workplace,9,7,390.1908315643461,370.20466720627815,379.6510147462485,558.6216483871366,0.0,0.0,5.122151199181135,2.701195406319923,30.151143857222007,32.03789795071774,
324,Peugeot e-208,51.0,9988.471936870186,41,public,16,5,363.8804156273125,350.1507107063021,359.38646960505673,430.8462227760673,899.6151184202722,1027.9550273757404,3.773136539195454,1.2350062903243697,15.542855805320666,16.585906848753286,-14.26609072342333
325,Hyundai Kona Electric,64.0,10085.885454406027,40,private,21,15,339.6180873713432,275.9596059084994,291.3653129941483,435.3978084396335,440.0,0.0,18.744137556265883,14.207951864599789,21.998209272468085,33.080666152561676,100.0
326,BMW iX1,66.0,6287.056622651961,40,private,16,12,257.37979491785245,217.00893513688624,220.37167302139522,303.45162164949534,511.2590020360358,1.902173913043478,15.685325957249797,14.37879842443307,15.182593680405043,27.378317563931954,99.62794319406245
327,Volkswagen ID.4,77.0,11514.232521817341,40,private,18,14,498.5431241162099,388.50367538844597,393.3797432610472,568.1234965495872,1760.0,2.717391304347826,22.072202665082564,21.094139256576973,12.24740269606226,30.7580577726181,99.84560276679841
328,Volkswagen ID.3,58.0,12801.60800757526,50,private,17,13,562.7479040657132,432.4362824130394,438.14551421631734,602.7915426193066,1889.6286602486073,6.5425732049721805,23.1563051077054,22.14177768574076,6.643032577994045,27.313924758724028,99.65376407848771
329,Volvo EX30,64.0,7499.393673496353,40,private,20,14,294.7689997623034,235.09268389069086,244.14152501801897,349.7448209328238,880.0,0.0,20.245112586375935,17.175304996492013,15.71883781549398,30.194384475270986,100.0
330,Skoda Enyaq,77.0,9501.497005848072,40,workplace,8,8,373.9061121243747,330.333068384477,341.29354674714847,466.1775245635573,0.0,0.0,11.653471908317925,8.722126844072054,19.793191987444814,26.78893151988122,
331,Volvo EX30,64.0,8415.152455408806,40,private,8,15,289.4902770809302,241.9027707537082,255.12501067827705,392.4525257342855,0.0,173.29760926657443,16.438378106190545,11.870957031501938,26.23559332704284,34.99213434773194,
332,Skoda Enyaq,77.0,8835.880883368807,40,workplace,11,9,279.69128903211487,274.2301529153257,282.04424927024183,433.5200100586332,0.0,118.79518668424231,1.9525585282572533,-0.8412704758412382,35.48364953343518,34.9408925248697,
333,Peugeot e-208,51.0,11067.12476273996,45,private,19,14,408.83864345352214,324.6548289893708,331.70623698433604,477.37320895072565,1485.0,2.717391304347826,20.590963161661502,18.86622209134561,14.356600708247457,30.514274625207406,99.8170106865759
334,Tesla Model Y,75.0,6385.159280575241,40,public,19,5,320.37034866610094,287.60549661149645,290.82096413825315,364.86465822932297,1143.7763580856517,395.18321995619556,10.227179946903565,9.223507934139374,12.194743601408685,20.293468391924176,65.44925787610988
335,Volkswagen ID.3,58.0,12295.25226000197,48,public,17,6,523.110933765014,463.6056457610191,471.22175322054136,578.9486814714534,1814.8861488133334,1298.4433268155433,11.375271316872382,9.919345438071403,9.64468000246972,18.607336314699552,28.455934954127404
336,Tesla Model Y,75.0,12600.942603154765,47,private,20,12,569.8402672765974,506.62226857749425,513.4073275323098,720.0507323684446,1034.0,19.49318549953527,11.093985864010103,9.903290972046275,20.861094689503858,28.698450754494477,98.1147789652287
337,Skoda Enyaq,77.0,10400.085332199162,40,private,17,14,453.236629071682,359.2035638365315,364.277201553084,510.2654910516001,1599.5783418545461,5.434782608695652,20.747013635625343,19.62759005175827,11.176311739676537,28.61026114026457,99.66023654693933
338,Tesla Model Y,75.0,5517.248363133854,40,private,3,15,232.78298809610735,180.96438655519725,193.5970036814536,315.26996429128525,0.0,0.0,22.26047614764535,16.833697657697964,26.163918399459796,38.593261138385884,
339,Ford Mustang Mach-E,91.0,8767.843209054767,40,public,8,3,309.6546117829999,309.240789242,309.4261776506523,416.8692000000003,0.0,0.0,0.13364003804661184,0.07377062173635762,25.71899968071528,25.7737972364828,
340,Tesla Model Y,75.0,13650.055235684906,50,private,5,15,616.2527231897751,510.32690323912607,540.4278461096594,779.9997650067799,0.0,57.316482732211895,17.188698072175356,12.304185316640847,20.993216814056538,30.71435782997166,
341,MG4 Electric,64.0,5000.0,40,private,17,14,234.47198098858692,181.73617878206514,183.13907915217382,246.53152173913014,772.8260869565213,0.0,22.49130236550043,21.892979118435374,4.891683085988552,25.713727047868417,100.0
342,BMW iX1,66.0,10188.923727296193,40,private,18,13,437.35959836107867,352.78205469336103,356.48271353125574,491.7794786150449,1541.6284596082921,4.573320185859509,19.338215963398486,18.49207954573161,11.065911169621012,27.511673619406306,99.70334485216875
343,Volkswagen ID.3,58.0,8365.798295156703,40,public,13,4,260.89737095710547,260.77512469878155,264.6756493693304,393.92179924548606,0.0,0.0,0.04685607136455383,-1.4481856978337149,33.76924773982406,32.81010345802452,
344,Renault Megane E-Tech,60.0,12712.008960470792,47,private,18,13,562.3295958577016,419.4710723327972,421.8520886288249,587.5531993732732,1841.8595591638666,0.0,25.404766986700633,24.981346929572734,4.2929905823807735,28.201890640915085,100.0
345,BMW iX1,66.0,9471.500444805819,40,private,18,15,421.3683984538243,322.28586188218804,328.094701578521,457.15226407773173,1433.079197735836,0.0,23.514467846950847,22.13590226926444,7.827559532292494,28.23076087342017,100.0
346,MG4 Electric,64.0,11834.659305410989,44,public,18,6,507.0670880551185,462.6236032448388,467.1430455802537,583.5233135654261,1829.2266882928732,889.5803065662313,8.764813543853723,7.873522737986304,13.102514283987576,19.944407580576218,51.36850384593761
347,Volvo EX30,64.0,12188.358317980314,43,private,19,15,494.0911588144588,401.60180971180023,410.8110931945301,568.421312839244,1419.0,4.619565217391305,18.71908603355321,16.855202554070004,13.07659518491816,27.72771113339445,99.67444924472225
348,Volkswagen ID.3,58.0,14971.334589008744,59,public,13,5,484.85055898778865,484.6152464505094,490.1209401590775,704.957835503019,0.0,127.28382083637062,0.048533003193906854,-1.0870114664385921,31.22275765020386,30.475141139561313,
349,Tesla Model Y,75.0,10505.55714335094,40,private,17,12,569.2701239722958,439.4027383882599,445.26450108731444,600.3149409723163,1881.8650187219937,29.147598762186682,22.812963497511074,21.783265564629595,5.171421679050326,25.828182725865567,98.4511323356241
350,Volkswagen ID.3,58.0,11773.537169473519,46,private,18,15,525.278918183227,400.9313547324052,407.3448399292001,554.3825922706815,1737.876464798373,2.717391304347826,23.672673535214493,22.451705974022996,5.249745301029285,26.522793895680095,99.84363725734308
351,Tesla Model Y,75.0,7697.728500710915,40,public,17,3,383.18760478900015,383.0109864130002,383.23209048634794,416.8692000000003,1306.8000000000002,1306.7999999999984,0.04609188131156072,-0.011609377963117673,8.079655491698635,8.06898411147966,1.4432899320127035e-13
352,Volkswagen ID.4,77.0,13557.0057036133,42,workplace,9,7,463.04020733493894,440.44893890748904,451.3471591384751,668.9159237044685,0.0,0.0,4.878899946394622,2.525277073402332,30.777517633215556,32.52557711006394,
353,Volkswagen ID.3,58.0,9284.48562272371,40,workplace,9,7,312.80617927745675,288.393662279012,296.7474361157085,437.18018921034337,0.0,0.0,7.804358933968192,5.133767881069973,28.449141338617643,32.12239633920546,
354,Kia EV3,81.0,9721.948380647837,40,private,19,15,389.1327613012044,312.191506074069,322.1874252131181,451.3742123106842,1320.0,1.1350241350202548,19.77249486007162,17.203726528763774,13.78932365029274,28.620772648094007,99.91401332310453
355,Volkswagen ID.4,77.0,10901.277329280229,40,private,19,13,466.4276615831986,377.6966014093872,382.8404231255665,537.8796877197259,1320.0,1.358695652173913,19.02354158684134,17.92072926676591,13.28401643859044,28.82415308364388,99.89706851119895
356,Renault Megane E-Tech,60.0,7527.283283705729,40,private,10,12,236.38565000086894,216.7355179833006,220.78749685904998,347.9134879217758,0.0,148.92177093227835,8.312743187877981,6.598604078446224,32.056198392050426,36.539540856004,
357,BMW iX1,66.0,11451.006363354374,41,private,17,12,483.3026325412359,385.7150742012448,391.92667463559957,552.6952688733461,1732.5870497597064,20.10869565217392,20.191811873001708,18.90657152541788,12.555315784331789,29.08810755074289,98.83938324166958
358,Kia EV3,81.0,13068.751137705773,40,private,21,13,469.449497029075,419.159284176067,428.65551195355175,606.7608075772587,440.0,8.693091775510958,10.712592764774719,8.689749447744477,22.63022081080934,29.353460770623162,98.0242973237475
359,Volkswagen ID.3,58.0,11591.525073459068,46,private,4,14,414.32331384593834,320.2798297775231,339.83329290111277,545.812157051371,0.0,0.0,22.698091303494515,17.978718178655008,24.090493681154324,37.738049893027906,
360,Ford Mustang Mach-E,91.0,7470.3143344485925,40,private,20,15,325.3307147095112,267.4838314697712,280.00749409889875,392.94096996406114,880.0,1.6304347826086958,17.780947394220583,13.931429945396234,17.206211727103348,28.74057033948163,99.81472332015811
361,Tesla Model Y,75.0,10678.857645418046,40,private,11,14,407.96480580611126,391.95941345030644,409.4196837046093,610.217783748697,0.0,226.04643694507413,3.923228702088466,-0.3566184822299423,33.14439259703362,32.90597314462755,
362,Tesla Model Y,75.0,12575.043297525084,46,private,18,14,641.3031256304879,535.308916529018,541.4592289130294,718.5707784813585,2024.0,24.56839014329554,16.527942070649225,15.568908481351684,10.752963405243054,24.647752854999215,98.78614673205061
363,Tesla Model Y,75.0,6837.204602534662,40,private,17,15,367.3942105863494,271.7305852748474,276.0296281291215,390.6957071747502,1224.7514331496866,5.0753075678726205,26.038413931135697,24.86826951121874,5.964103562053868,29.349203725532856,99.58560509255167
364,Hyundai Kona Electric,64.0,8596.262429739207,40,public,0,6,266.7033611600222,259.84965477194004,261.9181544388338,371.0922397046822,0.0,0.0,2.569786281759656,1.7942056299460218,28.130170177563773,29.41966271047055,
365,Tesla Model 3,60.0,12869.63049293853,42,workplace,17,7,466.7358531388367,413.7334958342446,420.69925200840225,522.1013248782009,1636.6812692106614,761.8007403220194,11.355964395738393,9.86352362280175,10.604353810494583,19.421914490152727,53.45454520357402
366,Renault Megane E-Tech,60.0,11541.509000892058,43,private,18,15,513.404674691674,374.9431301668216,377.92404026286994,533.4523095567747,1672.2642932814263,0.0,26.96928005340148,26.388663973534555,3.7580931802052797,29.155046572603148,100.0
367,Hyundai Kona Electric,64.0,11852.21776485759,40,workplace,18,8,452.7677119733991,386.97944294298156,390.9576225172872,511.64864634804474,1603.9142518747487,230.81567053998762,14.530247473627877,13.651611592777046,11.50807977210837,23.588653012610237,85.60922628686684
368,Tesla Model 3,60.0,15022.293628695052,49,public,12,6,434.85194197404104,434.0936622278402,440.5950712738059,609.4315925041141,0.0,67.09590546205156,0.17437653440354195,-1.3207091300302176,28.646307916650137,27.703933190691686,
369,Audi Q4 e-tron,77.0,11976.130584928584,40,private,21,12,494.78668481442446,447.3714273397762,456.65210955465074,618.3211133332405,440.0,7.608695652173913,9.582969576562462,7.707275969658833,19.97900861784707,26.14644725732651,98.2707509881423
370,Renault Megane E-Tech,60.0,12390.774742848664,46,private,21,12,462.0149605047257,397.898286566757,401.65928266593545,572.7056490844896,1012.0,0.0,13.877618566274297,13.0635765068852,19.327675352375294,29.866366202600545,100.0
371,Volvo EX30,64.0,16886.532704608133,60,private,18,15,704.9131115494096,570.9575911552159,579.2070866256613,787.5273140843093,2468.7376617062937,5.16304347826087,19.003125094347784,17.832839659833333,10.49032853304379,26.452444725789682,99.79086301641738
372,Tesla Model 3,60.0,10481.768017781826,40,private,13,14,253.8683807060915,242.66738650835566,264.74175190896625,425.22937796486013,0.0,21.88770196526887,4.4121265383984305,-4.2830742342281125,40.29848503856886,37.74142483381196,
373,Tesla Model 3,60.0,9202.636747675495,40,public,18,3,340.2486774635759,335.36198478283535,336.04971101234486,373.33696884075306,1170.3353255196005,1170.3353255196,1.436212101445622,1.2340875157936693,8.862848884191521,9.98756108836173,3.3306690738754696e-14
374,Tesla Model Y,75.0,11886.87411216122,44,public,17,6,637.5392395889826,585.4988900113257,591.0776247767651,679.2469960057069,2129.3009279175735,1650.0236376898242,8.162689658319222,7.287647869670099,6.140293098384775,12.98045802887895,22.508668640673335
375,Tesla Model Y,75.0,11911.39035436168,44,private,22,12,525.8147892719352,483.3748010005935,496.61524008770806,680.6479180404558,0.0,0.0,8.071280826867921,5.553200438629357,22.747903088321465,27.037866872871174,
376,Ford Mustang Mach-E,91.0,9796.493291637804,40,workplace,10,9,338.3645626482902,327.1970234097633,336.20127252307253,515.2987416488305,0.0,23.64130434782609,3.300445871494795,0.6393370831407896,34.336233470005,34.756046279618246,
377,Kia EV3,81.0,8689.050527174884,40,private,16,12,350.92000687629064,282.2199607381322,290.9376343785388,403.41844904652214,824.6346365094755,8.518039825780354,19.577124356542363,17.092890494242287,13.013396460749716,27.88192134837445,98.96705286818468
378,Tesla Model 3,60.0,16008.55928437727,52,private,10,12,430.3236866560755,411.5050086507389,426.2263350222189,649.4428893161004,0.0,464.068025976618,4.373144818397345,0.952155728562365,33.739564519794754,34.37046705198989,
379,Skoda Enyaq,77.0,11665.78720014977,40,public,18,6,514.9456575095877,457.72773634521565,462.7283950942163,572.3653647108266,1760.0,926.3586956521727,11.11144842760553,10.14034425844229,10.032002413397045,19.155067091105636,47.365983201581095
380,Volkswagen ID.4,77.0,9346.295014729454,40,private,22,15,355.38613624664595,272.19930957733703,294.19925437741273,461.15533914143947,0.0,0.0,23.407448458140024,17.217014291961053,22.935699517587803,36.20387114564452,
381,Ford Mustang Mach-E,91.0,12955.887361992322,40,private,3,12,523.7802429077072,435.74513040985386,460.52859416554077,681.4838999866746,0.0,0.0,16.807642840657056,12.075989806532617,23.1412153804442,32.422674376526615,
382,Renault Megane E-Tech,60.0,10710.972118080677,40,private,19,12,445.5254235158863,342.56340219479097,344.0016890457636,495.06462400598826,1551.9267210219073,0.8152173913043478,23.110245989682333,22.787416634710322,10.00661289211865,30.513780956079263,99.94747062601206
383,Kia EV3,81.0,10396.18963256395,40,public,21,5,375.5564684592352,361.21702731556513,364.35067420468755,482.67813433076077,440.0,152.23637909787723,3.8181851060905214,2.9837841165459733,22.19318801752872,24.514775315052482,65.40082293230063
384,Tesla Model 3,60.0,12181.37758949274,40,private,7,12,370.4958590620446,283.6495276965877,297.23728897477974,494.1799519267801,0.0,7.608695652173914,23.440567348126084,19.773114407466753,25.028148629360246,39.852418574272775,
385,Cupra Born,58.0,8120.777832572599,40,private,9,14,286.74240500731565,241.96901483040395,253.87834656302442,388.01606099977494,0.0,178.4286071009244,15.614499074794818,11.461178350461543,26.1003773224011,34.57014487779884,
386,Skoda Enyaq,77.0,11722.253576578607,40,private,19,15,490.11205587879476,400.0913845903489,408.61188370655424,575.1358076808627,1320.0,7.30160002950742,18.367365219579103,16.628885413991046,14.783247828875723,28.953843900936704,99.44684848261306
387,MG4 Electric,64.0,15139.371028932537,57,private,19,15,612.5163522122441,501.13371707328736,514.1646056551753,746.466435587208,1881.0,6.521739130434783,18.184434543938732,16.05699932774837,17.94455544000342,31.120197621382996,99.65328340614383
388,Tesla Model Y,75.0,11970.92908021211,44,private,7,12,542.4996680821995,470.631864649159,490.0331169566615,684.0501161539646,0.0,36.42360022867756,13.247529475382292,9.671259580860847,20.692993792271388,28.362980228430246,
389,Peugeot e-208,51.0,10126.095492714212,42,public,20,3,367.90821722521616,367.51371203181094,367.7268526595996,436.7825251029064,924.0,912.7024774930946,0.10722924222258401,0.04929614428957896,15.768558474600914,15.810081327552473,1.222675595985423
390,Volkswagen ID.3,58.0,9839.43943586215,40,public,16,5,383.04574967264415,370.14517208548085,378.6113402422617,463.31139592329924,1012.3868210761746,1099.3060839095822,3.367894722285336,1.157670965980473,17.324341027852252,18.281453127705838,-8.585578261579085
391,Tesla Model Y,75.0,10051.35545837421,40,public,21,3,336.00971083900004,335.76305125000005,335.88968694073924,416.8692000000003,440.0,434.7826086956524,0.07340847036357845,0.03572036592666139,19.396848978288684,19.425640718782056,1.185770750988091
392,Volkswagen ID.3,58.0,10393.82173507536,41,public,20,5,407.8545655237828,383.5222723631535,386.3544255993031,489.4156916606648,902.0,344.1482476001805,5.965923938936624,5.271521209249763,16.665000229177817,21.05802241682495,61.84609228379374
393,Hyundai Kona Electric,64.0,10122.603693259385,40,private,20,13,362.7347845686373,311.26475976390793,315.98619984176173,436.9828988909166,880.0,1.9093521687715598,14.189437295333363,12.887814104310058,16.991080088196718,27.689115376425544,99.7830281626396
394,Tesla Model Y,75.0,12956.722055953302,48,private,18,14,639.789778329157,503.8978244209294,510.56793719493925,740.3808984216648,2112.0,11.37988201182536,21.240094560922216,20.197546992964945,13.586401311398877,31.03982851484123,99.46117982898555
395,Kia EV3,81.0,7154.272063972327,40,private,15,12,248.85842795730005,224.25708069756658,234.61621986027802,332.1611873562179,161.25764061510264,8.257366524393577,9.885679766471345,5.7230161798923485,25.079016625016425,29.366756625701196,94.8793951760074
396,BMW iX1,66.0,12837.780110402573,46,private,18,15,571.1088755189742,448.908633161133,457.0696294710416,619.6294111373953,1942.41194713917,2.4456521739130435,21.397013353503947,19.968039534371375,7.830573363094007,26.235000912554817,99.87409199281774
397,Volvo EX30,64.0,10118.486509937791,40,public,7,5,367.60081624425374,337.4892825079857,346.37446826552656,471.8899162523213,0.0,0.0,8.191367484956913,5.774292939715142,22.100302722362862,26.59845944232493,
398,Kia EV3,81.0,11775.515650672865,40,workplace,13,7,384.9484350538128,382.8761915031322,392.8589802104352,546.7179924504414,0.0,332.55067201091185,0.5383171775697471,-2.0549622848879956,29.589214115958086,28.142299021547778,
399,Kia EV3,81.0,8481.896476660108,40,public,8,4,282.910716058961,263.0110342153633,269.39552220294803,393.8006242322906,0.0,0.0,7.033908832018387,4.777194036438082,28.15889598689898,31.590884923524122,
400,Volvo EX30,64.0,13859.702036400266,49,private,18,12,573.400875156174,467.38741817444827,472.02942180359946,646.3667888290993,2026.228178147647,5.7065217391304355,18.48854118906803,17.678984763489346,11.288623570079126,26.971894292606514,99.71836726975403
401,Ford Mustang Mach-E,91.0,13677.940562776403,40,private,6,13,569.0255649592046,485.2071555497021,510.5922170774696,719.4641338000479,0.0,19.97129302644512,14.730165843341636,10.26901979103949,20.909807976981497,29.031595448596402,
402,Renault Megane E-Tech,60.0,13051.503251392662,49,private,16,13,500.805471780135,422.2563169500491,427.5630137575868,603.2447362043417,813.0493297941756,35.59782608695654,15.684564018615754,14.624931665024477,16.98137725473773,29.122794100476813,95.6216892650329
403,Tesla Model Y,75.0,7632.687041012149,40,private,14,12,324.47355274257444,292.83959927853374,308.22665091133473,436.1516488809322,47.24654821608927,96.70294140184846,9.749316453269753,5.007157499868542,25.605336223054266,29.330394209863584,-104.67726226170609
404,Cupra Born,58.0,12765.775145634656,51,private,18,14,538.1663042485326,421.10248090174645,426.25789145294783,609.9570619639535,1912.0911033352759,2.173913043478261,21.752350978244163,20.794392349005918,11.769805153868928,30.11673804046582,99.88630703632863
405,Audi Q4 e-tron,77.0,11836.632641922202,40,private,20,14,510.36169026052676,441.7437290291432,452.31747158577963,611.1189103499206,880.0,6.793478260869565,13.44496707743793,11.373153546285387,16.487334687728982,25.98535834428898,99.2280138339921
406,Volvo EX30,64.0,7434.455968779677,40,private,6,12,272.95502838945123,214.14667290947153,224.0845909945104,346.71635931356144,0.0,1.0869565217391304,21.545071298731365,17.904208500314812,21.27425745648256,35.36947854489496,
407,Peugeot e-208,51.0,10896.788729541913,45,public,20,3,396.96763812200004,396.55376367199995,396.749375707348,468.97785000000044,990.0,978.3221739130416,0.1042589899665547,0.054982420150062605,15.354714914147937,15.401254940431064,1.1795783926220604
408,Tesla Model Y,75.0,11748.330530982845,43,private,20,12,539.8402124873925,481.6139677239069,487.606286192259,671.3302543591362,946.0,13.071912828765752,10.785829476318497,9.675812413910045,19.586491301105813,27.367151558254054,98.61819103290003
409,Cupra Born,58.0,12167.8048496727,49,private,17,14,522.9493028455769,399.3253066971504,403.97960854210646,581.385651242264,1822.5255524835861,5.944399030277241,23.639766890545367,22.749756746229245,10.05121957719879,30.514348319585938,99.67383727365706
410,Hyundai Kona Electric,64.0,11338.202393617994,40,public,18,4,437.15548112769335,425.084508527935,426.3284877843918,489.4591056127564,1534.3545630493918,1534.3545630493913,2.7612538606675785,2.476691660223962,10.686004997206833,12.898037262853867,3.3306690738754696e-14
411,Hyundai Kona Electric,64.0,11587.796802895762,40,private,17,12,448.94657998784356,366.7800565565378,373.90921201669596,500.2338520928333,1568.1311977831772,21.0696033674197,18.302071358585835,16.714097248091175,10.252659209371506,25.25311702669295,98.6563877182467
412,Tesla Model Y,75.0,14177.208949034279,52,public,9,3,374.6089517499999,374.16031024899996,374.3618182881741,541.9299600000006,0.0,0.0,0.11976262150279471,0.0659710507907807,30.87502456036948,30.920627033025873,
413,Audi Q4 e-tron,77.0,13635.01426270439,44,workplace,11,9,459.8104363257766,458.67902356482244,471.0651396834399,703.9683760495894,0.0,219.94311038332225,0.24606069622842286,-2.4476833208912474,34.683083506383774,33.08433223564906,
414,Tesla Model Y,75.0,5000.0,40,private,8,13,242.20891123478253,189.29574906956526,196.72392670652184,285.7130434782608,0.0,112.01086956521739,21.846083984055596,18.779236608751493,15.226512487445598,31.14632628891859,
415,Volvo EX30,64.0,10254.809564905476,40,workplace,16,9,416.6196684000315,358.80272077574307,367.0426062745773,478.24753455114376,1059.208572260637,322.0056089868754,13.877632769073578,11.899837162236693,12.886185855396558,23.252587884417885,69.59941437222052
416,Tesla Model Y,75.0,10589.414249678746,40,workplace,17,8,536.3661545232251,472.1740616024622,478.00881141001,605.1067547855561,1896.8863786381075,642.0978130097493,11.967961136142735,10.88013153348365,11.360078154588106,21.004218242546024,66.14990648671582
417,Renault Megane E-Tech,60.0,7112.904125727933,40,public,19,3,297.0599836717898,267.7573276456784,270.4761075376278,328.7607481164036,1030.5979564777542,1030.5979564777542,9.864221920407413,8.94899265985738,9.642502831082977,17.7285886203602,0.0
418,Volvo EX30,64.0,11156.260897528764,40,public,17,4,462.5412290467926,457.46427734512343,458.5759299766342,520.2879912379564,1630.996837736541,1630.9968377365412,1.0976214406079543,0.8572855393518264,11.098999623989592,11.86113504455225,-2.220446049250313e-14
419,Audi Q4 e-tron,77.0,13684.77952157901,44,workplace,12,7,492.458920601509,491.8085776501566,499.2237759352345,706.5377293189493,0.0,204.4708998166672,0.132060345370133,-1.3736892663986255,30.29969948296981,29.342233936119776,
420,Hyundai Kona Electric,64.0,8570.416387496607,40,private,23,14,273.3531490279779,228.79377807587932,240.16850930685186,369.976491345241,0.0,0.0,16.301027118417387,12.139841753836745,26.116076177148162,35.085467610767665,
421,Tesla Model Y,75.0,11686.71805573082,43,private,15,13,559.9992920035284,471.3677605422658,484.50836738916536,667.8095567950389,1147.446886504824,72.64136175856619,15.827079199361583,13.480539295733141,16.14386372499895,27.448123127434,93.66930507957234
422,Tesla Model Y,75.0,8944.3465847208,40,workplace,7,8,397.04067073232716,338.6239173882665,354.02952551008474,511.1032969289933,0.0,0.0,14.713040161934321,10.832931836154192,22.316941972791206,30.732294697118835,
423,Tesla Model Y,75.0,9478.512668141508,40,public,17,3,400.43840962400003,400.179691175,400.4189475683915,416.8692000000003,1306.8000000000002,1306.7999999999984,0.06460879945131559,0.004860187020216955,3.9414738186463016,3.9461424426675773,1.4432899320127035e-13
424,Volkswagen ID.3,58.0,14185.492058832377,56,private,17,15,631.4117110367661,485.8986703208889,492.5865126737914,667.9547316163372,2093.9019799885173,3.2608695652173916,23.045667061978858,21.98647822591481,5.470882808351885,26.254506576843085,99.84426828015917
425,BMW iX1,66.0,9761.798373955104,40,workplace,9,7,319.73321571458945,296.3712257416467,305.43015704437875,471.16380916934975,0.0,0.0,7.306713480089877,4.4734353414749295,32.13969123004773,35.17537826539677,
426,Volvo EX30,64.0,11962.245350933268,42,private,0,14,391.79448387906245,340.1434886497282,359.4562804633497,557.8762151135514,0.0,0.0,13.183185918788398,8.253868991604996,29.770355275082714,35.56701814394702,
427,Peugeot e-208,51.0,6852.032325826438,40,public,17,6,268.8466928155502,230.80697239331909,235.90300730501104,295.557945657789,926.5139362313132,558.0706249271373,14.149223865784855,12.253706811688813,9.037568853982469,20.183838475399764,39.76662378148951
428,Tesla Model Y,75.0,15028.475459454787,56,public,11,5,576.6985781789217,576.520202145312,579.1208643070858,858.7662924718364,0.0,0.0,0.03093054853245958,-0.4200263742305532,32.84569000502139,32.56362419160994,
429,BMW iX1,66.0,12269.808857411233,44,private,13,14,406.7971337966377,378.87139693221746,401.79451688043406,592.2156612517115,0.0,63.40876889224848,6.864782109890822,1.2297571690130238,31.30929146033926,32.15402037305157,
430,Ford Mustang Mach-E,91.0,10550.325344595927,40,private,5,15,426.6720587236221,344.2394666639241,362.33837384218316,554.9505534492275,0.0,27.445652173913047,19.319894606244638,15.078016843636643,23.11530170180137,34.70798946138297,
431,Renault Megane E-Tech,60.0,12210.446856899769,46,private,17,12,488.6015173257408,387.5765572990083,391.22689129316547,564.3708353933608,1769.1875717660205,26.358695652173903,20.676350040759537,19.929251666170668,13.42544889209407,30.67910906124619,98.51012430378637
432,Skoda Enyaq,77.0,7862.495450604295,40,private,21,15,317.48020781472076,244.8955761199828,258.6400964584237,385.76222923598004,440.0,0.0,22.862726528482636,18.533473869538252,17.700546151575026,32.95349392534557,100.0
433,Peugeot e-208,51.0,13539.742324438319,56,private,17,14,510.9641034069542,403.7664416175107,409.3738728612334,584.027954897914,1830.8086360436155,13.1933176591738,20.979489767418478,19.88206800993414,12.510334630083086,29.905089400593766,99.27937210916349
434,Tesla Model Y,75.0,10240.473341662819,40,private,19,13,487.0565276259248,397.3317251869267,402.25613751918803,585.1673610208961,1320.0,7.880434782608697,18.421845791975432,17.410790184885116,16.76628601154463,31.257933317161957,99.40299736495388
435,Volvo EX30,64.0,10503.087762043928,40,private,19,13,440.7303440954597,358.0782783525508,363.08555517281087,489.82633910258255,1320.0,4.220940434505881,18.753432081592038,17.617300456587447,10.023143119880462,25.87463633784479,99.68023178526471
436,Tesla Model Y,75.0,9873.274203225588,40,private,17,14,501.6157395683436,409.19046181088675,414.8633275514001,564.1846443397965,1768.6039007517138,11.606401866618942,18.425513887780266,17.29459527956533,11.090146709801086,26.466745999996288,99.34375346216946
437,Volkswagen ID.4,77.0,9678.37342798717,40,private,20,15,400.37238388917297,323.7731230704899,337.15245818566376,477.5404129108921,880.0,0.0,19.132004079453825,15.79028130996395,16.159476127126958,29.398130698401093,100.0
438,Skoda Enyaq,77.0,12471.328639466215,40,workplace,14,9,457.71223950777215,437.8010801445774,451.79427685151376,611.8881171658104,598.144567917902,627.3622289359976,4.350147897422929,1.2929439384497643,25.19674321707075,26.163907391408646,-4.884715599742062
439,Volkswagen ID.3,58.0,11510.436001728249,45,workplace,12,7,365.5978561080106,363.97083350426493,371.44292160511486,541.9939018283347,0.0,99.3189584858035,0.44503067415827546,-1.5987690845149283,32.54576206951382,31.46732456728606,
440,Peugeot e-208,51.0,12377.328429672658,51,workplace,0,8,404.75128257336434,389.96611025519275,394.41477844979204,533.8879896432147,0.0,0.0,3.6529031419416547,2.553791567466801,24.187977548652018,26.124058585140574,
441,Tesla Model Y,75.0,10930.7396300266,40,public,3,5,482.8853689757085,480.5222935920703,482.2324817329624,624.6109774326673,0.0,0.0,0.48936570363494747,0.13520543066587454,22.69022056568589,22.794747585916898,
442,Skoda Enyaq,77.0,12073.907586259027,40,workplace,20,8,478.10245088517,429.8410275859496,434.4358489766328,592.389214763427,880.0,65.2377049112477,10.094368520777941,9.133314800560388,19.29251259645196,26.663781488640627,92.58662444190367
443,Volvo EX30,64.0,10032.721250804167,40,private,20,15,394.3324852704827,309.40830814918417,322.30511081628754,467.8901322025852,880.0,0.0,21.536185907444803,18.26564565300517,15.721136623640907,31.11521516834701,100.0
444,Volvo EX30,64.0,15833.112732686912,56,workplace,17,9,713.5154895177507,574.1415326841668,582.9025630868306,738.3995851655419,2314.7322418982476,331.6420344158203,19.533417127045638,18.305548842282104,3.3700040124226893,21.05865512422389,85.67255303171265
445,Skoda Enyaq,77.0,7516.232388017208,40,private,21,12,294.2231192983842,254.11030775840374,258.53709444816764,368.77332135490707,440.0,0.9116000789248577,13.633466885822909,12.128898957809575,20.21572541707155,29.892679465456283,99.79281816388071
446,Cupra Born,58.0,13711.452738602935,55,private,1,14,478.4117967438572,411.18369509433114,432.90894853347646,655.1421541022345,0.0,0.0,14.052350319764406,9.511230391909232,26.975879395298175,33.92137174767702,
447,Volkswagen ID.3,58.0,13945.717317078926,55,private,20,12,541.0936797355158,466.9373555635698,472.7255933261966,656.664416651438,1210.0,4.3478260869565215,13.70489564915881,12.635166325124558,17.59966491031415,28.011084301355925,99.64067553000359
448,Tesla Model Y,75.0,9083.77221493535,40,public,15,4,423.3067632685474,423.1110962627594,424.4440976349043,519.070441158488,747.1800663275504,760.8480830921139,0.04622345371407821,-0.268678524664967,18.449071705221808,18.229961874228827,-1.8292801669272274
449,Volkswagen ID.3,58.0,15832.109207117583,62,workplace,15,8,631.8185832434131,565.6670606510526,582.7435875346504,745.4892796458427,972.9569894854001,1078.787155762545,10.470018506384305,7.76726057293825,15.247797588240408,21.830721990865833,-10.877167996204928
450,Tesla Model Y,75.0,13130.123719650246,48,private,0,15,554.3611775428388,419.17797933978704,447.7557534679319,750.2895218374756,0.0,0.0,24.385401373566673,19.230319220300895,26.11369859128566,40.322270212255106,
451,Audi Q4 e-tron,77.0,13076.794424942176,43,private,16,15,573.7469777018621,454.09455865766756,466.8704771256174,675.1477892062725,1643.4507498629232,4.891304347826088,20.85456197494253,18.62781064300111,15.019054068683356,30.849143759400178,99.7023759703031
452,Skoda Enyaq,77.0,11011.36858958667,40,private,19,13,453.26082371285025,365.86613952957543,371.33960917943534,540.2572403054976,1320.0,4.3478260869565215,19.28132316121833,18.073747001199823,16.102776622383395,31.2661485166853,99.67061923583663
453,Tesla Model Y,75.0,10474.274713501098,40,workplace,15,8,508.44365971055873,456.0266495083774,467.91234537607517,598.5273813243571,996.2613834619367,917.2503854225388,10.309305505357413,7.971643182168265,15.050893981570358,21.822733599801392,7.9307498364375455
454,Tesla Model Y,75.0,10491.394668783258,40,public,17,5,557.612746060348,534.8762505389662,538.3275153058967,599.5056602299333,1879.3280884950861,1879.3280884950852,4.077470553178674,3.458534778967215,6.987909697719585,10.204765189468345,4.440892098500626e-14
455,Tesla Model Y,75.0,11805.262005939743,44,private,16,14,575.1780422168096,459.89183723116145,469.62665879785146,674.5834673550647,1630.6817158465979,16.77407008788882,20.043568516857903,18.351080130275765,14.735822911286,30.382720371256145,98.97134616002117
456,Cupra Born,58.0,14018.597942324233,56,private,16,14,599.5661901616663,477.5982880929826,486.5713974053431,669.8177522481267,1483.7421700568234,3.2608695652173916,20.34269177783298,18.846091492559893,10.488160675149805,27.35764381098428,99.78022667070974
457,Kia EV3,81.0,11347.078137116509,40,private,22,15,402.56863000755175,327.4510394756909,350.0420845856536,526.8263372354436,0.0,0.0,18.659573780115892,13.047848616747116,23.58608490986659,33.556456872956886,
458,Renault Megane E-Tech,60.0,8953.938465329335,40,private,17,15,375.4334796002351,284.48655971779175,285.70240596844667,413.85395563006506,1297.347823291739,16.847826086956516,24.224509753175038,23.900658440833478,9.283583135344776,30.965404079928682,98.70136398393079
459,Volkswagen ID.3,58.0,12755.495266623106,50,public,15,6,535.6199938176821,504.87209548399676,517.5686239631701,600.6202239664847,782.8220187037157,1055.7060106053214,5.740618103989514,3.370182230474472,10.822184727570816,13.827639611407584,-34.859008226860745
460,Volkswagen ID.3,58.0,12967.320134604595,51,workplace,12,7,373.6544363145692,373.12592272571504,381.5039878680751,610.5944583642364,0.0,86.47536548505133,0.1414444838570561,-2.100751601112427,38.80481042759906,37.519251502853066,
461,Tesla Model Y,75.0,12383.704367300652,46,private,17,13,640.022607364166,514.273809700206,520.9956788110671,707.6371728633007,2218.298347533857,16.702137989866443,19.64755560461168,18.59730065525229,9.554976489653166,26.37530943958599,99.24707431674217
462,MG4 Electric,64.0,12582.642605289711,47,private,18,13,543.4311660178032,430.6064027726531,435.41544026487566,620.4036057963382,1944.838889643691,2.989130434782609,20.76155551988601,19.876615937295895,12.406833077595447,29.81739045407631,99.84630447022117
463,Volvo EX30,64.0,10356.6673949544,40,private,17,14,434.24898754650667,337.3306990920271,341.0355340727419,482.9978183850175,1514.0997441536606,0.0,22.318598599864316,21.465439447635315,10.092971227387848,29.391910047740964,100.0
464,Volkswagen ID.3,58.0,8915.513723984031,40,private,20,14,351.3249342866949,290.02101302650794,297.779531772417,419.8063452453623,880.0,1.6304347826086958,17.449351092786525,15.240991255856251,16.312619314661003,29.06740568716866,99.81472332015811
465,Skoda Enyaq,77.0,9048.656386896691,40,private,21,14,347.0845061451429,289.81141623054657,300.85644163992316,443.95953947819174,440.0,1.0869565217391304,16.501194637206307,13.318965176131536,21.820689661700033,32.23336478059801,99.75296442687747
466,Hyundai Kona Electric,64.0,7368.335485877291,40,private,22,13,247.57324462572893,214.18527201195275,223.40063655141458,318.08383477104303,0.0,0.0,13.486098897419529,9.76382084859675,22.167297560427013,29.766743188248313,
467,Ford Mustang Mach-E,91.0,11468.91745928563,40,public,17,4,491.1260254119998,490.5202553679998,490.8843249659131,555.8256000000002,1742.3999999999985,1742.3999999999974,0.12334309579539182,0.04921352841849025,11.640265325670573,11.683750268805015,6.661338147750939e-14
468,Tesla Model Y,75.0,10767.24716473376,40,private,17,13,553.9213940657763,450.48119384123817,456.4670455481936,615.2685914637509,1928.741666030571,22.282608695652172,18.674165925473353,17.593533949333317,9.970799460448143,25.810117421687572,98.84470745418639
469,Volkswagen ID.4,77.0,9986.426927079938,40,private,19,15,434.69826740803614,348.17126608958137,356.9142862470094,492.74007391281384,1320.0,4.619565217391305,19.905071587790545,17.893786792578503,11.779396395318908,27.56540311146637,99.65003293807642
470,Tesla Model 3,60.0,5000.0,40,private,20,13,177.57598966249998,139.5705439173913,141.50046610054343,202.8423913043479,635.8695652173906,0.0,21.402356150367872,20.31554132432065,12.456174214559434,30.24117631889188,100.0
471,Kia EV3,81.0,8218.37474136977,40,private,18,12,374.8968831987342,278.53211374146895,280.78612588900063,381.5657397177637,1196.1308455102305,0.0,25.70433998678563,25.103104754233208,1.7477608246385778,26.412123348209317,100.0
472,Tesla Model Y,75.0,13404.641026572936,50,public,18,6,680.6814837700257,628.4134931149069,633.9900832216049,765.976156887143,2200.0,1315.5813491078466,7.678773685105556,6.859507958085709,11.135421429270998,17.231094268249482,40.20084776782515
473,Tesla Model Y,75.0,9494.469059861744,40,private,19,12,452.8147529129004,381.1056950987532,384.9917218596352,542.538730260656,1320.0,9.349606065099074,15.8362900839365,14.97809658739433,16.537801329805312,29.038850060590015,99.29169651021977
474,Volvo EX30,64.0,11739.695774068483,41,public,18,5,504.1672581755866,472.90571084892935,476.55542642066064,547.497301124234,1716.2924800132714,1270.1216617606613,6.200630211446567,5.476720534142576,7.914202108334278,12.95748391049617,25.996199566705556
475,Volvo EX30,64.0,7904.398908354189,40,public,18,6,332.2140613647964,281.4181723015441,285.56003612216944,368.63281235042456,1155.5887534496067,425.97757382191304,15.2901080871091,14.04336259909158,9.879411101095437,22.535372176605286,63.137615129058176
476,Kia EV3,81.0,14100.765006366717,40,private,13,13,470.75152323373425,440.53721144463924,460.56914261230463,654.6755288678788,292.2743851657649,184.36792051141387,6.418314184422346,2.163005347594793,28.093917906508857,29.64925030743697,36.91957630606299
477,Volkswagen ID.3,58.0,10634.579424480258,42,workplace,11,8,319.72461305950225,317.49189151916795,326.1133482205135,500.75229085257536,0.0,53.18010945191757,0.6983264500561859,-1.99819935658887,36.15114320992069,34.875315764351974,
478,Volkswagen ID.3,58.0,11585.188468298942,46,public,17,4,522.9655836788468,508.73442894581456,512.0858832364377,545.5137842221777,1710.0745586902135,1710.0745586902117,2.721241163313637,2.080385551545272,4.133387862138327,6.127783009810339,1.1102230246251565e-13
479,Tesla Model 3,60.0,16043.45774422089,53,private,0,12,495.23377939267954,437.61013411836814,459.5787380788821,650.8586667256053,0.0,0.0,11.635645158328467,7.199638392502694,23.910703704055535,29.388857892763475,
480,Tesla Model 3,60.0,14271.003820290794,47,private,20,12,471.29440408795796,404.1997559551022,409.75821689083057,578.9529082442542,1034.0,6.034109480759614,14.236249688280589,13.056846562014957,18.59538187359381,29.224257956752876,99.4164304177215
481,Volvo EX30,64.0,10278.621289381343,40,public,17,3,396.803690866,396.56866687900003,396.83027681239145,416.8692000000003,1306.8000000000002,1306.7999999999984,0.05922928450767806,-0.006700024975425656,4.81338250319292,4.807004976047368,1.4432899320127035e-13
482,Volkswagen ID.3,58.0,9650.847795133914,40,public,8,4,327.19787216131704,310.84484405516775,314.602931010704,454.4311485377829,0.0,0.0,4.997901727822606,3.8493346755028357,27.998361640891634,30.769945673178935,
483,Tesla Model 3,60.0,10237.056424772225,40,private,20,14,346.1229784275549,292.5851563449657,299.22975063662665,415.3018010236672,880.0,0.0,15.467861257236615,13.548140607123326,16.65748196265827,27.94884349187444,100.0
484,Tesla Model Y,75.0,12066.677164163613,45,private,19,12,589.8196696558977,496.9348950910606,503.0458529450892,689.5214114485632,1485.0,5.16304347826087,15.747995420197892,14.711923181780717,14.459557040180915,27.044201297784443,99.65232030449421
485,Tesla Model 3,60.0,10719.559145990592,40,private,19,15,381.60909649212584,301.5273945464451,310.406059523624,434.8762021802252,1320.0,2.015989676111393,20.985270708119273,18.658631993582752,12.248797570675974,28.621971501907396,99.8472735093855
486,Kia EV3,81.0,10084.415322442397,40,public,14,5,339.96710208355165,339.3817211573939,344.791903907931,468.20296143949673,147.72088225547475,319.60641462976054,0.1721875212543078,-1.4191966795638944,27.388946657168102,26.358452999130265,-116.35831694873016
487,Volvo EX30,64.0,14163.126939052803,50,private,20,12,527.7487733410412,463.7107063215615,469.7234499889651,660.5174379168808,1100.0,0.0,12.134195332008312,10.99487602495649,20.100705440050337,28.885533821731613,100.0
488,Volkswagen ID.3,58.0,10699.880337006538,42,private,17,15,464.7133781456057,359.19535226182853,365.0293300942416,503.8271262773808,1579.3953801798766,6.082912778609932,22.70604438048174,21.450651678921705,7.763327159610123,27.548694570828737,99.61485813780732
489,Volkswagen ID.4,77.0,15986.100113751729,50,workplace,12,7,529.4366904847665,528.8042656378724,537.3067905745081,788.7698181887077,0.0,218.16396756642564,0.1194524025743271,-1.4865044737522037,32.87817582821071,31.880406909032978,
490,Skoda Enyaq,77.0,11148.72621461726,40,public,0,5,383.8995484239938,377.0512144578204,379.5211908888941,546.9964980853274,0.0,0.0,1.7838869553995496,1.1404956200323668,29.81681788315429,30.617254001196248,
491,Hyundai Kona Electric,64.0,14859.847283352154,49,public,18,4,550.7655217479177,544.0534876465335,544.9458494712105,641.4850704151869,2010.9249856275476,2010.9249856275421,1.2186736163300016,1.056651523544494,14.142113799866463,15.049332462483267,2.6645352591003757e-13
492,Hyundai Kona Electric,64.0,11732.529535736272,40,private,19,14,443.03187160232653,367.78760329773496,372.81414134714333,506.48182258318906,1320.0,3.2608695652173916,16.983940237178285,15.849363162344199,12.52758700346861,26.391407406154432,99.75296442687747
493,Tesla Model 3,60.0,13058.88365541629,43,private,18,15,472.74426271468076,378.2835930303571,384.5399115683836,529.7790376859803,1660.7493344388097,3.8043478260869565,19.981346604164774,18.657942169365228,10.765766652531495,27.415038305778584,99.77092582563807
494,Renault Megane E-Tech,60.0,9363.101797176183,40,public,16,6,397.1910752816095,351.1583674276333,356.5051678454425,432.76561825085145,476.6320321343319,1024.8625711234781,11.589562484841554,10.243409272809224,8.220279400435459,17.62165181088965,-115.02175725248685
495,Volkswagen ID.4,77.0,9080.267302533568,40,public,19,4,387.6871428433603,373.4581244625144,375.6922987526558,448.02927157719313,1320.0,967.5066324538327,3.6702322074670723,3.0939494156892455,13.468345164460139,16.14559079363055,26.70404299592176
496,Kia EV3,81.0,11956.756041482822,40,private,19,14,482.1085859809488,405.5247018597709,411.5956319003325,555.13268829511,1320.0,4.3478260869565215,15.885193989099422,14.625948620504914,13.154350996412845,25.856350998821544,99.67061923583663
497,Volkswagen ID.3,58.0,13114.93160099904,52,workplace,9,9,410.2325259168917,380.15772818427376,391.65557899942235,617.545065153911,0.0,6.7934782608695645,7.331158753294642,4.528394445552275,33.570430877842206,36.57862379617431,
498,Tesla Model 3,60.0,11038.161739381014,40,private,22,14,343.7292917928557,281.861716714196,295.7009962009653,447.8014245640407,0.0,0.0,17.99892431511,13.972709553317353,23.24068818505992,33.9660438800867,
499,Volkswagen ID.4,77.0,8132.798596166704,40,private,19,15,354.51751626852285,284.23092159609195,289.7641489353511,401.2802387334916,1257.9317828636104,1.0869565217391304,19.825986431427445,18.265209576873342,11.653382836034943,27.79007761511112,99.91359177528174
500,Skoda Enyaq,77.0,7971.034177826374,40,private,23,13,289.59315723760244,249.26293268485776,261.05080854969333,391.0875285171913,0.0,0.0,13.926511571423273,9.856016267846746,25.9518301860468,33.25002984895281,
501,Audi Q4 e-tron,77.0,7824.571279212132,40,private,22,13,304.136306053026,259.9535308030141,270.1070242328021,403.97836266133186,0.0,0.0,14.527293970062438,11.188825912250977,24.71470401299851,33.13824471850698,
502,Ford Mustang Mach-E,91.0,7078.907572662755,40,private,21,14,298.3181976588208,249.63464750551594,259.6728760940742,372.35284666148647,440.0,0.0,16.319336378192737,12.954396301677951,19.882928159797874,30.261611151277677,100.0
503,Volkswagen ID.4,77.0,11189.772937189122,40,public,19,6,484.9094377019865,437.8537996224407,441.40312610323207,552.1143432379151,1320.0,479.4730809218484,9.7040054123395,8.972048843786862,12.172280318203743,20.05222622643871,63.676281748344806
504,Volkswagen ID.4,77.0,13413.846188540576,42,private,18,15,586.808597926248,460.78429278640016,469.57436777319657,661.8522931834291,1848.0,9.782608695652176,21.476219943813255,19.9782741028934,11.338435483275278,29.051485866340222,99.47063805759457
505,BMW iX1,66.0,10920.619426634668,40,private,12,14,353.3680392856653,342.49086673495015,363.3498060456161,527.0955668650297,0.0,128.54485523268036,3.078142712822418,-2.824750868847392,32.959398352111315,31.065668374582067,
506,Tesla Model 3,60.0,5999.691681430103,40,private,18,14,225.96225122449712,167.19333559720627,168.23092103863607,243.39836155001683,763.0042681818713,0.0,26.008289131843966,25.54910383172986,7.163610393464658,30.882475967667645,100.0
507,Peugeot e-208,51.0,10532.234591867338,43,private,20,14,372.64844365172905,301.80161573541557,311.33448537787694,454.30107027155117,946.0,0.0,19.01170637452755,16.45356617433108,17.973241086800783,31.46956814524303,100.0
508,Kia EV3,81.0,10593.47019737459,40,private,18,13,445.99907689316956,349.44089783815963,353.47537182476424,491.83754930182414,1541.8104993787592,7.838740745338521,21.649860741334802,20.74526828910177,9.319839949943521,28.13168243731462,99.49158857405
509,Tesla Model Y,75.0,15540.237262993713,57,private,21,13,660.7021701316553,590.7368262068976,603.4424557927732,888.009696956843,627.0,12.152576295601909,10.589543532272039,8.666494061533381,25.59741493861578,32.04551055458796,98.0617900644973
510,Tesla Model Y,75.0,7758.867970706172,40,private,9,13,326.0801977262142,293.2514990506312,305.8075046180198,443.36195637129146,0.0,288.33233942952825,10.067676266299019,6.217088081262734,26.45282414507847,31.025316849260143,
511,Peugeot e-208,51.0,10094.416050307762,41,workplace,9,9,313.5951371744163,286.73059134479627,296.2369112018372,435.41605301520974,0.0,7.608695652173914,8.566633421575808,5.535234420081192,27.97804881037265,31.96463264263498,
512,Tesla Model Y,75.0,14685.817370392595,54,public,16,5,726.9413511590825,714.9811263186343,718.1919345145023,839.1859153721564,2036.6768506964122,2065.2445488555372,1.645280574750363,1.2035931964290536,13.37541087820765,14.418018539312172,-1.402662290257628
513,Volvo EX30,64.0,11935.45256754894,42,private,17,15,528.1176644002145,397.8847509851277,403.28301542395593,556.626695801055,1744.9112721036222,1.358695652173913,24.659829086192918,23.637658308216935,5.121750648307022,27.54874703887826,99.92213382571964
514,Tesla Model 3,60.0,12183.65563100097,40,public,7,3,312.5317067069999,312.0536807190001,312.29918255895666,416.8692000000003,0.0,0.0,0.15295279734542921,0.07440017862291315,25.028832375479006,25.08461105810733,
515,Tesla Model Y,75.0,11200.939917082293,41,public,9,6,444.3561061055625,428.0987951346451,434.483956353819,640.0509267053443,0.0,0.0,3.6586221608160496,2.2216752771252013,30.574882784268265,32.11728344956537,
516,Tesla Model 3,60.0,11672.57634965941,40,public,20,5,393.34629865988455,374.84952847315657,377.6210795457148,473.538659889498,880.0,350.7270206378416,4.702413687314655,3.997805284489764,16.934702068111317,20.255490938409526,60.14465674569982
517,Skoda Enyaq,77.0,12652.964871309994,40,workplace,10,9,392.14238233120307,384.37084602946095,393.59408768994433,620.7998422213327,0.0,62.24970267882414,1.9818149355705916,-0.37019853608049047,36.83271875069304,36.598874400226265,
518,Tesla Model Y,75.0,9177.224961624841,40,workplace,7,8,399.3647455527188,333.79334108957994,348.9361260502505,524.4105748941,0.0,0.0,16.418926606150062,12.627208601669471,23.84502436218665,33.46127199652391,
519,BMW iX1,66.0,12872.948287808958,46,workplace,6,8,475.986394802747,363.28700961747967,385.66520409909754,621.3268414461945,0.0,0.0,23.677018170229623,18.97558243047669,23.391947192423636,37.928771401308396,
520,Peugeot e-208,51.0,7943.123393020669,40,workplace,10,7,239.05180511805585,218.9059554790029,225.10038803375997,342.62144726008125,0.0,0.0,8.42739908577721,5.836147975291784,30.22859280125756,34.30055536981956,
521,Tesla Model 3,60.0,11669.125860501068,40,private,11,15,296.72444046837796,280.37571252134927,296.35296990059123,473.3986787950882,0.0,68.36584720206184,5.50973419015377,0.1251904181537422,37.32039108693501,37.39885995143042,
522,Tesla Model Y,75.0,11341.442709597057,42,public,18,5,566.4303991632516,549.70094487399,551.9124460360778,648.0796227986614,1848.0,1574.9999999999973,2.9534880744350733,2.5630603775186223,12.598640778553793,14.838790386171397,14.772727272727415
523,Volkswagen ID.3,58.0,9600.318136859283,40,private,20,15,364.45552635801863,291.2888085999319,305.0537820406672,452.0518497308382,880.0,2.717391304347826,20.075623077865544,16.2987635037255,19.37749473317638,32.5179661973946,99.69120553359684
524,Tesla Model Y,75.0,10900.319247036834,40,public,10,3,281.548721982,281.29615674600007,281.39918915086963,416.8692000000003,0.0,0.0,0.08970569435442499,0.05311081864542988,32.46113601532572,32.497006458891796,
525,Tesla Model 3,60.0,9586.637065662439,40,private,18,12,348.9230129680588,277.0283984301202,279.06041947388707,388.9152773931732,1219.1701485679405,1.6749058881115577,20.604721347089814,20.02235189358723,10.283027371198973,28.246475339210853,99.86261918485464
526,MG4 Electric,64.0,8602.97409417278,40,private,11,15,280.60904505517885,265.2175013806177,278.9895190177812,424.1808589837462,0.0,63.67935905814092,5.485049019547661,0.5771467691211396,33.84683935822497,34.228640187540485,
527,Cupra Born,58.0,10175.583715866118,41,private,16,12,413.06940965436513,341.4816178337166,347.68226554030963,486.19602619433226,1073.1254739634237,13.369081235031922,17.330693134732357,15.8295779318948,15.04056236583441,28.489282756634204,98.75419216490545
528,Renault Megane E-Tech,60.0,8532.264888536061,40,private,21,14,320.6196693375475,243.2950327083785,247.93773333009293,394.3640654084265,880.0,0.0,24.117246701967577,22.66920683862824,18.699572942708397,37.12973491301391,100.0
529,Tesla Model 3,60.0,11656.926446364214,40,private,18,13,419.6487825190389,323.1238666060531,326.5752265345814,472.903767127882,1482.4569502441439,2.5505541908862215,23.001357309694225,22.178917194936666,11.261273077243638,30.942561841282735,99.82795087638355
530,Hyundai Kona Electric,64.0,8431.312767806325,40,private,21,15,288.4061949352799,229.80604757547846,241.90453314155147,363.97152416283916,440.0,0.0,20.3186160314454,16.12366953635088,20.76132999727519,33.537511293514136,100.0
531,Skoda Enyaq,77.0,12509.229680350403,40,private,14,15,477.4644363646251,408.34618821928154,424.97795359154844,613.7476781809751,603.9739127930234,19.56521739130435,14.47610395270571,10.992752292234453,22.205092851881115,30.75689429064762,96.76058568476464
532,Tesla Model 3,60.0,8362.560841235883,40,private,17,15,313.2841019497353,237.7356109763936,241.6040992195469,339.2563676928769,1063.4995852441273,2.4456521739130435,24.11500950835451,22.88019158459853,7.6556457642244835,28.784210930930254,99.77003731756496
533,Hyundai Kona Electric,64.0,9709.814134877595,40,private,18,13,384.31080141070663,305.76388414670885,308.93464034596184,419.1631774714466,1313.991151948109,0.0,20.43838397871518,19.61333399635352,8.314751374627638,26.297285412909044,100.0
534,Tesla Model Y,75.0,9582.118536008758,40,public,16,5,460.6616800711999,447.3102556187268,452.6931674376146,547.5472499785039,1276.4490594937433,1338.3295266566367,2.898314539731095,1.729797154465662,15.868141043666107,17.32345154589183,-4.847860296707496
535,Volvo EX30,64.0,13852.071336235897,49,private,23,14,500.0902558315892,404.1580109567083,426.74351292288725,646.010920344423,0.0,0.0,19.18298622222847,14.6667010711367,22.587956320465242,33.94174936000037,
536,Volkswagen ID.4,77.0,11673.334980900336,40,private,9,15,413.9925135743141,379.6674316644853,394.535638933159,575.9737675244515,0.0,264.19106346641945,8.291232518548242,4.699813161636424,28.123026270160977,31.501109741701917,
537,Tesla Model Y,75.0,10486.302972427777,40,private,20,12,487.58384955358093,426.46094426693116,432.70347011602854,599.214707417495,880.0,4.619565217391305,12.535875694531784,11.255577781708615,18.629525691220515,27.78824271839041,99.47504940711462
538,Tesla Model Y,75.0,12042.195575942695,44,private,21,15,516.3218903405891,446.1623075198442,466.39941613587416,688.1224696326072,484.0,12.069017562138246,13.58834171730826,9.66886648400358,24.966570178088144,32.22145232593733,97.50640133013673
539,Peugeot e-208,51.0,6335.248759347983,40,private,18,13,253.53944104698292,192.66093073477003,194.369964763551,273.26682355050167,856.6358105031399,0.9839644382004942,24.01145559870963,23.33738531531563,7.219091672821742,28.871729748185093,99.88513620068923
540,Cupra Born,58.0,10855.537438686413,43,workplace,9,7,353.19984058838185,316.8352976664459,326.57402925033705,518.6846585187666,0.0,0.0,10.29574160094684,7.538455083583817,31.904706494109135,37.03803960908528,
541,Volkswagen ID.4,77.0,15324.55604939243,48,public,16,5,652.3315873755569,644.167997364924,646.8015943237962,756.1285868905493,1842.3090498136348,1867.8919913146688,1.2514479091034758,0.8477273151847209,13.727426963426947,14.458783130570673,-1.38863463237191
542,Peugeot e-208,51.0,11239.838849021853,46,private,16,15,431.2001037532251,339.76149068718547,346.74849341657637,484.8231184228739,1013.8216878459988,0.0,21.205610172665857,19.585248148497712,11.060325432517338,28.47938139902513,100.0
543,Cupra Born,58.0,11098.729840480844,44,workplace,15,7,436.7985961377238,409.0684656921601,422.01924038335306,530.3045500802442,694.3967087155002,1026.8405240213306,6.348493491224572,3.38356301623981,17.632500782497786,20.419457023422805,-47.87520031896282
544,Tesla Model Y,75.0,12150.401151416409,45,private,18,12,615.4718413723883,501.0488030668128,506.4272083232419,694.3056184905895,1980.0,17.918276775858594,18.591108579465367,17.717241589151676,11.354333742766576,27.05990059187373,99.09503652647179
545,Kia EV3,81.0,12911.375482858417,40,private,21,15,477.9502966655477,403.34143907049275,420.9363065028538,599.4541125134375,440.0,7.065217391304348,15.610170788797205,11.92885338924482,20.269077033843217,29.780061940367787,98.39426877470355
546,Tesla Model 3,60.0,6575.547942571207,40,private,18,15,266.64679634206834,194.5610131503784,196.3213413962087,266.75997376150565,836.2381622617736,0.0,27.034183114360232,26.374010830282955,0.04242668712304276,26.405247898349238,100.0
547,Tesla Model Y,75.0,7265.705004877651,40,private,18,12,383.74701150495923,300.27106093882406,302.9675039944356,415.18133799176496,1301.5088965259104,2.989130434782609,21.752860104047066,21.05019846114937,7.571228186424229,27.027668088384814,99.77033346120326
548,Renault Megane E-Tech,60.0,11410.537927478661,43,workplace,14,9,354.7148706605892,346.32830835149485,352.7838422729054,527.3987838356489,0.0,338.1616011155294,2.364310888200427,0.5443889014541847,32.74256946881252,33.108711456027564,
549,Kia EV3,81.0,9384.420329444454,40,workplace,11,9,296.1001297208595,293.40436975576193,301.85292336415495,435.7033352107867,0.0,128.06710354790928,0.9104217440360274,-1.942854144886308,32.04088520974696,30.720538731216497,
550,Kia EV3,81.0,13823.335324261612,40,workplace,16,9,599.9128100863232,497.1686430095121,507.0457539096485,641.794921058742,1571.8963042593805,596.2469891260124,17.12651661197683,15.480092209284846,6.525777876728545,20.9956736533227,62.0683000837678
551,Tesla Model Y,75.0,10259.76808615136,40,private,12,12,366.4994361755537,354.3149149801019,375.75465436727893,586.2699130550873,0.0,241.20864795603126,3.324567514372767,-2.5253021637097417,37.48622809829975,35.90756646384954,
552,Tesla Model Y,75.0,6713.377688788272,40,workplace,19,8,344.4935163748875,282.4213072234734,285.8138245815187,383.61991429655006,1202.5702642525082,26.581191811789232,18.01839692212536,17.033612826986257,10.199261420880411,25.49557154622172,97.78963503406501
553,Audi Q4 e-tron,77.0,8173.049522111646,40,private,20,15,348.56906514823504,293.88692729295343,303.6464429060813,421.9701049518837,880.0,2.0914965718050005,15.687604931902687,12.887724911288279,17.394843602017353,28.0407689211288,99.76232993502215
554,Tesla Model Y,75.0,5000.0,40,private,20,15,243.91558730000003,189.63658976086955,198.63428522826086,285.7130434782608,880.0,0.0,22.25318936766878,18.564333084644634,14.629173267492423,30.477697899229973,100.0
555,Volvo EX30,64.0,10437.265073350422,40,private,18,14,442.7519715001011,349.7973740129323,354.03990059753,486.75660500503926,1525.8827743104673,0.5434782608695652,20.994733726927638,20.03651629195531,9.040377275308387,27.265516901642307,99.96438269898452
556,Volvo EX30,64.0,10537.438761291,40,workplace,15,7,377.62816396175697,362.6838124161419,374.3435509229808,491.4283464919252,660.5277319496082,982.1737601908127,3.957425047123475,0.8698008655701917,23.157024486384227,23.825405352531547,-48.69531023199234
557,Kia EV3,81.0,10020.426665577645,40,public,12,3,274.99075055099996,274.961122491,275.0335140816522,416.8692000000003,0.0,0.0,0.010774202383379006,-0.015550897827121268,34.03428448275868,34.02402622173767,
558,Volkswagen ID.3,58.0,13312.745095475128,52,private,19,13,547.7646067480766,449.1221300135442,455.6596044164444,626.8595435706542,1716.0,1.9021739130434783,18.008187370875394,16.814704929263968,12.61764898274419,27.310733466549454,99.88915070436809
559,Kia EV3,81.0,13574.758441971559,40,private,10,12,416.3451093779443,404.9996806280785,421.3356311028226,630.25390170241,0.0,455.23267625217034,2.7250058891809315,-1.1986502573152702,33.940098069471055,33.14827088499855,
560,Tesla Model Y,75.0,10576.849352850117,40,public,12,3,287.566238201,287.539461143,287.62613728869576,416.8692000000003,0.0,0.0,0.00931161396675595,-0.020829666260713253,31.017633780332112,31.00326498366981,
561,Volvo EX30,64.0,6275.020868225685,40,public,15,3,217.63765253644962,217.62133236589005,220.98207178629872,292.6444650670189,37.38076823516802,188.15059349614486,0.007498780826464824,-1.5366914735900128,25.630695770511803,24.487869013449036,-403.3352774144749
562,Peugeot e-208,51.0,12301.846661278047,50,private,16,15,464.9842836585613,360.24633786289036,368.65426357492106,530.6321327907539,1113.4236137641196,0.0,22.525050733237293,20.71683355095406,12.371630942689205,30.52545430370801,100.0
563,Hyundai Kona Electric,64.0,12166.23890043378,40,workplace,9,8,366.9826410795012,339.7434216764462,350.8644255274424,525.2046315762801,0.0,0.0,7.422481707289819,4.392092090417721,30.125779740729296,33.19471984197777,
564,Hyundai Kona Electric,64.0,11627.567538643709,40,workplace,15,8,407.36678018704936,378.87562550048636,390.9290131670015,501.95071584891804,693.5132158273287,721.0244684704339,6.993980872343297,4.035127020544039,18.843271396058224,22.118048480945475,-3.9669399248989823
565,Hyundai Kona Electric,64.0,13099.440650984774,43,public,11,6,368.01895061121934,366.7315472685016,373.47944703221583,565.4900382328101,0.0,0.0,0.34981985046682595,-1.483754141445015,34.920347710933974,33.95472567485693,
566,Renault Megane E-Tech,60.0,8399.026468750322,40,private,19,13,351.19807722696254,264.3306403022847,265.2990217338938,388.20574219861857,1216.9459003091497,0.0,24.73459923544501,24.458862694044946,9.533002979827565,31.660201564417278,100.0
567,Tesla Model Y,75.0,15349.174295745453,57,public,6,4,614.7332322559997,613.847520968,614.3005743867824,792.0514799999995,0.0,0.0,0.14408059325982103,0.07038140229209677,22.38721247563351,22.441837443851153,
568,Tesla Model 3,60.0,8848.853220619309,40,private,20,12,297.4377035239165,257.9505981175358,260.53012162266486,358.98450951432017,880.0,1.5031474677298624,13.275756549541018,12.408508223398107,17.144696876662447,27.425803978243213,99.82918778775797
569,Volkswagen ID.4,77.0,12590.798210569872,40,public,19,4,475.7469646160001,474.86970784,475.30916136382615,555.8256000000002,1320.0,1304.3478260869533,0.1843956643440059,0.09202439211091207,14.407151340996183,14.485917639665036,1.1857707509883797
570,Tesla Model 3,60.0,7254.70854923476,40,private,17,12,266.2778869678605,214.03194309796874,216.6963659541028,294.31248606857486,922.6096741961601,2.1739130434782608,19.62083463438247,18.620217239346715,9.525453532468298,26.372010631036392,99.76437348271116
571,Peugeot e-208,51.0,8912.720334878588,40,private,19,14,334.77542498874124,264.23143100199894,270.47645466223724,384.44437900129117,1205.1547931074954,4.5853915668178375,21.072034779468872,19.20659807351941,12.919672318159481,29.644840857114254,99.61951845579982
572,Kia EV3,81.0,14270.847336328487,40,private,21,15,510.6310888983298,431.1716792585169,449.7328542605643,662.5721741398576,440.0,13.067023324303925,15.561020738326759,11.926072650443487,22.932005171930992,32.123190225366535,97.03022197174911
573,Renault Megane E-Tech,60.0,10378.629387628138,40,private,20,14,409.29107447397604,321.4786512383004,326.4779912445389,479.703634631842,1503.7731493161207,0.0,21.454761345219364,20.23329810841078,14.67834618595406,31.941730753176213,100.0
574,Peugeot e-208,51.0,12789.430505240827,52,private,17,13,518.4673457786083,382.0405927868969,387.27976094264795,551.6637439106245,1729.353429186911,0.3763619325242249,26.31347067515555,25.302959946098326,6.017505862664474,29.797858710578684,99.97823684122793
575,Volkswagen ID.4,77.0,11468.932301295148,40,private,18,14,523.911610969058,416.25956411325524,421.16957422008994,565.8883393535888,1760.0,2.4456521739130435,20.54774977341752,19.61056685858331,7.417846501746372,25.57373161263763,99.86104249011858
576,Audi Q4 e-tron,77.0,10720.141638359622,40,private,20,15,455.59572633634576,379.8871783507042,393.8139526434733,553.4750866245734,880.0,2.1739130434782608,16.61748423200734,13.560656986334795,17.68451058658399,28.84703175256007,99.75296442687747
577,Volkswagen ID.3,58.0,13936.83221160259,55,private,16,13,576.9836467981897,465.254236533145,475.9931430090824,656.2460421446382,1452.1976242778599,18.55718633737676,19.364398087373193,17.503183036386915,12.078152134436614,27.467274095319816,98.72213078804583
578,Peugeot e-208,51.0,10431.717174012338,43,public,19,4,392.1789888522475,369.967825414836,373.7493732090997,449.9653170072132,1410.5495830947111,943.43001787732,5.663527131429147,4.6992868478456735,12.842396062725713,16.938181881447477,33.116139327236006
579,Tesla Model 3,60.0,7050.1835444359995,40,public,13,5,189.69049509255282,189.0843221315595,194.79637973656833,286.0152178575921,0.0,16.011653483534545,0.3195589534929266,-2.6916924021544997,33.67818100259255,31.89300163966867,
580,Kia EV3,81.0,9190.904198625765,40,workplace,15,7,333.26465857047907,316.0025444007744,328.80498208658025,426.7186967723048,457.6761654304237,775.3418307533645,5.179701395206315,1.3381786424724318,21.900619520239207,22.945728749722637,-69.4083916352058
581,Volkswagen ID.4,77.0,12157.109885856711,40,private,8,15,430.26912590733076,387.8423658969247,406.37367962196276,599.8436945930582,0.0,289.3915932287144,9.860516931336527,5.553604673581547,28.269792650028446,32.2534047977862,
582,Tesla Model Y,75.0,11816.164942933892,44,private,5,13,528.0578879756282,420.5611018190351,443.417151356695,675.2064896173542,0.0,0.2717391304347826,20.357007935000194,16.028685215443595,21.793126088749016,34.32865972482231,
583,Tesla Model 3,60.0,7518.14243198439,40,public,23,4,228.37602767585062,219.5831901777272,221.79751495707717,304.9995978140797,0.0,0.0,3.8501578241844525,2.8805618460580162,25.122515140146827,27.27940740030762,
584,Ford Mustang Mach-E,91.0,9363.689882496039,40,private,21,14,381.62364105833024,326.19755407308253,338.7001301693898,492.53314119642715,440.0,0.0,14.523756136160326,11.247602682554902,22.518180171324776,31.2330274168672,100.0
585,Volkswagen ID.3,58.0,9676.03024524708,40,private,21,12,359.67737266566724,320.06600436337214,326.23266185776333,455.6169189458181,440.0,2.717391304347826,11.013027594347802,9.29853066931512,21.05706401380586,28.397597127739928,99.38241106719367
586,Tesla Model Y,75.0,10149.621588889848,40,public,22,3,318.84404341900006,318.633656242,318.7283865527827,416.8692000000003,0.0,0.0,0.06598435233228228,0.03627380489130694,23.514607598978333,23.542351760988232,
587,Tesla Model 3,60.0,7936.749240962602,40,public,15,3,249.6752745328527,249.6752745328527,251.6600834082331,321.9818390439643,129.34745781806996,222.48898312722804,0.0,-0.7949561201420652,22.45672138708378,21.8402863479916,-72.00877920628612
588,Volvo EX30,64.0,9573.867273218342,40,private,16,13,406.42525317476435,325.55881891561364,332.298606662761,446.4908285772497,959.6577698346382,6.250000000000001,19.897000402280085,18.238691108135598,8.973437490341063,25.575491052831712,99.34872616088161
589,Tesla Model Y,75.0,9354.343037281635,40,workplace,8,8,423.97585631508565,381.9276047280558,394.52521032722507,534.5315637842829,0.0,0.0,9.917605203391789,6.946302613508671,20.68272763660658,26.192345399748774,
590,Ford Mustang Mach-E,91.0,12639.657838878604,40,private,18,12,577.9545794172951,475.0447227166216,480.773021360162,664.8501239525699,1760.0,25.195121488842936,17.805872704465674,16.814739690290793,13.069944849927396,27.687007336038327,98.56845900631575
591,Kia EV3,81.0,12721.975671068634,40,public,10,4,385.7521609479999,385.38871808799996,385.5984696520002,555.8256000000002,0.0,0.0,0.09421667505550291,0.03984197927032751,30.59834578544065,30.625996778126087,
592,Tesla Model 3,60.0,10630.675096785493,40,private,22,15,340.15293832158403,264.7505957493495,282.1234156640013,431.2703115623095,0.0,0.0,22.167188366589507,17.059832833994527,21.127671160726514,34.583158612985024,
593,Volkswagen ID.3,58.0,10091.432847043097,40,private,0,15,344.07851373523016,285.84107547363465,300.5439077075867,475.1770535005176,0.0,0.0,16.925624802718563,12.652520947920486,27.5894087897375,36.75117401112903,
594,Tesla Model Y,75.0,11256.434243365658,42,workplace,8,7,458.63917194107637,409.4718104474749,422.4018808324151,643.2220172769839,0.0,0.0,10.720270858137305,7.901045816757424,28.696599366626252,34.33031371957521,
595,Volvo EX30,64.0,9161.700514672291,40,private,15,14,358.2143838043109,305.42955145385696,313.12105191076085,427.26884938290385,459.40078176459053,1.6304347826086958,14.735542383828392,12.588364379634765,16.16183011664131,26.71568443077572,99.64509533998918
596,Skoda Enyaq,77.0,8438.437740053305,40,workplace,8,7,314.2982614207003,269.34837893472184,279.41254335771436,414.02002383629974,0.0,0.0,14.30166437535948,11.099558077507176,24.086217253837127,32.512311658580096,
597,Volkswagen ID.3,58.0,8890.91555245268,40,private,14,14,300.94781244211646,279.17323129923534,297.09349201180135,418.64808686452255,0.0,3.4615851093226624,7.2353345804994635,1.2807271795858055,28.114370545420584,29.035029340061726,
598,Cupra Born,58.0,9559.75917090251,40,public,18,6,408.064421535302,361.7378528967461,365.7517993617689,456.77152781126784,1431.8856671199617,608.0630022082279,11.35275858264162,10.369103489673526,10.663341147675688,19.926751758289786,57.534109309770386
599,Volkswagen ID.3,58.0,8401.992378454926,40,public,13,6,266.22158635195916,265.59536948223433,271.36699819102756,395.62607634037266,0.0,97.14545720029608,0.23522392691963656,-1.9327553071770476,32.708786838681924,31.40821234504273,
600,Kia EV3,81.0,11304.910434347696,40,private,18,12,459.1341489763563,378.59476404463135,382.70238095885344,524.8685595475768,1645.35598604256,8.967391304347826,17.54158019203935,16.64693601813504,12.523975645994456,27.086053451413996,99.4549877728335
601,Renault Megane E-Tech,60.0,12548.07732558632,47,public,20,4,480.7745459868359,441.849598480991,445.44394346845485,579.9762257529451,1818.1072907615817,348.64588407750136,8.096299571340182,7.348684079324874,17.104439003050885,23.19617189650073,80.82369033724858
602,Audi Q4 e-tron,77.0,7474.25472125185,40,private,18,15,366.00633399023934,274.97723343108646,278.7124355329059,385.8917091632755,1209.691878254783,0.0,24.870908535036563,23.85037917394659,5.153097281139674,27.774443214332123,100.0
603,Skoda Enyaq,77.0,11005.031877563113,40,private,19,15,460.4237816108863,374.0966330142417,383.0595592947153,539.9463384841117,1320.0,3.260869565217391,18.749498189387936,16.80282935114613,14.727862975510375,29.055994643810866,99.75296442687747
604,MG4 Electric,64.0,10468.340608366725,40,private,17,13,465.72830402674435,359.88401270599104,363.98348807390903,516.1551880528368,1618.0413418584226,4.581468329069253,22.72661773089815,21.8463887792812,9.769713681717452,29.481772827468035,99.71685097218794
605,Renault Megane E-Tech,60.0,11697.904021325598,44,public,9,3,377.1394857802214,355.7406124253466,360.29166376004946,540.6809383995891,0.0,0.0,5.673994413659722,4.4672654695165015,30.247312417458062,33.36335014389269,
606,Peugeot e-208,51.0,10921.664097853141,45,public,13,4,335.4365466834388,335.2404951449923,339.44609228995137,471.09885803648405,0.0,0.0,0.058446683995805326,-1.195321632707036,28.796994312081083,27.94588938195577,
607,Tesla Model Y,75.0,7766.617576949729,40,public,22,5,333.1627676054338,317.9659112757495,321.47929546438894,443.80478908841263,0.0,0.0,4.561390949808075,3.50683608045953,24.93033518413368,27.562905275376515,
608,Skoda Enyaq,77.0,8185.367435502808,40,public,17,4,382.2851137038806,360.3537848104977,365.09127095371406,401.603486942873,1258.9451001343996,1258.9451001343987,5.736903715892794,4.497649040941976,4.810310136012442,9.091608309255717,7.771561172376096e-14
609,Kia EV3,81.0,11014.43763053109,40,public,12,6,361.1036176014609,360.64014359235915,366.539253424084,511.38238086333513,0.0,60.027151966540224,0.12834931208395295,-1.5052842335748329,29.38676983907188,28.323840018641523,
610,Volkswagen ID.4,77.0,13203.030214242666,41,private,18,15,584.4857018096786,470.9676864092758,479.1405620823872,651.4504267785518,1804.0,14.56342521138556,19.42186353728235,18.023561466281024,10.279327822381878,26.45018832027538,99.19271478872585
611,Hyundai Kona Electric,64.0,6100.929657415823,40,public,20,6,217.15414152795813,185.48218237825947,187.94761011462694,263.37116500988935,825.6149373350763,11.117703388492938,14.585012713478907,13.449677361815782,17.548247349020084,28.63774205973928,98.65340331361026
612,MG4 Electric,64.0,11707.14120976546,44,private,19,12,491.3105745938861,405.69087658969505,410.042470410258,577.2358675316731,1452.0,2.5384258900357812,17.426797311448805,16.541085900869067,14.88564688559868,28.96448514822083,99.82517728030057
613,Cupra Born,58.0,13555.27219157994,54,private,18,15,581.4156331338872,455.505954356903,464.5022176333042,647.679745708597,2030.3440304344756,7.164180917868674,21.655709203813245,20.10840590412203,10.230999658977014,28.2821146236226,99.64714448337429
614,Volvo EX30,64.0,10614.873331108392,40,private,21,15,375.8294478014383,321.5655467000024,336.410359469801,495.0396170737731,440.0,0.0,14.438437812383743,10.488557658862208,24.080935173834696,32.04375006219602,100.0
615,Skoda Enyaq,77.0,12154.943466297906,40,private,19,13,498.14213546051764,402.59599426169973,408.40204486102056,596.3651257103129,1320.0,5.432730991335695,19.180497773088067,18.01495681880735,16.47027735446548,31.518120819928075,99.58842947035336
616,Renault Megane E-Tech,60.0,9410.278712833813,40,private,19,14,393.6151810826131,305.0402579409162,307.1692947307403,434.9461506763242,1363.4675569790734,0.0,22.50292351480888,21.962030558401977,9.502548655607834,29.37762657443821,100.0
617,Tesla Model 3,60.0,10688.58802358364,40,private,13,15,293.8180992815085,271.4124166044182,289.7319381183534,433.61975087414345,0.0,4.3478260869565215,7.625698597833264,1.3907111825810725,32.24060973025462,33.18294714798472,
618,Tesla Model Y,75.0,7400.199394905148,40,private,8,15,311.7587007952093,259.81428642469274,274.3908474113917,422.8666982928667,0.0,193.68924732070226,16.66173686188096,11.986146108674001,26.27494620555504,35.11173887205571,
619,Tesla Model Y,75.0,5815.888154562666,40,private,22,14,256.4007972352938,212.17629128208725,221.95915488702138,332.33502103385285,0.0,0.0,17.248193621107433,13.432736059968652,22.84869754693235,33.21222837228105,
620,Renault Megane E-Tech,60.0,13014.657104683352,49,public,17,3,542.93900113647,528.2785558583786,533.6186733420617,601.5416952883903,1885.7106435372718,1885.7106435372725,2.700201173134442,1.716643633059911,9.742083484973573,11.291490262161307,-4.440892098500626e-14
621,Kia EV3,81.0,8792.861108283472,40,workplace,10,8,259.5984059527508,244.27606526769225,251.8610257466726,408.23820507101186,0.0,4.004459304324919,5.9023246421040625,2.9805191513720075,36.41006580763444,38.30537597458276,
622,Cupra Born,58.0,9952.394019442487,40,private,18,14,433.9152948517208,336.2697130328189,340.78018425940576,475.5318769407136,1490.6955389991042,0.0,22.50337404038032,21.463892076941306,8.751586193701433,28.337047255006176,100.0
623,Kia EV3,81.0,7913.691465338276,40,private,7,12,285.0431624918262,223.55781183765998,234.06548387095367,367.4197919778323,0.0,3.532608695652174,21.57054044610852,17.88419626530573,22.42030268499422,36.29480801483997,
624,Cupra Born,58.0,7862.166350246312,40,private,20,15,319.28991502235283,252.558463104096,262.2121543836452,375.65943571456256,880.0,0.0,20.89995605203663,17.876468360960196,15.005485110466122,30.19950267324525,100.0
625,Tesla Model 3,60.0,10569.29543679279,40,private,14,12,302.1513054401652,283.3671849848018,303.94418579232183,428.7802321602362,24.138658809517747,62.94165659601346,6.216792751565059,-0.5933717047969855,29.532361154361585,29.114226124413044,-160.75042980928126
626,BMW iX1,66.0,9352.225944842934,40,public,19,6,383.5344938939483,343.8996914872656,347.13045403268103,451.39535069082757,1320.0,323.472501896407,10.334090684850416,9.491725109693371,15.033574602180366,23.098354136474097,75.49450743209039
627,Tesla Model Y,75.0,11777.75648560839,44,private,18,14,602.0912467184893,482.18684282618835,488.288393022825,673.0117301697992,1936.0,9.23913043478261,19.91465654845549,18.901263606789055,10.53777820981171,27.44726857886548,99.52277218828603
628,Volkswagen ID.4,77.0,11941.059137565306,40,workplace,9,7,414.008267926884,388.7637649730683,399.80270066997986,589.1835393183676,0.0,0.0,6.097584253625099,3.431227914369317,29.731867864833028,32.14292762956079,
629,BMW iX1,66.0,11652.660725450889,41,public,2,3,307.23609693700007,307.16394741999994,307.21617514978277,427.29093000000034,0.0,0.0,0.02348341152599298,0.006484194863787263,28.096742672024465,28.10140501934302,
630,Ford Mustang Mach-E,91.0,11472.535732133292,40,private,20,12,477.3444838389614,426.8560342092529,432.1895115852558,603.4591205544713,880.0,12.510425830560342,10.576942090890796,9.459619579251132,20.898621368027882,28.381310868555488,98.57836070107268
631,BMW iX1,66.0,14405.31236880083,51,public,9,5,470.01072676212794,454.09861964085195,459.8204350162231,695.288059428399,0.0,0.0,3.385477440247675,2.168097697706839,32.400575504126024,33.866197070284144,
632,Tesla Model Y,75.0,8611.9696457917,40,private,6,13,379.84558929752006,301.8879324218374,316.4892020483924,492.1104115683097,0.0,9.23913043478261,20.5235124672255,16.679511105104027,22.812933770901566,35.687359054288045,
633,Tesla Model 3,60.0,10829.69264301561,40,public,19,6,378.3064493142425,336.74499566632835,340.36831640629833,439.3441505600777,1320.0,288.24273658127385,10.98618691889942,10.02841293790121,13.892913145201568,22.528087383798002,78.16342904687319
634,Tesla Model Y,75.0,13430.590706937899,50,workplace,9,7,554.4623848046176,531.1589276389049,542.5355625189308,767.4589893180151,0.0,0.0,4.202892352007693,2.1510606693165735,27.7534835708514,29.307549970710156,
635,Tesla Model Y,75.0,13719.3421824503,51,public,14,6,621.9542547594175,613.7352275983726,622.7113943463645,783.9590018935115,774.5517300737064,902.6245776499488,1.3214841924707343,-0.12173557478754038,20.664951450624436,20.568372473264862,-16.535092828990905
636,Hyundai Kona Electric,64.0,7836.337607935386,40,workplace,8,9,248.0301048608594,212.08039189441138,220.37244755392982,338.2870285521281,0.0,0.0,14.494092556472204,11.150927554719637,26.680574799917466,34.85637078751552,
637,Skoda Enyaq,77.0,10265.941582773645,40,public,20,3,355.27773801300015,354.89604315,355.0725230651739,416.8692000000003,880.0,869.565217391303,0.10743562631727599,0.05776183697124848,14.774769157088151,14.823996815986007,1.1857707509882909
638,Renault Megane E-Tech,60.0,13924.2851999493,52,public,12,5,375.11750370301667,371.52708523826647,377.4355552190821,643.5850024694387,0.0,0.0,0.9571450090456901,-0.6179534394376462,41.71438081004234,41.35420282156046,
639,Peugeot e-208,51.0,12062.693240385954,49,private,14,15,390.0922319138702,355.46130826756604,372.95578987774473,520.3164059501958,14.085912069578654,6.520587360426465,8.877624523922956,4.392920605481088,25.027881601871016,28.321347239348103,53.70844764458684
640,Skoda Enyaq,77.0,11377.626038940702,40,public,12,4,358.54832046,358.524351812,358.75413211669576,555.8256000000002,0.0,0.0,0.006684914314825097,-0.05740137240963783,35.49265804597703,35.45562994639045,
641,BMW iX1,66.0,10473.270521378101,40,workplace,8,7,356.9179836115539,315.45510761301733,325.76648891260953,505.50378570401114,0.0,0.0,11.616919825385441,8.72791401086912,29.39360817753778,35.5560733419796,
642,Tesla Model Y,75.0,10109.475972700038,40,private,16,15,485.9711354379285,403.5853691123869,412.3495270565206,577.681829626096,1370.9148264140938,7.829481546274447,16.95281063376335,15.149378844293793,15.875641137531915,28.61995896194045,99.42888636147046
643,Volvo EX30,64.0,11581.19974816781,41,public,7,4,422.73795382987686,417.5588489239597,418.7231824753652,540.1056149945803,0.0,0.0,1.2251336457954731,0.9497068616950655,21.730501943750603,22.473832737405086,
644,Volkswagen ID.3,58.0,10397.300666283982,41,private,11,12,322.18519082818534,313.3009718250006,325.5690508621075,489.5795046995169,0.0,312.1658164437365,2.757488319170609,-1.0502841627276105,34.191446387052316,33.50026957073542,
645,Peugeot e-208,51.0,10856.752819912666,45,private,17,15,425.27677729038163,319.70525279030556,324.6006113629572,468.29895239596306,1468.0217943447133,2.1879239322979607,24.824192182022475,23.673092748885782,9.186903982053895,30.68517243051697,99.8509610728719
646,Tesla Model Y,75.0,11122.131166391931,41,private,21,14,493.4365825860394,433.6908976978885,449.17003669585694,635.5475891028511,451.0,13.043478260869565,12.108077713863697,8.971070944555226,22.360403682345463,29.325506949068547,97.1078762171021
647,Volkswagen ID.4,77.0,9465.023352599237,40,private,6,12,380.96678726116534,287.8285032305759,302.5663013331773,467.0135114792219,0.0,1.0019788879041172,24.447875023483356,20.579349315887185,18.42488966657765,35.212516576913025,
648,Hyundai Kona Electric,64.0,12115.36332880035,40,public,10,4,332.24469528710216,329.0548081209949,329.56481301413095,523.0083829184463,0.0,0.0,0.9601017597439143,0.8065989648549432,36.474307843186196,36.98670541853999,
649,Tesla Model Y,75.0,17332.195780029768,64,private,21,12,760.9192461650181,690.581568844366,703.5541040315371,990.4068812946734,704.0,18.218269855601406,9.243776875818199,7.538926426502868,23.171046108813986,28.963124416922316,97.41217757732935
650,Tesla Model 3,60.0,7058.399259875895,40,private,21,15,221.12533499574462,166.25784551618673,175.60374267466983,286.34851693081293,440.0,0.0,24.81284628946465,20.586330517916828,22.777551856791156,38.674820265579044,100.0
651,Audi Q4 e-tron,77.0,11659.587427976056,40,private,19,12,515.2723422322821,437.0615037606502,442.30951603796774,601.9781621741054,1320.0,5.706521739130435,15.178543861446926,14.160050950575387,14.403482616159424,26.52399308962937,99.56768774703558
652,Hyundai Kona Electric,64.0,9285.183705924597,40,private,15,15,322.51244013508807,279.87182442171195,288.9635934898134,400.83229725287833,376.5275775952303,2.0653633529242463,13.221386342652586,10.402341885237787,19.53930799852178,27.90910426374372,99.45147089461146
653,Volvo EX30,64.0,12214.511644767157,43,public,15,5,457.0213257446536,452.7532747615052,459.5453100753739,569.6410101897358,839.7084958925905,913.9536936066182,0.9338844256762346,-0.552268392860622,19.77029083765771,19.327207512270096,-8.841782365808616
654,Peugeot e-208,51.0,11051.960866588015,45,public,10,5,336.71893679394435,322.7753667292619,329.2315234962217,476.7191241797091,0.0,0.0,4.141011550299356,2.223638910544723,29.367436774571022,30.93804993396676,
655,Tesla Model 3,60.0,12618.461955152996,41,private,9,15,362.44245708081417,329.8953380843792,344.67111733557493,511.9117995132335,0.0,198.18373379576096,8.979941052871155,4.903216882584138,29.19826082824164,32.669823656474485,
656,Peugeot e-208,51.0,13524.359402554228,55,private,17,15,536.9241886203102,412.2648401057871,418.6592728336949,583.3644225947836,1828.72859747581,6.270571720024471,23.217309101839867,22.026371374795197,7.9607586914383415,28.233663792606045,99.65710758126276
657,Volvo EX30,64.0,11371.402247912318,40,private,18,12,491.246127195596,392.1710734170296,396.53267089098904,530.3214121171757,1662.4495677654427,5.978260869565217,20.168108875312996,19.280244883619325,7.3682268957576795,25.227859590294223,99.64039445253063
658,Volkswagen ID.3,58.0,13429.19451162705,53,workplace,9,7,433.12300532144866,394.6207335269371,407.5056012525709,632.3428174810716,0.0,0.0,8.889454340098268,5.91457940449629,31.505032816409962,35.556222038567064,
659,Tesla Model 3,60.0,5815.987612602797,40,private,18,12,211.0089349393331,161.20808134571334,162.0487518048143,235.94576702736305,739.6419029070952,1.0869565217391304,23.60130086810681,23.202895720314064,10.568883011636299,31.319491827958412,99.85304286879003
660,Volvo EX30,64.0,14433.09053243609,51,private,16,14,583.1222124139106,473.3484475752766,482.57130573270155,673.1075715646047,1549.0550832746253,8.967391304347826,18.825172922878576,17.243539097055727,13.368644619689485,28.306956255002625,99.42110571785535
661,Audi Q4 e-tron,77.0,11771.386112644224,40,private,17,14,547.8293912101395,421.8340262299909,427.5313506083238,607.7502675033687,1905.173252361656,15.517325236165771,22.99901520468415,21.95903369406318,9.859457000222061,29.653449209554804,99.1855163189526
662,Volvo EX30,64.0,13310.476949081949,47,private,20,12,515.1985312626294,451.616095066428,457.28225094092113,620.7529008030824,1034.0,2.4456521739130435,12.341346556321886,11.241546085111931,17.004249098779056,26.334254685024504,99.76347657892524
663,Tesla Model Y,75.0,8278.472118797068,40,private,21,12,360.6057568240885,326.9876124098156,331.3495181886483,473.05349288228695,440.0,1.0869565217391304,9.322686556740845,8.113081414202716,23.770617435474595,29.95516930447859,99.75296442687747
664,Tesla Model 3,60.0,9130.613959284316,40,private,16,14,303.32114902426713,260.61399034320937,268.002118810777,370.4151139156177,721.1759056915922,4.30113677272459,14.07984864175791,11.644104055093251,18.11318231108543,27.64816857018714,99.40359394444829
665,Skoda Enyaq,77.0,11269.604864177056,40,public,17,5,499.4521850725373,475.9290815774395,480.56280805775503,552.9272382191908,1733.3142263924492,1733.3142263924487,4.709780875556979,3.782019095989919,9.671264038082173,13.08751408132821,2.220446049250313e-14
666,BMW iX1,66.0,10912.687022350956,40,workplace,9,8,332.84065197982517,297.2654776856855,307.1966928379583,526.7127007500974,0.0,0.0,10.688350140684156,7.704575444534711,36.80793124870102,41.676611860607096,
667,Cupra Born,58.0,11569.920207741878,46,private,6,15,453.5283641402508,369.5329573468432,384.96094844803446,552.8183331260425,0.0,143.23440541149915,18.52043078995441,15.118660951272345,17.960686727651197,30.363932348049783,
668,Volvo EX30,64.0,13325.088202436626,47,public,18,6,548.5097849029933,495.2283961931323,500.90967775577013,621.4343172496143,1948.0699600301377,936.7523879640257,9.713844707307096,8.678078032033909,11.73487371430907,19.394590248454612,51.91382202980361
669,Tesla Model 3,60.0,7084.1675094867605,40,public,9,6,206.95451627305084,182.3222554945132,188.62405619825822,287.393895604972,0.0,0.0,11.902258149340616,8.857240907276386,27.989244226149633,34.367410344190006,
670,Tesla Model Y,75.0,13082.663767060907,48,private,17,13,667.7461107740456,541.0065102202128,546.9874180028851,747.5775363379488,2343.503248708302,17.211186087483604,18.980207972595654,18.084522069500053,10.678681699688564,26.83201522047678,99.26557873999235
671,Volkswagen ID.3,58.0,10968.13738280786,43,private,18,15,465.07761938644654,362.0354679775081,368.0460816578646,516.4585924464267,1618.9924528101178,0.0,22.15590411443078,20.86351475192265,9.94871105088836,28.736575005082766,100.0
672,Cupra Born,58.0,10503.717724137241,42,private,12,14,376.25774528635117,337.07695681641604,357.92863779653544,501.8744831099669,0.0,94.04694136430301,10.413284234219965,4.871423304752531,25.029512766858787,28.681642553620545,
673,Skoda Enyaq,77.0,7728.25763669709,40,workplace,8,8,300.0669830294963,258.6631574543955,266.96348049958686,379.176040580491,0.0,0.0,13.798194375497442,11.032037645626414,20.863411472382186,29.593789710213457,
674,Volkswagen ID.3,58.0,12051.676583745335,47,private,17,13,518.3525526660947,407.5711150766617,411.6186619697945,567.4793912425706,1778.9322609484955,2.989130434782609,21.37183216705303,20.590983906093452,8.657026023254566,27.46544309415335,99.83197053084028
675,Tesla Model 3,60.0,5663.103806242028,40,workplace,18,9,213.02281759433754,164.14799130869397,165.50350599607,229.74350365257723,720.1990710112146,5.776715905715147,22.943470017712663,22.307146311790525,7.277979917780419,27.961616600768934,99.19790011703233
676,Ford Mustang Mach-E,91.0,12369.98288461278,40,private,18,14,563.0403068938854,469.8029482615714,476.0465007762398,650.665133420703,1760.0,15.466261455830246,16.55962414958796,15.450724406848027,13.466962040236098,26.836943256272406,99.1212351445551
677,Kia EV3,81.0,7682.288220314148,40,private,17,12,321.8603178121838,252.42031043836494,255.66538486082828,356.6761165992617,1118.1069485870275,5.978260869565219,21.574578638904907,20.566354187838233,9.761180288444915,28.320015565248113,99.46532298389523
678,Tesla Model Y,75.0,11067.072828632268,41,public,4,6,486.73912211048287,464.82072401766754,474.18447648608856,632.4014120528179,0.0,0.0,4.503110002289922,2.5793376891419473,23.033201249425638,25.01843489772524,
679,Tesla Model 3,60.0,10689.020246251854,40,private,18,12,381.06295697896104,297.3500225004567,300.27424435747815,433.6372854900629,1359.3645313168117,0.2717391304347826,21.968268745452015,21.20088325088585,12.124033211693607,30.75451433606966,99.98000984105629
680,Tesla Model Y,75.0,13511.288542573606,50,public,7,5,585.48779565588,566.2289163596802,570.5824492376587,772.0702741623314,0.0,0.0,3.28937331214999,2.545799678287719,24.166514985813535,26.097083603339065,
681,Volvo EX30,64.0,10558.745179859581,40,public,17,5,444.86697864917966,415.1433757065172,420.47569383095816,492.422001428767,1543.6426377077328,1543.642637707732,6.68145858632101,5.482826550148678,9.657371653095515,14.610701266201742,4.440892098500626e-14
682,Tesla Model Y,75.0,9429.836551090992,40,public,19,5,474.0109634486361,444.2658978855844,446.9495715931304,538.8454601029505,1320.0,819.0217391304343,6.2751851447999,5.709022352272686,12.032113371044684,17.054219681513636,37.952898550724676
683,Kia EV3,81.0,9840.540095823066,40,private,17,12,411.986779241709,330.6831719986501,335.88586881529994,456.8802322902132,1432.2264335116406,7.544791272573596,19.734518518459243,18.471687505720013,9.826087861903298,26.48273112373505,99.47321239881917
684,Volkswagen ID.3,58.0,13737.613263572714,54,public,12,4,411.99063996755933,411.721221127352,413.8684102158833,646.8653848919812,0.0,0.0,0.06539440804493868,-0.4557798323941986,36.30967901670038,36.01939137847137,
685,Tesla Model 3,60.0,12124.490362506158,40,private,6,15,396.10606697764473,318.6614275829174,333.2212347205868,491.87212369545307,0.0,106.36580134926314,19.55149033329453,15.875755889547383,19.46970606878765,32.25449895044192,
686,Kia EV3,81.0,10105.470340464277,40,private,2,12,344.61855728562847,299.1957928238475,315.9171282855184,469.1805115974189,0.0,0.0,13.18059155593685,8.328462989972307,26.548833814024874,32.66618700552686,
687,MG4 Electric,64.0,10432.182340277715,40,public,15,5,414.3383199431728,411.58867740427763,417.54155277227386,514.3723574817499,732.4525312907508,823.5874895832169,0.663622553490173,-0.7730959640760204,19.44778643011086,18.825040518028146,-12.44243884745202
688,Renault Megane E-Tech,60.0,7517.882171617871,40,workplace,16,9,274.7361012829643,252.08304939910275,259.3948888376432,347.47896545549486,209.27575377898052,38.391363066847106,8.245385946031913,5.58398127282167,20.934465508487733,25.349470147750143,81.65513091048625
689,Volkswagen ID.4,77.0,11800.758499864874,40,private,15,15,482.1021844007504,386.63211680905005,399.1397201828739,582.2609686036047,945.2694940551871,5.434782608695652,19.802869740233387,17.208481293441615,17.201699856862817,31.450029848282224,99.42505469150595
690,Volvo EX30,64.0,7096.00360014693,40,private,18,14,297.1915844727723,227.50399936716457,229.24289083459314,330.93215485446086,1037.4048741519157,0.0,23.44870741519678,22.863599505592457,10.195615592726902,30.728130382068553,100.0
691,Audi Q4 e-tron,77.0,12596.434260179649,41,public,18,4,509.9766323520001,509.141137032,509.55183451652164,569.7212400000002,1785.9599999999984,1785.9599999999973,0.16383011828341454,0.0832975098328137,10.486638631903578,10.561201032890843,6.661338147750939e-14
692,Volvo EX30,64.0,11231.681287555872,40,workplace,7,9,386.2664483682191,317.68568600925056,333.37422056774824,523.805327699161,0.0,0.0,17.754781097008976,13.693197538619728,26.257632761218332,36.35532077687911,
693,Tesla Model 3,60.0,16177.42444106689,53,private,11,13,450.2266813220149,430.6514851162319,450.8408693012773,656.2934917542816,0.0,289.2655167360186,4.347853429810888,-0.13641749917150392,31.39857594525999,31.304991598168463,
694,Audi Q4 e-tron,77.0,8540.70313734377,40,public,13,5,298.59202843941216,298.29616785221225,303.273133016514,440.95186129457085,0.0,81.16420621200949,0.09908522633582661,-1.5677259039926783,32.28466536850776,31.223074526514527,
695,Volkswagen ID.4,77.0,10725.170020621013,40,private,19,14,466.3945416196501,366.24582067435995,373.6561886478332,529.1903808315915,1320.0,2.717391304347826,21.47296162547343,19.88409912555239,11.866398461979111,29.39097115471855,99.79413702239789
696,Skoda Enyaq,77.0,14888.250065021508,46,private,17,14,662.1315242607072,514.4339431819753,522.8512865827907,730.4709516956233,2289.877591522329,24.016417022709987,22.306381083975936,21.03513162787827,9.355529782023709,28.42271340576793,98.95119210251131
697,Volkswagen ID.3,58.0,13559.143312238197,53,workplace,14,7,459.61959298496646,452.20693662889863,467.09713533815477,638.4617392552398,252.44745848037735,746.4045285126326,1.6127807580888498,-1.6268980842670144,28.01141169068191,26.840230726586746,-195.66727785879073
698,Hyundai Kona Electric,64.0,9425.29560704002,40,public,20,6,325.46306229157227,292.01709425234156,296.4559411412628,406.88079095804125,880.0,111.0853895065572,10.276425165958614,8.912569354590183,20.010216868376318,27.13936176656857,87.37666028334577
699,Volvo EX30,64.0,11440.48866813785,40,private,19,14,457.581624613825,389.42832741444374,394.11137712898744,533.5433549465095,1320.0,11.141304347826088,14.894238215290901,13.870803386915531,14.237217955849157,26.133204832342216,99.15596179183136
700,Volvo EX30,64.0,10954.37859054904,40,private,23,15,384.1883063360131,301.520524434209,322.7077849650215,510.87292458347986,0.0,0.0,21.517516420581117,16.002705016539576,24.797677103509464,36.832083002220436,
701,Tesla Model 3,60.0,11567.483349593203,40,private,19,14,428.47566185016086,336.8211496059742,341.71950347778113,469.27519680094275,1320.0,0.0,21.390832760120336,20.2476280677801,8.694159680484503,27.181426632541207,100.0
702,Tesla Model Y,75.0,9419.889845193224,40,public,20,6,452.91378174963165,421.1947125045878,424.9843885343867,538.2770793800233,880.0,229.67362044671785,7.00333496642811,6.166602638443042,15.85861648218635,21.04728125821832,73.9007249492366
703,Peugeot e-208,51.0,10754.388318085392,44,private,20,15,385.27198722842826,310.76420708319785,325.88396964901443,463.88352636910196,968.0,0.0,19.339007925602093,15.414569329745376,16.946395953307515,29.74875132993714,100.0
704,Volvo EX30,64.0,7450.265298143997,40,private,19,15,305.73499262811106,238.36615787955958,245.50769856354276,347.4536497277359,1089.1963941308345,0.0,22.035042233617453,19.699182467421185,12.006970464208832,29.340877911076145,100.0
705,Volkswagen ID.4,77.0,11245.9203595911,40,public,19,5,480.77353146768394,454.61015873638956,457.7140694258943,554.8847119860551,1320.0,870.9239130434781,5.441932847555897,4.796325199391638,13.35614027878167,17.51186155631601,34.02091567852439
706,BMW iX1,66.0,11935.545274793812,42,private,22,14,444.7928126290259,382.61134041747977,401.0566814447154,576.0820661067003,0.0,0.0,13.979873425564504,9.83292219264974,22.79002614418435,30.382022798391915,
707,Renault Megane E-Tech,60.0,10451.951486309894,40,private,18,12,463.8568441523197,339.1373399051366,340.4867765758817,483.09260594229283,1514.3968838316407,0.0,26.887498981523727,26.59658235762199,3.9817959441654005,29.519356664184983,100.0
708,Kia EV3,81.0,7413.038549619315,40,private,19,13,294.8880703942216,239.47414834403793,241.1125840024987,344.17529338292843,1078.9194149935065,0.0,18.79151027578141,18.235897545747804,14.320383809151005,29.94483083530417,100.0
709,Kia EV3,81.0,13114.884779644703,40,public,16,4,487.13890843199994,486.84920297199994,487.2367628365218,555.8256000000002,1302.3999999999987,1305.9826086956502,0.05947081109420882,-0.020087577245031518,12.35759770114947,12.339992465888294,-0.27507744899044617
710,Cupra Born,58.0,11748.309833204237,47,private,20,15,461.47738493334623,381.4444038753149,394.67586671967257,561.3419057716936,1034.0,0.0,17.342774244417402,14.475577871128431,17.790319912257512,29.690646170964243,100.0
711,Hyundai Kona Electric,64.0,9360.026936034861,40,private,17,14,388.22871415102156,294.0755460413521,298.84916494216924,404.06320628053504,1266.6558190612395,9.65552591131359,24.251984636315115,23.022395291988506,3.9188156415607467,26.039005705784867,99.23771511044968
712,BMW iX1,66.0,10335.48502142464,40,private,20,13,406.85879016436826,355.7434018560137,361.7450248516251,498.8534187819095,880.0,4.312486820171457,12.563422382420274,11.088310343379215,18.441214423702245,27.484705680693345,99.50994467952597
713,Audi Q4 e-tron,77.0,7663.534007907773,40,workplace,15,7,300.335626564226,289.99788429357693,301.1077814848032,395.664095864144,360.3263193233337,744.1359973669644,3.4420632639925453,-0.25709734453100985,24.093282735628897,23.898128581221545,-106.51724768937143
714,Renault Megane E-Tech,60.0,8704.35182016639,40,public,22,5,322.26115162628383,297.27608727064154,298.4789112284716,402.3179795036843,0.0,0.0,7.753048802052531,7.379803701996246,19.89889389884135,25.81019829223461,
715,Tesla Model Y,75.0,9772.193151477864,40,private,15,13,478.8647021436448,404.6285320596789,417.1806676379406,558.4086093532319,870.4972080038613,26.65529518280175,15.50253542423291,12.88130744019652,14.244749432090165,25.2911469038535,96.93792295509769
716,Volkswagen ID.4,77.0,13640.24157889353,42,private,19,12,569.1573506186187,496.44176492947236,501.773200856965,673.0228632171943,1386.0,18.129212043299667,12.776007480200613,11.83928305387143,15.432687101011112,25.44485064617553,98.69197604305198
717,Tesla Model Y,75.0,9549.487573956429,40,public,19,4,475.95870264581447,473.1620658993263,473.61871336972746,545.6826316825847,1320.0,1271.7391304347811,0.5875797061681842,0.491637039742987,12.77737735976313,13.206196079697785,3.656126482213551
718,Hyundai Kona Electric,64.0,12352.067913929981,40,private,22,15,397.3096174437241,330.9866884782727,350.616398976806,533.2266882996583,0.0,0.0,16.693008689840127,11.752350413096114,25.48954766111644,34.24627711436501,
719,MG4 Electric,64.0,9771.087515733141,40,private,21,12,388.0394619614054,345.50619507487846,353.1925784956344,481.7762148599826,440.0,0.0,10.961067379986545,8.98024218713015,19.456492455905007,26.689494499374177,100.0
720,Volkswagen ID.4,77.0,11493.005158265605,40,private,18,13,509.94159209711927,413.2022148279608,417.8670033327132,567.0761176660451,1760.0,3.8043478260869565,18.970677969475037,18.05590879256429,10.075283333052077,26.31200815640805,99.78384387351778
721,Kia EV3,81.0,10640.343850305073,40,private,18,14,454.57534410123617,361.42130738191514,366.10753559677806,494.0138165829518,1548.6326538650526,4.204946781408952,20.49254054979611,19.4616381316,7.983273171286564,25.89123556723367,99.72847358145818
722,Tesla Model Y,75.0,12861.993954203108,48,private,11,12,470.13477575529606,464.22417317973026,485.200833435247,734.9678875708726,0.0,418.4833025402944,1.2572145011119695,-3.2046252387406327,36.03329020140881,33.98339687481117,
723,MG4 Electric,64.0,9778.763169301359,40,private,23,12,362.7889521488531,330.95301147475675,343.950578781782,482.154672970885,0.0,0.0,8.775333561159282,5.192653540161196,24.75672797829335,28.663850406661616,
724,Tesla Model Y,75.0,7506.163132494655,40,private,15,15,365.40065470090457,290.19877709802665,303.31194577335566,428.92174268587274,464.5822654729551,0.0,20.580663070906024,16.991953388362447,14.809481931879775,29.285015053319253,100.0
725,Tesla Model Y,75.0,7923.531621313645,40,private,19,14,397.39508129265073,322.07599842725654,327.44210537353126,452.77126692435166,1320.0,3.804347826086957,18.95319957670224,17.60287915280071,12.230499079119594,27.680458259238485,99.71179183135705
726,Volvo EX30,64.0,9785.18828826536,40,workplace,15,7,397.25565996113454,360.5549439378118,371.18155707087783,456.3460827197492,550.5519834474899,934.4327966950821,9.238563404461841,6.563557305340262,12.948598661446864,18.66226727340453,-69.7265335134708
727,Tesla Model Y,75.0,8214.558664215065,40,private,17,12,465.23553195257455,351.31522614597014,355.5741595337881,469.401311356721,1471.477465068091,0.0,24.486587541687864,23.57115157531975,0.8874665032583828,24.249432003914904,100.0
728,Kia EV3,81.0,11848.364314338218,40,private,14,13,426.403135898715,372.3751763387733,390.70581401999294,550.1002371294287,404.4521540107469,92.3773898116756,12.670629038895044,8.371730616728247,22.486283931851858,28.97552343209282,77.15987196616068
729,Volkswagen ID.4,77.0,9929.96771896081,40,public,9,5,339.9174112157726,322.7756783517941,328.09168219075644,489.95432135238167,0.0,0.0,5.042911100866565,3.4790006733457335,30.622632273652417,33.0362713640016,
730,Tesla Model 3,60.0,16150.388344557885,53,private,20,14,544.1413918976424,454.3290565548783,468.67687905903034,655.1966784607974,1166.0,2.6116783493288054,16.505330540937514,13.868548499028277,16.949915989203213,28.467757168724294,99.77601386369392
731,Tesla Model Y,75.0,7144.405036649681,40,public,16,3,352.4983718259296,352.16967125409116,352.67230162602715,408.2499413725191,839.7803804781174,844.9977717824644,0.09324881988412859,-0.049342015169195896,13.656234550617462,13.61363079677177,-0.6212804473208156
732,Tesla Model Y,75.0,11395.956661374465,42,private,8,14,488.39374766644534,439.58936275773306,457.4625902460657,651.1946922135317,0.0,445.6618945279914,9.99283572770957,6.333241891029373,25.000348819443797,29.750258146136687,
733,Tesla Model 3,60.0,8479.782878522585,40,public,18,6,317.3840687578264,267.05743269620683,270.25454064677905,344.0118873642375,1078.4071704208063,364.9790848611798,15.85669887546256,14.849367926847211,7.740377464985027,21.440348263129838,66.15572532601384
734,Tesla Model Y,75.0,9869.451064561934,40,private,15,12,494.8726839366284,402.3942352022613,416.04477264141394,563.9661802231507,887.9190602606594,107.64513287602914,18.687321352780415,15.928927551254546,12.251354550938377,26.228772711726624,87.87669533251955
735,Skoda Enyaq,77.0,11259.708646615793,40,private,21,12,424.8288060657667,384.7551904495224,392.019991916335,552.4416942883338,440.0,4.3478260869565215,9.432885681024327,7.722831804478114,23.099793071730502,29.038666710096372,99.01185770750988
736,Volvo EX30,64.0,5857.436689025312,40,private,16,15,239.50237582195086,198.63356556628642,201.02281588713774,273.1698368054082,416.33177681946114,3.804347826086957,17.064052127001382,16.066462724119003,12.324735914177909,26.411049536799403,99.08622208586863
737,Volvo EX30,64.0,11468.64919576578,40,private,13,14,381.3098030942718,352.5773089967437,370.6399584940784,534.8566609444878,0.0,68.41304213292098,7.535209917072216,2.7982088353378676,28.708038819049587,30.702936775700586,
738,Tesla Model 3,60.0,15117.367342380427,50,private,8,15,461.18762862270495,397.32785680469067,414.68667653548704,613.2885883909404,0.0,320.10556157539287,13.84680937967172,10.0828706585406,24.80087884356309,32.38310896612586,
739,Tesla Model 3,60.0,9956.970126572782,40,workplace,11,7,269.1344370847569,265.9246482331083,272.03962160279315,403.9391261239956,0.0,12.76986439179431,1.1926340183057715,-1.0794547697072776,33.372525789407746,32.65331234110602,
740,Tesla Model Y,75.0,11518.979206404067,43,public,15,4,487.5435643759999,487.5006422879998,488.01655236591324,597.5125200000001,927.079999999999,934.8643478260853,0.00880374414438112,-0.0970145079278728,18.40446048293686,18.3253009717833,-0.8396630092426083
741,Tesla Model Y,75.0,13194.578507944625,49,private,19,12,653.8983068029347,570.9333605037275,576.9668495458031,753.972636583542,1617.0,11.421165759474189,12.687744475871588,11.765049160819496,13.272939218864977,23.476420555499324,99.29368177121371
742,Peugeot e-208,51.0,10590.941834940877,43,public,16,3,380.04465459399995,379.9984755489999,380.29336060339136,448.1343900000004,931.8099999999995,935.0891304347814,0.012150952379363922,-0.0654412597006715,15.194043779144106,15.138545693091965,-0.3519097707453067
743,Tesla Model Y,75.0,9677.697187116051,40,public,13,4,376.0636463079679,376.0636463079679,376.6585733210113,553.008863438386,0.0,0.0,0.0,-0.15819849083638093,31.996813944399406,31.88923393033879,
744,Volkswagen ID.4,77.0,5966.137275849363,40,public,11,3,193.97057244698848,188.37068332273597,190.40257086993702,294.37504962904694,0.0,0.0,2.8869787069288333,1.8394550946776111,34.107672273374355,35.31973205274345,
745,Kia EV3,81.0,12353.769675474992,40,workplace,9,9,394.4939600698011,368.8108687809074,380.1368397540081,573.5653840165287,0.0,25.81521739130435,6.510388976386194,3.6393764592118627,31.22075162429384,33.72388739850215,
746,Tesla Model 3,60.0,10702.161182693715,40,workplace,17,8,401.46741394545114,333.93826482585496,338.3981189902925,434.17039328443235,1361.0357156251785,288.74549729624937,16.820580394296115,15.709692185310987,7.532291433229288,22.0586838198794,78.78486993534796
747,Kia EV3,81.0,8732.222365459926,40,private,11,15,279.4589108947855,262.94661693049625,278.5239590801922,405.4228471092302,0.0,54.68602574322934,5.908666111744076,0.33455788244495244,31.069767555676787,31.300379081706897,
748,Renault Megane E-Tech,60.0,11227.246795508148,42,workplace,20,8,442.15582175520643,373.92120012461004,375.72801770578684,518.9270079471244,1626.7304324361253,0.0,15.43225674598797,15.02361854825841,14.794216723393294,27.595208583926446,100.0
749,Peugeot e-208,51.0,9671.740018594463,40,public,13,4,272.9080610019899,272.85963770656207,276.7283878082434,417.18419804553827,0.0,0.0,0.017743446364326676,-1.3998585429199295,34.58331780529227,33.66757679109487,
750,Volvo EX30,64.0,9792.746772856999,40,private,8,14,356.53562136047384,303.88191237431164,316.00919745297136,456.6985833291481,0.0,286.603139336797,14.768148210617893,11.366725084259787,21.93196248574426,30.80574168866651,
751,Tesla Model 3,60.0,12277.77763187807,40,private,15,12,427.5497976504579,358.945775645448,369.6241912249222,498.0907549506357,681.4130249236237,80.32608510105804,16.045855332411342,13.54827127596786,14.16226994760602,25.79179847223735,88.21183596981267
752,Volvo EX30,64.0,8018.94251920078,40,private,6,15,313.75889429221127,249.73983420162114,262.8776220114198,373.9747154973573,0.0,82.84097197914413,20.40390288696251,16.216678859597355,16.10157551027579,29.70711357803615,
753,Kia EV3,81.0,13243.620476501532,40,public,19,5,547.7512442381749,527.3349634570277,529.1545926109251,614.8797058644932,1320.0,1054.3478260869551,3.727290626156887,3.3950907136896524,10.917332445041216,13.94176981870665,20.125164690382192
754,Hyundai Kona Electric,64.0,7889.067302770696,40,private,18,12,312.05670408640236,246.19752333940826,247.96184928947912,340.56331789477105,1067.5966078206,0.0,21.10487609609534,20.539489765032137,8.37042990554162,27.19067607683585,100.0
755,Volvo EX30,64.0,9498.683915701973,40,workplace,9,8,313.16700655690886,289.42144115080714,298.59196029835897,442.9845464621207,0.0,0.0,7.582396902908306,4.65408103452345,29.305207358133533,32.59540029487431,
756,Tesla Model 3,60.0,15161.252165005804,50,public,18,5,556.0248672660599,512.630374676966,517.5463074249301,615.068928863599,1928.115764462697,1386.5889599711427,7.8044157993260255,6.920294775722269,9.599584506183534,15.855559736833346,28.085803480915995
757,Ford Mustang Mach-E,91.0,13418.906927996904,40,public,17,3,392.9464754929999,392.83356543199994,393.09496727169574,416.8692000000003,1306.8000000000002,1306.7999999999984,0.02873420886605471,-0.03778931431042132,5.738664431673146,5.7030437193020145,1.4432899320127035e-13
758,Tesla Model Y,75.0,11163.752743565014,41,private,22,12,481.4789752161209,441.4512168970369,453.4698853734884,637.9259546005486,0.0,0.0,8.31350077147539,5.817302786702172,24.524316381262533,28.914965427697858,
759,Kia EV3,81.0,8890.238828052336,40,public,22,6,324.8393004911426,304.2265794549264,307.16694914022366,412.7592938318592,0.0,0.0,6.345513306133411,5.440336598496276,21.30054844422996,25.58206351003436,
760,Skoda Enyaq,77.0,9790.893648327234,40,public,18,4,437.1656920680013,423.1366371634931,424.89900004806424,480.37636189675993,1505.882012215546,1505.882012215545,3.2090932932417715,2.805959443411443,8.995169882660726,11.548728507298744,5.551115123125783e-14
761,Tesla Model Y,75.0,11110.472938942676,41,private,20,14,505.4850469828771,440.9338921896793,454.09022737460896,634.8814075736334,902.0,14.919613494519048,12.770141308529048,10.167426299755434,20.3811860053169,28.476370238965664,98.34594085426617
762,Tesla Model Y,75.0,11032.17587882372,41,public,19,3,367.22254063,366.692633593,366.94098836043486,427.29093000000034,1339.4700000000003,1339.4699999999982,0.1443013373010671,0.07667074822862441,14.057960315235396,14.123852720104646,1.5543122344752192e-13
763,Tesla Model Y,75.0,10750.992664119141,40,private,18,14,536.7622213889508,427.68567206543247,433.6477673200314,614.3397668955869,1760.0,3.532608695652174,20.321204618549128,19.21045296408821,12.627791604417027,29.412388601935625,99.79928359683794
764,Ford Mustang Mach-E,91.0,10882.476794155637,40,workplace,14,7,462.7202114623705,448.74682160150087,460.26530343755985,572.421828006324,474.4257931232715,775.3790129014827,3.0198356403556392,0.5305383175401412,19.164471230251813,19.593334684561516,-63.43525671253158
765,Tesla Model Y,75.0,10480.5185097458,40,private,7,13,444.7082570067187,377.831100067823,395.6081851769973,598.8841681299438,0.0,43.792618239628354,15.03843382379233,11.040962486329454,25.743861555841374,33.9424539452578,
766,Volvo EX30,64.0,7792.066568948372,40,private,19,14,311.1059376145592,253.37223503307868,257.85590177230074,363.3940349717546,1139.1662538299524,0.0,18.55757013966379,17.11636757901802,14.38881553497695,29.04234055676147,100.0
767,Tesla Model Y,75.0,9818.841474667775,40,private,22,13,425.0223724197548,378.81772734581654,392.7153002893736,561.0742162315813,0.0,0.0,10.871108927956918,7.601263892639166,24.24845766850773,30.006532303868727,
768,Tesla Model Y,75.0,12953.026678231194,48,private,8,14,524.4407364318015,465.472055889953,486.5116242533388,740.1697348985089,0.0,381.2787674950183,11.244107569343399,7.23229710119877,29.145882126116362,34.27026243918922,
769,Volkswagen ID.3,58.0,7953.347888363052,40,private,20,12,311.3697048564554,270.40259681594137,272.99165296650006,374.50067521028814,880.0,1.358695652173913,13.15706293886244,12.325557461554604,16.857371570394008,27.105164012531922,99.84560276679841
770,Volvo EX30,64.0,10534.87342972898,40,workplace,17,8,461.1800662680429,385.8252269877328,391.69563313852046,491.3087086296054,1540.152691628855,402.163884643114,16.339569897306237,15.066660120807851,6.132324103433784,20.27504779407088,73.88805104656291
771,Volkswagen ID.4,77.0,9154.738895991852,40,private,14,15,330.4713580444834,304.285412923272,321.6916400095412,451.7037728510713,95.99928793439175,7.880434782608696,7.923816840334641,2.656725861779652,26.838920127098152,28.782609456838802,91.79115288022305
772,Volkswagen ID.3,58.0,11193.857440381864,44,private,18,13,469.16495276960757,381.61733131995277,385.8901095794491,527.087112053076,1652.310696091148,7.336956521739131,18.660307197465954,17.749587367633612,10.989105587851267,26.788172058247717,99.55595781476838
773,Peugeot e-208,51.0,10098.893333463668,41,workplace,17,7,398.6971072540637,341.6222705633279,349.9338005248966,435.6091777041727,1365.5460116118275,575.6925305188037,14.315337546295703,12.230664793384982,8.473666841605521,19.667945847885527,57.84158676284494
774,Tesla Model Y,75.0,14185.492126294524,52,workplace,18,9,718.3963531907021,614.1751959981469,620.1990711729525,810.596025728104,2288.0,258.3531134166684,14.507473030683549,13.66895608275488,11.37430601816547,23.488513206579164,88.70834294507569
775,Peugeot e-208,51.0,12059.417107676656,49,private,9,15,360.2718372721369,314.2962035889525,331.0436859035282,520.1750921023881,0.0,171.302672240127,12.761373198442927,8.112804928055128,30.740275199254796,36.35918156604707,
776,Volkswagen ID.3,58.0,8077.151066947908,40,public,13,5,252.9129849068237,252.62444558427623,257.26632925809565,380.33021701130104,0.0,48.40387742796619,0.11408640116037372,-1.7212814727072034,33.50173780714649,32.35711554034864,
777,Tesla Model Y,75.0,12419.989345434,46,private,19,15,603.7956252297191,492.49095152105406,505.9088466167436,709.7105911703036,1518.0,11.671614659323485,18.434163657002035,16.211905903712655,14.923683999971315,28.7161762962412,99.23111892889833
778,Renault Megane E-Tech,60.0,9253.512434786082,40,public,10,6,315.1064203955637,291.5681783822404,296.41523979303435,427.7003621855194,0.0,0.0,7.469934120598043,5.931704145877347,26.325425869318508,30.695583637485623,
779,Peugeot e-208,51.0,9686.377946683202,40,private,17,14,388.9177147063215,298.34005504053664,303.46330039257344,417.8155955271716,1309.7667571384682,5.7065217391304355,23.289671887067833,21.972363582943544,6.916419858475775,27.3690825231921,99.56431007978873
780,Volvo EX30,64.0,11637.263654034597,41,workplace,6,8,428.11800268161926,339.1438519497052,356.3588223308889,542.7202344654149,0.0,0.0,20.782623055933936,16.761542355436955,21.116262948382612,34.338393945840984,
781,Ford Mustang Mach-E,91.0,9873.073150791004,40,public,9,3,287.10566029200004,286.66733271000004,286.8540404658262,416.8692000000003,0.0,0.0,0.15267117393443774,0.0876401482011735,31.1281187739464,31.188478192721846,
782,Kia EV3,81.0,12905.354237747271,40,public,17,5,551.3202847768496,532.8936562697698,536.1709938565804,599.1745559201745,1878.2901439503896,1878.290143950389,3.3422729066713064,2.747820339387841,7.9866994802263225,10.515059666850712,3.3306690738754696e-14
783,Volkswagen ID.3,58.0,9253.822965285664,40,private,19,13,383.13211648470053,305.6326746484116,309.5010062112683,435.73637132692124,1320.0,0.0,20.227863575457718,19.21820361837834,12.072495734525946,28.970582540823052,100.0
784,Cupra Born,58.0,9594.507049824915,40,workplace,13,9,316.8154639740043,302.2971479514023,314.16618820254496,458.4318041278404,0.0,417.2107007099079,4.582578085201439,0.8362204730248624,30.891473688929384,31.469373334548333,
785,Tesla Model 3,60.0,9512.547743129642,40,private,20,13,322.99363142912813,272.621679706932,277.8132890279277,385.90958632263886,880.0,0.0,15.595338985266904,13.987997906117855,16.30328893693508,28.01078312792611,100.0
786,BMW iX1,66.0,9711.251141102464,40,workplace,10,9,306.93919432153854,291.474623669475,300.5707513075665,468.724092033072,0.0,31.989799874072073,5.0383173404252135,2.074822353023009,34.51601922354747,35.8746954943466,
787,Tesla Model 3,60.0,13357.22950664971,44,public,12,5,344.4967897443211,343.82596789715296,348.05552657181823,541.8824748659648,0.0,0.0,0.19472513739998698,-1.0330246706038437,36.42592153777758,35.769185623153774,
788,BMW iX1,66.0,12327.063883006564,44,public,1,5,430.42341822938465,425.0916927776233,428.05737833103086,594.9791372957932,0.0,0.0,1.2387163955191571,0.5497005502365204,27.657393133870478,28.05506084186904,
789,Volkswagen ID.3,58.0,14694.777259286435,58,private,13,15,460.1637580920801,424.78338954917524,455.2211646455724,691.935532421457,0.0,16.473964614151008,7.688647339285937,1.0740944630234672,33.496151515486126,34.210465669755806,
790,Volvo EX30,64.0,15916.140806539368,56,private,16,13,670.6688227628662,521.2520691525505,531.7708737437654,742.2717167119291,1710.8705853038518,15.217391304347828,22.27876837852446,20.710363193401648,9.64645322419736,28.35900091958613,99.11054690897937
791,Tesla Model 3,60.0,8692.729700068176,40,private,12,13,239.08494917896007,224.62012570930378,236.2298655711019,352.65081586483115,0.0,81.77569631401725,6.050076978634511,1.1941712005137939,32.20348899728624,33.013095406633816,
792,Tesla Model 3,60.0,11104.217888846762,40,private,1,13,330.00707594790117,260.81185416941827,280.98435982019635,450.4812220276386,0.0,0.0,20.96779942664225,14.855049997607972,26.743433508166493,37.62573308705929,
793,Tesla Model Y,75.0,8374.121306550882,40,private,11,15,310.82816047836985,287.8499644512501,303.7804898669755,478.5191369901604,0.0,68.48425992604191,7.392572150398435,2.2673848471605362,35.04373462815944,36.516543146481936,
794,Tesla Model Y,75.0,9247.043018231296,40,private,19,15,463.19921120847243,349.70159768247066,359.9439167352432,528.4001607826532,1320.0,1.0869565217391304,24.50298074340196,22.291768201383455,12.339312970232019,31.880430126648108,99.91765480895916
795,Tesla Model 3,60.0,9570.119302540084,40,workplace,13,7,252.77857023467482,252.69282517086168,260.8595922737893,388.2451768790254,0.0,166.47955165125757,0.03392101780366197,-3.196877817455901,34.89202563527558,32.81060324541484,
796,Tesla Model Y,75.0,8634.830825637178,40,private,22,13,388.900497789739,345.2007875574741,359.06530677314447,493.41675902254093,0.0,0.0,11.236732912564019,7.67167725064859,21.182146597502836,27.22879792643177,
797,Tesla Model Y,75.0,8646.366872352473,40,private,20,13,408.5168153855675,346.0280860835002,351.3126721739941,494.07595882588777,880.0,0.0,15.296488895589032,14.002885819420396,17.317001953230292,28.895007761793046,100.0
798,Skoda Enyaq,77.0,10634.017211040642,40,private,18,14,474.8416626333197,363.79649262428023,368.4746982859881,521.7430281310412,1635.5580819154895,2.989130434782609,23.385725968782634,22.400512153346973,8.989361231280657,29.376210429506344,99.81724094865027
799,Skoda Enyaq,77.0,8285.386663733769,40,public,8,3,306.5084548806439,305.2516192901721,305.46479835764035,406.51078904450736,0.0,0.0,0.4100492402277278,0.3404984451113924,24.600167291725818,24.85690254971409,
800,Skoda Enyaq,77.0,12794.258040511415,40,workplace,12,9,426.2280181260533,420.4467359445974,432.27556809033183,627.7321919148093,0.0,447.41950178045494,1.3563824843973893,-1.4188532210686278,32.10034093903893,31.136944439357862,
801,Tesla Model 3,60.0,8940.119753055644,40,private,7,14,271.94467702171346,212.5208047051268,222.17090949496702,362.6870538514087,0.0,67.01070682357364,21.851456320964115,18.302901925442818,25.019469503003545,38.74308246304554,
802,Audi Q4 e-tron,77.0,17102.9560445111,56,private,17,12,820.0251841628835,640.0409767498187,648.9833405457034,883.0163254933017,2768.076255464894,40.27642158815257,21.94861949231478,20.858120813909743,7.133632698719106,26.50381178590945,98.54496705036082
803,Volkswagen ID.3,58.0,9961.468052387974,40,private,17,12,421.10747885667183,329.91235580708445,333.76758328117717,469.05737861201925,1470.3993059937898,3.2608695652173916,21.656020761537352,20.740523491206307,10.22260856384677,28.842909524454363,99.77823237865218
804,Tesla Model Y,75.0,11107.718635798345,41,private,17,14,549.238966837859,440.9236475446427,446.4919196574366,634.7240195068276,1989.7304686734437,20.540880996276968,19.720982274222386,18.70716634909745,13.468066441756744,29.65573919758778,98.96765510104635
805,Tesla Model Y,75.0,8113.202806019383,40,private,16,13,411.10529777850644,329.9186149295509,336.11193253515205,463.6095732128325,1013.3215461217333,4.891304347826088,19.74839129723328,18.241887333633677,11.325105965881887,27.501080228804774,99.51729987716668
806,Hyundai Kona Electric,64.0,14686.340950299531,48,private,19,15,566.6662438727054,447.566014955815,463.0449942256178,633.9949717517616,1584.0,0.0,21.017703137377076,18.28611652229718,10.619757392242924,26.9639327034093,100.0
807,Tesla Model Y,75.0,13401.706490958386,50,public,20,6,616.707826007788,583.9252096529342,587.6153231932327,765.8084698668173,1100.0,421.50493594823337,5.315745150676876,4.717388297613057,19.46970420488554,23.26863095475744,61.68136945925151
808,Volkswagen ID.4,77.0,11600.245756912087,40,private,20,15,464.9084937192162,390.98542968498197,405.13281117833816,572.3674737125434,880.0,0.0,15.900562160707787,12.857515693610855,18.774473555654158,29.21805836545396,100.0
809,Cupra Born,58.0,8000.502418172751,40,workplace,13,8,257.4313062749733,256.1189519375925,264.473522736792,382.26922325926273,0.0,254.53574541467088,0.5097881669368531,-2.735571117483526,32.65706716327038,30.814853342922476,
810,Tesla Model Y,75.0,11411.360462216919,42,private,18,15,562.9845566618189,458.958731469984,467.22365676956366,652.0749055774976,1848.0,17.419570501380647,18.47756283203388,17.0095074117243,13.662594305293418,28.348161726025012,99.05738254862659
811,Tesla Model Y,75.0,8494.066009222212,40,public,2,3,308.259981997,308.22137368,308.26555396808703,416.8692000000003,0.0,0.0,0.012524595878415923,-0.0018075557686403343,26.05354821200516,26.052211588650152,
812,Cupra Born,58.0,14152.55802700666,56,public,18,4,646.5777193079367,622.9185315942368,625.2092586999553,676.2184524595264,2119.8070610016484,2119.807061001646,3.6591405808142463,3.304855699459164,4.383307353382781,7.5433010699488605,1.1102230246251565e-13
813,Volkswagen ID.3,58.0,12722.136462758448,50,workplace,11,7,441.4075408449073,439.14160171916296,448.27585216307386,599.0494521673784,0.0,32.51083467234331,0.5133439998345035,-1.5560022615426439,26.315341872380994,25.168806925505272,
814,Tesla Model Y,75.0,11159.011494288143,41,private,16,14,561.7913419435225,451.6529648986038,461.45348615173606,637.6550272483923,1547.9185807159615,15.443006058254822,19.60485483167006,17.860342141384145,11.897292746555554,27.632737697842803,99.0023373160162
815,Audi Q4 e-tron,77.0,5614.337297488364,40,private,17,14,278.40312542726423,208.18743037286484,211.05681100720463,289.8651833990538,908.6682865174098,2.7173913043478266,25.220871693390524,24.190214932646125,3.9542720644755502,27.187940085703456,99.70094793175157
816,Audi Q4 e-tron,77.0,8796.319006736723,40,public,21,4,360.3219290038212,352.8933893908033,354.4114975579114,454.1491697096609,440.0,237.4008261317818,2.061639610321675,1.6403196614345195,20.660004897911357,21.9614344369521,46.04526678823141
817,Volkswagen ID.4,77.0,12456.19687820372,40,workplace,13,7,458.92909714823503,452.65848776530606,461.74579877686017,614.6009393805615,166.64871279172755,478.87639516074756,1.3663568995503361,-0.6137552938194624,25.328930084165446,24.870632439605377,-187.35679210389858
818,Volkswagen ID.3,58.0,13606.215284873711,54,private,18,14,596.9216132486339,468.5371850270769,474.2714369840139,640.6782254171586,2008.3956909628826,1.358695652173913,21.50775334182471,20.54711599352541,6.829732997408167,25.973535829908045,99.93234920497551
819,Volvo EX30,64.0,13379.081887167767,47,private,18,12,557.8532232458626,441.9221765269519,446.314928225425,623.952389032475,1955.963601982678,4.619565217391305,20.781639665782926,19.994201050135263,10.593623319418388,28.469714024575122,99.76382151422916
820,Tesla Model Y,75.0,7463.491525091213,40,private,17,14,380.42180630687443,299.3375096701542,303.0132342921335,426.4833757216031,1336.9384818859032,0.0,21.314313557333797,20.348090128224094,10.800320021101228,28.950751297295017,100.0
821,Volkswagen ID.3,58.0,11610.39955192026,46,public,16,5,463.41960793260574,446.7224641202115,456.1055918415184,546.7009029011911,1207.795933859534,1315.1628307436397,3.6030292043280343,1.5782707433801613,15.233429198055903,16.571275185189617,-8.889489844614129
822,Volvo EX30,64.0,13173.978324097616,47,workplace,9,7,425.815914484288,399.63945655274085,410.32522545172765,614.387094548445,0.0,0.0,6.147364868513627,3.637884002367864,30.692568534947963,33.213892496667164,
823,Hyundai Kona Electric,64.0,7318.245111374883,40,workplace,10,7,220.12590440311425,207.43231309051058,213.30094269283663,315.92148230522747,0.0,0.0,5.76651409883956,3.100480940116501,30.32259066496793,32.48292546096756,
824,Peugeot e-208,51.0,10932.689111332613,45,workplace,13,8,294.81986507296625,293.71351477783855,305.1910823694869,471.5744148026947,0.0,310.0601142282123,0.37526314410797346,-3.517814952514753,37.481793791480825,35.28251898543353,
825,Tesla Model Y,75.0,11549.71485229552,43,private,5,14,533.1158847916134,428.86588639687665,450.31358839204853,659.9808363510847,0.0,10.342340941817534,19.554847523533546,15.531763123496312,19.222520499365515,31.768687272534855,
826,Volkswagen ID.3,58.0,10291.32555918565,41,private,20,13,393.83906036428925,339.7246814932621,346.4065009812866,484.5894364011241,902.0,2.989130434782609,13.740226482607643,12.04364019636065,18.727270802848295,28.5154658851158,99.66861081654295
827,Volvo EX30,64.0,6893.765536671369,40,private,16,13,291.81786375569925,222.96904237100642,230.1151320193046,321.50049699310125,567.8385485677159,1.5546593663668256,23.59307977195354,21.14426133557411,9.232531058276694,28.424641899000736,99.72621454279773
828,Peugeot e-208,51.0,10236.721138938534,42,public,18,5,418.58250235046506,372.932474498451,377.7499507873051,441.5542902056321,1384.1827279173415,931.2740477878751,10.90586147191429,9.754959018562182,5.20248322000656,14.44994213250952,32.72029559355348
829,Volvo EX30,64.0,10233.201107741497,40,private,19,12,408.52573112562976,344.8429284164638,347.940692600229,477.23979361761167,1320.0,10.597826086956523,15.588443482788172,14.830164640662414,14.398225674164767,27.09310974201442,99.19713438735178
830,Volkswagen ID.3,58.0,10625.721434040419,42,private,19,14,440.5106591426752,357.91474198368553,363.7670533039248,500.33519311621507,1386.0,4.3478260869565215,18.750038266891977,17.421509388242573,11.956891059558982,27.29532954931855,99.68630403413013
831,Volkswagen ID.4,77.0,9715.997578319098,40,private,18,12,428.7057986986303,347.9098606744071,352.24891870651743,479.3968252945045,1502.8113645595743,4.891304347826088,18.84647659758406,17.834347056700338,10.573917873722571,26.52247571933276,99.67452306635573
832,Tesla Model 3,60.0,9979.803384401186,40,private,22,12,296.759302694825,263.8184617674996,271.61702593055435,404.8654366478323,0.0,0.0,11.100188141768342,8.472279229650958,26.70174437415418,32.91177726123917,
833,Hyundai Kona Electric,64.0,10863.043241660118,40,private,18,12,413.5553149850507,340.0827062565187,343.3794397601122,468.9469498523391,1470.0531343333537,0.5434782608695652,17.766089823120257,16.96892112908167,11.811919212765964,26.776485086802538,99.96303002604623
834,Skoda Enyaq,77.0,11918.975584883667,40,private,19,13,481.96447132805355,403.75403018879933,408.7294852304369,584.7876950415997,1320.0,8.423913043478262,16.22742874049311,15.1951005632879,17.58300056334662,30.106346508990523,99.36182476943345
835,Volkswagen ID.4,77.0,10283.3053893439,40,private,19,12,432.6259909686158,369.16425949351594,373.0644866751674,507.3883476655005,1320.0,5.434782608695652,14.668959516975388,13.767435507075021,14.734740567233583,26.473580169579904,99.58827404479578
836,Renault Megane E-Tech,60.0,10052.868846874077,40,public,11,6,314.0368523613493,300.5634628265444,305.81284863100853,464.64687621192684,0.0,0.0,4.290384849260176,2.618802114624985,32.4138677264848,34.183814787656864,
837,Cupra Born,58.0,11152.255343777264,45,private,16,13,461.3526785872889,366.7611676564385,374.2844913629368,532.862033535685,1175.413898230985,3.804347826086957,20.50308046774535,18.87237058880077,13.419863012928879,29.759587321420312,99.67633972749407
838,Tesla Model 3,60.0,6743.194122289552,40,private,17,15,246.50640563781792,191.33298728411228,193.16361355381812,273.5611241589274,857.5583829433447,0.0,22.38214386800551,21.639515592294277,9.8898257580605,29.389230963388545,100.0
839,Volkswagen ID.4,77.0,11994.706928625943,40,private,16,15,529.6979480541441,423.0766836173053,432.28268054321586,591.8305738108346,1415.2682564602947,13.229532498463909,20.1286912340352,18.390720196063658,10.498380534248941,26.958372941140862,99.06522792141526
840,Tesla Model Y,75.0,10948.76681730072,40,public,14,6,478.5067514584923,473.25635172147634,480.09582373971705,625.6410979409565,641.2573603164766,771.9409534229515,1.0972467412450726,-0.33208983496706423,23.51737233482536,23.26338130283362,-20.379273782055172
841,BMW iX1,66.0,11036.92882324866,40,private,17,15,511.01594064831653,376.4704609447598,382.48139535711687,532.7093663158615,1669.935317604579,7.336956521739132,26.329018138428594,25.152746728043407,4.072281630333164,28.20073767384622,99.56064426900896
842,Volkswagen ID.4,77.0,13054.008133631876,41,public,17,3,409.9681020930001,409.67915663400004,409.9773494706524,427.29093000000034,1339.4700000000003,1339.469999999998,0.07047998552202062,-0.0022556334517531695,4.054106158303017,4.051941970625938,1.6653345369377348e-13
843,Tesla Model 3,60.0,6673.333989194337,40,public,10,4,192.32608750310425,174.86552165517546,179.94790200612988,270.7270048681525,0.0,0.0,9.078625824823149,6.436040818838251,28.959400412688975,33.531602400075755,
844,Tesla Model Y,75.0,6627.303825008869,40,workplace,15,9,298.1783898041391,271.27924745324873,281.80316399172256,378.7014291796806,307.15181561028436,297.9933707700419,9.021157558922798,5.491754725475828,21.262935170317544,25.5869816488026,2.9817322818181613
845,Audi Q4 e-tron,77.0,11549.630421258507,40,private,17,14,539.4951572401565,418.65740873784995,424.2216066485009,596.301141676522,1869.2825757884677,14.931520093771287,22.39830087084833,21.366929627570595,9.526392030149978,28.85782417659194,99.20121653691267
846,Tesla Model 3,60.0,10934.414087268551,40,workplace,14,7,336.96591497603373,329.8089632411974,341.49151799204833,443.5925401946999,70.57222631567413,518.8908114301425,2.123939370943606,-1.3430447457382977,24.037064548440334,23.016848335149586,-635.2620691164119
847,Hyundai Kona Electric,64.0,11322.687505590331,40,private,8,14,363.4665430311183,325.2582691656309,339.05217590223515,488.7893430742092,0.0,383.9231785932058,10.512184573262406,6.717087885250805,25.639429709101513,30.634294567514864,
848,Tesla Model Y,75.0,9937.941705372345,40,private,18,15,504.6163833153707,387.9034419360095,395.94019329537446,567.8799141102944,1760.0,5.16304347826087,23.129043217453173,21.53639747207271,11.1403008317418,30.277478837105974,99.706645256917
849,MG4 Electric,64.0,12404.93454658545,46,private,3,15,464.6803529366393,382.81967297903054,407.8237635789407,611.6414781688042,0.0,0.0,17.616557153809932,12.235634452453636,24.027331447852816,33.32306945566774,
850,Tesla Model Y,75.0,12992.479066150552,48,private,19,13,604.6497364202658,517.5348556471777,524.1730834847548,742.4241472634931,1584.0,16.304347826086957,14.40749503817501,13.309631690565249,18.55737200238584,29.39708582798547,98.97068511198947
851,Volvo EX30,64.0,12009.921223753845,42,private,17,12,503.45889124672436,391.8017852387188,396.75880661650706,560.0996468106201,1755.7982658640137,6.75037278972288,22.177998630932315,21.193405556110832,10.112621189180471,29.1628179243151,99.6155382471345
852,Peugeot e-208,51.0,10378.785676093963,43,private,22,13,352.36818813993705,298.3241207479965,315.6653884529306,447.6821513650456,0.0,0.0,15.33738549930559,10.416036669130458,21.290543510498004,29.488949360517825,
853,Ford Mustang Mach-E,91.0,6334.160241124458,40,private,16,13,287.2305292862204,234.3617401539696,237.78349742770718,333.1788941701817,604.4479441071522,0.0,18.40639616674171,17.21510313732706,13.790899029904246,28.63188467566865,100.0
854,Volvo EX30,64.0,12634.62729560131,45,private,18,13,541.9791665441577,423.7029935703402,428.2533425331623,589.2336972080669,1847.1275774547573,3.804347826086957,21.823010970695854,20.98343091970669,8.019658564642985,27.32028996944147,99.79403979061755
855,Kia EV3,81.0,13625.585779016528,40,private,15,13,554.2942119391598,432.3327466087273,445.9370703212299,632.6137320907495,1103.1151476199052,56.34233172366684,22.003019822949042,19.548669151505294,12.3803066829973,29.508790641101758,94.89243422636052
856,Skoda Enyaq,77.0,12361.582922244916,40,public,17,4,520.2617751319999,519.269131304,519.7583382391307,555.8256000000002,1742.3999999999985,1742.3999999999974,0.19079699402249073,0.09676607372154367,6.398378352490475,6.488952966698458,6.661338147750939e-14
857,Audi Q4 e-tron,77.0,9023.583084065162,40,private,18,12,433.85619575243584,346.18155081537543,349.45348573709424,465.8826905090428,1460.4473056709805,4.4459652504701825,20.208227010566592,19.454075069496746,6.874368893511251,24.991099077910185,99.69557509995695
858,Tesla Model 3,60.0,12425.609722132389,41,workplace,9,7,341.7450774291118,314.43270576063895,323.8026515311379,504.08807789037667,0.0,0.0,7.992030748164403,5.250236823585475,32.20528466784517,35.76466777665891,
859,Volkswagen ID.4,77.0,12834.560060435566,40,private,13,13,426.71532140244767,404.5155390136398,428.11759011483673,633.269748929776,225.17162673910977,159.73226574999694,5.202480734895065,-0.32861925552154503,32.617131621462214,32.3956985410476,29.061992373014533
860,Skoda Enyaq,77.0,14363.807582679998,44,private,9,12,481.72225177189836,456.93307794713814,472.8805268302659,704.7399223595658,0.0,229.6024939857455,5.145947427917075,1.835440424250756,31.645386264052377,32.89999447640242,
861,Skoda Enyaq,77.0,9031.319265940772,40,private,9,15,299.36641315398003,272.38015819551975,287.89030840494985,443.10891813659515,0.0,115.31123394143899,9.014456456269137,3.833464358317118,32.43954231097291,35.02944837679768,
862,Renault Megane E-Tech,60.0,10454.064459848336,40,private,23,14,366.75409485361104,295.34427358042115,301.0698685337272,483.1902682682534,0.0,0.0,19.470763183078553,17.909609528995595,24.097375518747064,37.69123918559929,
863,Volkswagen ID.4,77.0,12586.525792004168,40,private,17,15,562.1893096391021,453.02902034760825,459.7336090006286,621.0314954831524,1946.8071958719502,10.62670163592916,19.416998406029705,18.224412823546054,9.474911702871369,25.972577503019668,99.45414719760322
864,Tesla Model Y,75.0,11075.728056449565,41,private,0,14,468.76797161234924,394.1762148289753,419.6359469749004,632.8959943491537,0.0,0.0,15.912298045195394,10.481096749945817,25.932858511071398,33.69590727044527,
865,Audi Q4 e-tron,77.0,8503.052551507708,40,private,22,12,334.66102732705787,301.55291945633115,309.9916658868253,439.0079820101301,0.0,0.0,9.893027621160911,7.371447352943095,23.768805798311078,29.388148145408387,
866,Peugeot e-208,51.0,11858.009664208479,49,private,1,15,391.37114263557646,306.78498182296516,322.8115209493782,511.4875133810689,0.0,0.0,21.612774064789274,17.517801957626013,23.483734715534144,36.88770253343861,
867,BMW iX1,66.0,12217.268978055215,43,private,17,13,572.4412591007381,440.3873979400107,445.6662154417838,589.6797668660281,1848.5259149405297,6.575931287797927,23.06854355120629,22.14638474139833,2.923367687670131,24.422332173551307,99.64426080074676
868,Tesla Model Y,75.0,11142.638742964895,41,private,19,14,552.5406861092206,459.994977454804,469.88172252760796,636.7194455262568,1353.0,9.280404688245355,16.749121102029243,14.959796746130195,13.220698693670553,26.202705786809332,99.31408686709199
869,Volvo EX30,64.0,11430.890990524078,40,private,21,13,410.85349989822697,353.8984412858096,363.9976386385099,533.0957536890554,440.0,3.1917075604752267,13.86261979672213,11.404517978141548,22.930637309508572,31.720026633184784,99.2746119180738
870,Skoda Enyaq,77.0,10383.43407530825,40,private,19,13,448.83933762858993,364.3279018409308,369.65476921277684,509.4485206611968,1320.0,2.1739130434782608,18.8288834561982,17.64207407358255,11.8970181626878,27.440211479461396,99.83530961791831
871,Tesla Model Y,75.0,14187.43086921817,52,private,18,13,706.3568245437202,604.5520457648918,610.9528815136059,810.7068105563502,2288.0,29.53965749361014,14.412655932727835,13.506479970904461,12.871482594431328,24.63947834676047,98.70893105360096
872,Cupra Born,58.0,8977.484117669239,40,private,23,13,327.63737940678067,287.5402941328129,300.18494050307163,428.9500460231828,0.0,0.0,12.238251125853662,8.37890931535783,23.61875643928165,30.018671571176846,
873,Tesla Model 3,60.0,9663.767529547324,40,private,5,14,298.43451905614427,217.58711755900208,228.14959734828858,392.04434294053743,0.0,0.0,27.090499367444963,23.55120377164983,23.87735611290054,41.80515509111867,
874,Skoda Enyaq,77.0,10974.05827462528,40,private,23,14,395.4749454192187,331.88937365445855,350.05138929491784,538.4266624230144,0.0,0.0,16.07828068535594,11.485823982136257,26.549895646045428,34.98624534683606,
875,Audi Q4 e-tron,77.0,12874.909320664954,42,public,20,3,363.3084542890001,362.9544987970001,363.1095807933479,437.71266000000037,924.0,913.043478260868,0.09742561391605786,0.054739572752693366,16.998413002493507,17.043847716593895,1.185770750988313
876,Tesla Model 3,60.0,7670.7527574929645,40,private,21,12,253.96877736572415,219.40406827432025,223.43932847868075,311.1907664868588,440.0,0.0,13.609826156555249,12.020945725576293,18.38807422441664,28.198599527497127,100.0
877,Tesla Model 3,60.0,8080.450118013689,40,private,15,15,262.1607382554305,227.78154904159445,235.19972748300665,327.8115649506792,147.62246066043642,0.0,13.113782575764432,10.284152749888499,20.02700139793,28.251546732833066,100.0
878,Volkswagen ID.3,58.0,6487.374568060968,40,private,10,14,194.08234271978026,169.00187358891716,177.17751079354423,305.47213452534174,0.0,96.03102895029126,12.92259191608932,8.710133899529204,36.46479636469777,41.99879767467114,
879,Volkswagen ID.3,58.0,11021.602543304663,43,public,18,6,456.75379568817016,403.31422233266176,407.6227431053583,518.9761157570292,1626.8843754138848,717.496252585557,11.699864097460521,10.756572369319517,11.989438083888604,21.456357869039888,55.89752637442204
880,Tesla Model 3,60.0,8500.910260317669,40,workplace,11,8,207.70535086183412,203.10250583233616,208.7573119799519,344.8689930933005,0.0,20.484225580747328,2.216045475188444,-0.5064679911966019,39.7726803448399,39.46764824883084,
881,Volkswagen ID.3,58.0,10107.835259060763,40,workplace,11,8,281.3122732080847,277.5807561041386,284.5775514441658,475.9493967277872,0.0,29.219784140241938,1.3264679359318188,-1.1607308130725524,40.89449946945148,40.20844371257265,
882,Ford Mustang Mach-E,91.0,12398.41823586284,40,public,21,6,507.3117488677279,491.1796952939792,494.0456138831294,652.1608421688535,440.0,163.0663056081629,3.179909318038443,2.6149867441878194,22.210639451980796,24.244820918699972,62.9394759981448
883,Kia EV3,81.0,9545.021441485565,40,private,18,14,413.45738706412703,328.4442090234912,331.97198266888097,443.1597829932161,1389.2156206683887,0.0,20.561533231827422,19.70829569012096,6.702412328228746,25.089776778331252,100.0
884,Volvo EX30,64.0,11456.507629807968,40,public,12,4,397.1015602152919,397.06160352580787,397.4697130741187,534.2904218594846,0.0,0.0,0.01006208322685831,-0.0927100005921,25.676833428294653,25.60792842012597,
885,Tesla Model 3,60.0,10294.449982023729,40,private,17,14,387.74337142492254,298.03871596743977,302.5924059042537,417.63017030333896,1309.1854868443227,7.0652173913043494,23.135058409335564,21.960650212470835,7.156283478444248,27.5453673080011,99.46033488284884
886,Tesla Model 3,60.0,12421.930350061197,41,workplace,8,7,401.08875452372115,353.9579956244842,364.79663814294935,503.9388113644931,0.0,0.0,11.750705640003057,9.048400378082755,20.409235113741165,27.610926184628358,
887,Tesla Model Y,75.0,11990.530467492139,44,private,13,13,464.16441971705757,435.9280779964336,460.9793403695289,685.1701905571986,211.86893591598337,184.19556636008468,6.083262852813254,0.6861963589260389,32.25560216804138,32.72046175934066,13.061551206767074
888,Tesla Model Y,75.0,9434.665205377603,40,private,10,14,349.57303999025174,334.00507063450357,349.9243594485545,539.1213820053775,0.0,218.31059187292408,4.453423912834442,-0.10049958609867904,35.15875057859144,35.09358539130171,
889,Hyundai Kona Electric,64.0,10580.652660053009,40,public,19,3,374.47067948400013,373.91869515,374.1735955492175,416.8692000000003,1306.8000000000002,1306.7999999999984,0.14740388613622146,0.07933436476040834,10.170701149425321,10.24196665303716,1.4432899320127035e-13
890,Tesla Model 3,60.0,13235.798041007884,43,private,19,14,457.8955620676824,377.1857035561939,384.1837438664386,536.9561850918878,1419.0,3.27574243675233,17.626259172950586,16.097954273325833,14.723849956337876,28.451565596419325,99.7691513434283
891,MG4 Electric,64.0,11811.495345856472,44,public,16,5,503.4674052560028,486.11484288604333,492.6148125777935,582.3811843257308,1341.646345848686,1398.5371918782514,3.446610880626133,2.1555700656909482,13.550193789501087,15.41367993402243,-4.240375729833468
892,Volvo EX30,64.0,7890.653093525022,40,private,17,13,353.6380578592707,264.03904153669123,268.0375410028855,367.99175685243216,1153.5791750859962,6.793478260869566,25.33636138173656,24.20568571566176,3.9005490546673904,27.162080124971155,99.41109562242548
893,Tesla Model Y,75.0,12385.803553965328,46,workplace,13,7,530.9268807449824,521.002670495117,530.6298680105626,707.7571258654588,194.67437575378918,534.3371878768949,1.8692235427861803,0.05594230489950336,24.984594101294988,25.026559448384443,-174.47741173326682
894,Renault Megane E-Tech,60.0,8574.702736864638,40,public,19,5,380.5600859298703,306.4304046484605,308.6740219132389,396.32555659660227,1242.399863939191,151.63257468045003,19.479100415977523,18.889543773615447,3.9779091719736814,22.116044051274486,87.79518743670181
895,Audi Q4 e-tron,77.0,14043.403623214603,46,private,21,15,567.3601170859068,502.10807918837844,518.4067621303396,725.0532967819913,506.0,20.017145533868362,11.500991333807175,8.628268621876877,21.749184562841815,28.500875117568913,96.04404238461099
896,Volvo EX30,64.0,13192.776459251845,47,public,17,5,548.2317603752659,517.6528650372378,522.8311798866658,615.2637721439456,1928.726558444972,1928.7265584449685,5.577731453773637,4.6331829573706855,10.894841335302452,15.023246360693332,1.7763568394002505e-13
897,Volvo EX30,64.0,11584.849192261298,41,private,20,13,426.2086596209716,368.49494293352205,374.6735101772594,540.2758119767034,902.0,3.2608695652173916,13.541188191430575,12.091530352654623,21.112763116008292,30.65143730820671,99.63848452713776
898,Tesla Model Y,75.0,11294.339927125264,42,workplace,11,8,365.28747280017524,364.46035195386827,371.45789592227675,645.3880469313998,0.0,51.178470495631906,0.22643011542841096,-1.6891964771748258,43.4003349555368,42.444255407512976,
899,Volkswagen ID.4,77.0,10492.21935929995,40,private,18,13,461.5749110166439,373.92138815124594,378.4315344813603,517.6963673154934,1622.8726248134603,7.880434782608696,18.990096899403895,18.012975694921497,10.840612343846722,26.900871172090458,99.51441446099231
900,Kia EV3,81.0,12435.967453566062,40,private,21,13,455.6500388789342,414.32099568650864,423.1604964496489,577.3816928351805,440.0,8.976958806113894,9.07034778140481,7.13037192078847,21.083393440913245,26.710440995841477,97.95978208951956
901,Volvo EX30,64.0,10137.995808878084,40,workplace,9,7,311.4993561753298,283.427199251099,292.9170830924395,472.7997599758897,0.0,0.0,9.011947012959531,5.965429049693172,34.11600797106694,38.04627077065844,
902,Tesla Model Y,75.0,11465.898016701367,42,private,17,12,588.2200344825928,474.3796379410108,480.32021144359965,655.1913237126198,2053.891296904767,20.891303816178972,19.353369465172634,18.34344577091861,10.2216385971866,26.69008363513101,98.98284277032273
903,Kia EV3,81.0,12859.536262677599,40,private,16,15,509.19058699253446,407.4994799983022,417.3346405593867,597.04730204091,1431.6216364918816,13.366627868818767,19.971128609202516,18.039600255708287,14.71520175169564,30.100238434577054,99.06632957143809
904,MG4 Electric,64.0,9719.643669678959,40,private,18,14,429.60494852830107,345.93232928686837,350.0690385854529,479.2397089296122,1502.3188367699436,4.347826086956522,19.47664232641413,18.513732259210357,10.356979915577325,26.953248643077508,99.71059232031567
905,Hyundai Kona Electric,64.0,9600.537899420378,40,public,17,3,378.9492889558445,378.6455394463902,378.99989083410094,414.44582928742415,1299.2032266063445,1299.2032266063432,0.08015571431503332,-0.013353205753685593,8.564820254702642,8.552610727019994,9.992007221626409e-14
906,Kia EV3,81.0,8334.339597213435,40,private,19,15,347.16369414977527,261.0679866850303,271.74859089647305,386.9497989014506,1213.0087739857383,1.5208715235564905,24.799744015744086,21.723211419903322,10.281980986843253,29.77161593882035,99.87461990744228
907,Tesla Model Y,75.0,8618.804685983683,40,workplace,10,7,319.65653005404107,305.8902192922334,314.2223574456441,492.50098359541886,0.0,0.0,4.3065945687017155,1.7000036281061615,35.09525042560454,36.19863352318249,
908,Volvo EX30,64.0,6945.81426794311,40,public,10,5,234.35695264238683,219.0002626579201,225.1527699126425,323.9278631230795,0.0,0.0,6.55269229750568,3.9274203841476396,27.651499200196717,30.492928968233414,
909,Volvo EX30,64.0,12548.32504794401,44,private,21,12,461.10820959683576,414.62233477156826,422.10704670080867,585.2088699397406,484.0,3.5326086956521743,10.081337494709075,8.458136741943346,21.206216569424786,27.870702516133537,99.2701221703198
910,Renault Megane E-Tech,60.0,14911.522847161268,56,private,17,13,611.2187768424943,481.8697719019537,484.17399744702664,689.2154484488952,2160.5499951376087,0.0,21.162472397976206,20.785483726755018,11.316732929004324,29.749978974400815,100.0
911,Audi Q4 e-tron,77.0,14071.47038619997,46,workplace,17,8,621.9297857212863,546.3474708877455,555.0556178470132,726.5023685012513,2277.436891853453,817.6630434782612,12.152869434591196,10.752687748620282,14.393976855945368,23.598925218637167,64.09722498115764
912,Audi Q4 e-tron,77.0,7388.874969907929,40,private,13,15,244.87809040942446,228.19873612356258,245.47751487732634,381.48359900342774,0.0,0.0,6.811288938906213,-0.2447848506575978,35.80901222250864,35.65188240894187,
913,Cupra Born,58.0,12537.431730708078,50,private,18,15,534.1140028784432,412.63264093533746,420.39297068167696,599.046664679144,1877.889230969103,1.9021739130434783,22.744463033812877,21.291527947947763,10.839332831521464,29.823001200274756,99.89870680966301
914,Cupra Born,58.0,14064.412906332589,56,workplace,11,9,428.231172542733,423.2965304253474,435.97369550409763,672.006821107771,0.0,103.27120903432481,1.1523313653429068,-1.808024136914499,36.275769963641956,35.12362050352169,
915,MG4 Electric,64.0,9949.586142182327,40,private,20,12,391.1187126116008,337.0019698089174,340.79668157328786,490.5773224613542,880.0,0.0,13.836398274409301,12.866178327878952,20.27378871708615,30.531505234807398,100.0
916,Tesla Model Y,75.0,11172.169873123608,41,private,10,12,409.21019687496056,400.0288755520299,415.5589832796343,638.406931341257,0.0,359.55081485100806,2.24366875338059,-1.551473167862838,35.90135432658398,34.906881037997465,
917,Tesla Model Y,75.0,6552.714218737772,40,workplace,17,9,355.12308557889423,281.2645462977197,286.5566825466792,374.4391844957683,1173.7905470086791,83.12767461912716,20.79801124750199,19.30778533320169,5.1586745502839815,23.470434075278323,92.91801464656773
918,Volvo EX30,64.0,11534.152207868845,41,private,18,15,473.8670171266054,374.26512319935364,380.3774463901421,537.9114864725185,1686.242904302565,2.4456521739130435,21.01895475469242,19.729073212007332,11.90613529484188,29.286238357809214,99.85496442015128
919,Volkswagen ID.4,77.0,8620.80419253797,40,private,18,13,394.67379244947745,310.50595217094104,314.02031228813416,425.358912255229,1333.4135180414705,4.3478260869565215,21.325925837680447,20.435479047337,7.2139360247704065,26.17521268727716,99.67393265268957
920,Tesla Model Y,75.0,11387.200689226216,42,private,18,12,577.8637982943973,457.8665240326534,462.66164732955616,650.6943531233144,1848.0,10.991753291122178,20.765667379739593,19.93586573598619,11.192744255322417,28.897239524395225,99.4052081552423
921,Peugeot e-208,51.0,7530.965600406352,40,public,3,5,225.6651488350249,219.26744409833393,221.999166237262,324.8432896742233,0.0,0.0,2.83504332402168,1.6245231559628093,30.531072671583125,31.65961148223223,
922,Volkswagen ID.3,58.0,12138.859511605935,48,workplace,11,7,337.241421383439,333.94283007143525,342.44563080786065,571.5845889289903,0.0,26.83229717735897,0.9781097762167512,-1.5431702912034995,40.99886037596869,40.08837231781914,
923,Volkswagen ID.4,77.0,13193.68275918445,41,private,15,12,515.6642882538405,449.766497483505,464.87736572167205,650.9892142017293,1138.7185398173335,170.83362212427858,12.779203887374235,9.848834540034723,20.78758341854097,28.589083262811886,84.99773068139535
924,Tesla Model Y,75.0,9234.836102843783,40,private,17,15,485.85486588103794,376.8560957776668,383.70366473260094,527.7026257932836,1654.2402062485392,8.967391304347826,22.434430064977395,21.025044374763723,7.93017845028473,27.287899286878137,99.45791480158229
925,Volvo EX30,64.0,8460.139546711149,40,private,19,13,347.8129963351494,282.69479698559707,285.351605224965,394.5505623058858,1236.83561851375,0.0,18.722186932544936,17.958325815403743,11.845773504309909,27.67679671845491,100.0
926,Tesla Model Y,75.0,6228.309536815541,40,private,18,12,327.43949579225625,259.3875736878996,260.9282934432927,355.9018546976493,1115.6797952904353,2.989130434782609,20.783052435290873,20.31251672558203,7.997249390445793,26.68532349600702,99.7320798989638
927,Peugeot e-208,51.0,10366.554360375363,42,private,8,14,335.15376657673824,286.97552806947033,301.10952330534604,447.1545615384695,0.0,264.67631953254784,14.374965556663922,10.157798200843814,25.047445468605744,32.6609747042822,
928,Volkswagen ID.3,58.0,9676.309283923285,40,public,6,4,376.2695716732476,363.88216461345274,368.5587950690536,455.63005808849306,0.0,0.0,3.292162851412306,2.0492692432993342,17.417746043399084,19.11007877415506,
929,Skoda Enyaq,77.0,7553.26748695776,40,private,12,14,258.55151309637216,244.8664686788727,258.36903060440636,370.59039615222014,0.0,51.94324581064301,5.292966284981093,0.07057877549445646,30.232538192875335,30.28177921311237,
930,Volvo EX30,64.0,11942.111076323656,42,public,9,6,384.85923217481286,359.9078129583691,368.7293048374384,556.9372247665268,0.0,0.0,6.483258586638296,4.191123919835659,30.897197195581715,33.79338129319456,
931,Tesla Model 3,60.0,9964.564863716418,40,private,18,12,383.12546042864363,295.8242961111658,298.37915559872687,404.24723305270396,1267.2327054943707,2.989130434782609,22.78657341639594,22.119726716961587,5.224964055921333,26.18894300265364,99.76412142601572
932,Tesla Model 3,60.0,8594.13825056694,40,private,12,14,210.77505249689213,204.21763658994158,215.59645639225224,348.65111078903266,0.0,29.919248658496304,3.111096796926305,-2.2874642127920675,39.545566907879085,38.16269338585049,
933,Renault Megane E-Tech,60.0,9735.486431647421,40,private,21,15,374.31654023818925,284.82669566183694,291.0794249841525,449.9773574858843,880.0,0.0,23.907531449026308,22.23709248890534,16.814360987056666,35.312428471851796,100.0
934,Renault Megane E-Tech,60.0,13296.156940255858,50,private,14,13,398.3741458318539,372.9438360407462,382.73630532676145,614.5527094819761,0.0,0.0,6.383524146128039,3.9254155091914322,35.17656993691317,37.72115891419945,
935,Volvo EX30,64.0,12270.431906823937,43,public,7,6,418.57721298636534,370.9116875491289,383.4538156220294,572.2489306285156,0.0,0.0,11.387510824386204,8.391139382324674,26.853998219510643,32.99178118150918,
936,Ford Mustang Mach-E,91.0,10665.242925318307,40,public,20,4,454.2783605360002,453.744294124,454.0529281716523,555.8256000000002,880.0,869.565217391303,0.11756369186726179,0.04962427972178274,18.269622605363978,18.310180716459968,1.1857707509882909
937,Tesla Model Y,75.0,12305.839990438028,45,public,12,4,459.8121367840001,459.75752319200006,460.1949588146089,625.3038,0.0,0.0,0.011877370697954692,-0.08325618225006881,26.46580161770965,26.404579851488364,
938,Audi Q4 e-tron,77.0,8407.602815513043,40,private,17,15,381.96826386000134,299.5729557578608,304.8611792089607,434.079964015582,1360.7522382933614,2.717391304347826,21.571244498035046,20.186777789293465,12.005092258464622,29.768428750142164,99.80030227194364
939,Tesla Model Y,75.0,11020.890520592196,41,public,22,5,469.3610890915235,462.98411385772124,464.2845829867167,629.7624344958217,0.0,0.0,1.3586501697755327,1.0815779626369704,25.470135501605952,26.27623409160378,
940,Volvo EX30,64.0,11272.635903765371,40,private,22,15,394.4323512885637,331.2911888130141,349.2039565179414,525.715304096745,0.0,0.0,16.008109443678975,11.46670515815108,24.972252431141296,33.575463031664185,
941,Peugeot e-208,51.0,9921.058046387789,41,public,18,6,399.04177005682084,338.68274733474027,343.4221211333926,427.9383685756892,1341.4995880115664,523.5621604875125,15.125991124559679,13.93830247783544,6.752514062958448,19.74963070584036,60.97187318085122
942,Tesla Model Y,75.0,11903.653755746745,44,private,7,14,530.4438354024152,459.0148549934564,480.002427723795,680.2058286131669,0.0,222.9221481172988,13.465889438562328,9.509283417414661,22.017158176385077,29.432767622346788,
943,Tesla Model 3,60.0,9240.850734328651,40,private,18,12,347.4601372379123,264.4527794136399,266.7205532900385,374.88725212755276,1175.195147735275,1.6304347826086958,23.889749910343163,23.23707824146456,7.316096968885077,28.8531280334684,99.86126263491211
944,Kia EV3,81.0,12066.507350029699,40,private,23,13,420.6853617844438,367.6641043461718,387.8663203755013,560.2282626085909,0.0,0.0,12.603542279999669,7.801327165207795,24.90822226183189,30.766377517357057,
945,Volvo EX30,64.0,12158.57070965353,43,private,22,15,441.4080117571285,364.2712413175985,385.2460240606007,567.0321256337388,0.0,0.0,17.475163201607725,12.723372979335334,22.154673112428604,32.059224399317124,
946,Skoda Enyaq,77.0,5000.0,40,private,8,14,180.8449591347826,145.2370136698369,151.78826011548915,245.31793478260855,0.0,135.05434782608697,19.68976389239986,16.0671876939836,26.281395082246817,38.12590169976844,
947,Peugeot e-208,51.0,13556.769490687158,56,public,14,4,416.96365963067416,416.7568884232265,422.39182409990786,584.7624106093839,0.0,236.39216322366016,0.04958974305597774,-1.3018315490711307,28.695201321823305,27.76693295662914,
948,Peugeot e-208,51.0,5000.0,40,public,13,4,132.17181320869562,130.955313798913,134.46517197826086,215.67173913043464,0.0,0.0,0.9203924651179585,-1.735134529738258,38.71621115422993,37.652854972835094,
949,Tesla Model 3,60.0,9600.852634032086,40,public,8,6,294.65604590427114,254.8564829725485,264.41895271192107,389.4919813695426,0.0,0.0,13.507125845519852,10.261826835948785,24.348623335403897,32.11183660773612,
950,Volkswagen ID.4,77.0,13195.512195024483,41,private,19,12,550.2119047776625,473.2467763398708,479.30386991235184,651.0794803557421,1353.0,15.64592142248017,13.98827029540426,12.887404698007076,15.492359784241206,26.383201379581823,98.8436126073555
951,Volvo EX30,64.0,10255.142071697155,40,private,16,12,439.31455332000013,344.75724185367477,354.61652138344147,478.26304147522006,1059.2571833078998,19.781245269831565,21.52382859883294,19.279587096870877,8.143737813208784,25.853245885441268,98.13253612233643
952,Volvo EX30,64.0,7739.052698391703,40,private,17,15,337.87984955483785,255.5286123641708,258.52319319400976,360.9216582074403,1131.4158564496572,0.0,24.37293531980854,23.48664960795436,6.384157926970168,28.37138273219859,100.0
953,Tesla Model Y,75.0,8554.715834840492,40,private,8,13,388.1567211356489,335.6951898242191,348.60834738457504,488.83877945278977,0.0,163.0285736072049,13.51555401589868,10.188764382429161,20.59616841974877,28.686437730081447,
954,Ford Mustang Mach-E,91.0,13198.923584442156,40,private,18,15,603.3214089757985,493.99999590713446,502.65267351870676,694.2676845384783,1760.0,16.847826086956523,18.119929351462694,16.685755545785696,13.09959797756356,27.599586627332318,99.04273715415019
955,Audi Q4 e-tron,77.0,6741.905078098483,40,private,11,14,235.19659757920945,219.94950524256558,234.40042865960183,348.08089510337805,0.0,56.83720104311392,6.482701065226493,0.33851209065194343,32.43047783206907,32.659208834203255,
956,Renault Megane E-Tech,60.0,13422.490511106818,50,private,17,15,558.8177898037828,433.6682007715712,437.171411859747,620.3918883224368,1944.8021577505867,4.07608695652174,22.395419636900836,21.76852279286767,9.925032818393653,29.533022579989698,99.79041122819217
957,Volkswagen ID.4,77.0,10829.326403097386,40,private,10,14,381.32518047880586,358.8782562007067,373.98541488976934,534.3295586350888,0.0,267.4738978663662,5.886557045593999,1.9248048554832975,28.634833256674586,30.008473451273865,
958,Kia EV3,81.0,8338.654226331071,40,private,22,15,291.5730831776802,220.94125768424527,236.21407235737442,387.15012009666066,0.0,0.0,24.224398467670948,18.986324189112757,24.687332369964786,38.98643960167226,
959,Volkswagen ID.4,77.0,9672.977991657106,40,workplace,8,9,334.0681427803691,280.73394033445874,291.3207183083769,477.2741968042232,0.0,0.0,15.965066887857837,12.796019433704641,30.00498560004846,38.961561245290625,
960,Volkswagen ID.4,77.0,8722.278692987406,40,private,18,12,379.57995113577954,301.3966672043453,304.438164107571,430.3657633759372,1349.1089761001158,1.9021739130434785,20.59731650670541,19.7960368568912,11.800616257616836,29.26059877080991,99.85900516957925
961,Kia EV3,81.0,12847.033189880178,40,public,10,6,395.62353159975964,388.472936204239,395.45851342246954,596.4668047563706,0.0,0.0,1.8074241859694862,0.04171091052719289,33.672162734797325,33.69982867965364,
962,Tesla Model Y,75.0,12554.016903380616,46,private,7,14,522.652873693849,436.46644053895557,461.4807727010417,717.3692754684816,0.0,141.44635936639008,16.490186411063014,11.704154721368598,27.14311978966093,35.67040177464119,
963,Tesla Model Y,75.0,7185.037116811458,40,public,10,3,275.41614062916784,274.7516840587628,274.8271055198842,410.57176442969416,0.0,0.0,0.2412554939180911,0.2138709474099998,32.91887935554083,33.06234638379638,
964,MG4 Electric,64.0,10066.133260442659,40,workplace,7,7,374.61028366569434,306.3274771550948,319.9248200175651,496.3238301451609,0.0,0.0,18.227691413708158,14.597961143248028,24.52301080201382,35.54111235722935,
965,Kia EV3,81.0,9059.623399466032,40,workplace,8,7,324.966713298722,280.45450607194573,290.5848062771937,420.6235433120998,0.0,0.0,13.69746666510393,10.580131937981951,22.741672817491587,30.91570576647875,
966,MG4 Electric,64.0,13782.786830926021,51,workplace,11,7,425.07526637467055,421.1589200537916,429.9773714025639,679.5782822468483,0.0,36.06483988400854,0.9213300868526675,-1.1532322427747488,37.450139670551266,36.728794513421484,
967,Tesla Model Y,75.0,7993.282931303138,40,public,18,4,416.3711166376106,395.33844167049716,397.93582898240646,456.757038737091,1431.8402468247373,1431.840246824734,5.051425069289639,4.427609629620233,8.84188281173408,12.87800838654224,2.220446049250313e-13
968,Volkswagen ID.4,77.0,14463.26173926018,45,workplace,8,9,549.8544075382441,507.289525121321,523.0304810744901,713.6314830581034,0.0,0.0,7.741118709494499,4.878368909298647,22.94981084887544,26.708603320979694,
969,Volvo EX30,64.0,10877.084520457907,40,private,17,13,467.332559189527,372.52593097244613,376.9508389123724,507.2682064048989,1590.1824652191162,8.423913043478262,20.2867586160698,19.339915120380102,7.872688788915639,25.690032579827772,99.47025494069214
970,Volvo EX30,64.0,8405.363650027608,40,private,18,12,355.40090640625544,276.08063633078376,278.1097370829294,391.99601096332566,1228.827620574688,1.358695652173913,22.318533421184195,21.747600506954022,9.335580856330184,29.052916533645845,99.88943155008685
971,Tesla Model Y,75.0,9466.769537019682,40,workplace,8,8,401.2611641930537,362.1990104104574,374.84134718818626,540.955907265836,0.0,0.0,9.734845349699183,6.584194874178351,25.823683815349053,30.707597023433163,
972,Tesla Model Y,75.0,9194.454738717093,40,private,17,12,459.23612689561924,367.5353931921223,373.66908114607605,525.3951293043954,1647.00667493541,12.914297308167859,19.968101012301197,18.632472651480203,12.592237483504709,28.87846492966146,99.21589283730897
973,Ford Mustang Mach-E,91.0,8158.585699586042,40,private,7,15,323.75032125015775,255.28407999433125,269.6608687118714,429.1442682066059,0.0,163.52330028878268,21.147852762414253,16.707150229047073,24.55909463661008,37.16312002982487,
974,Tesla Model 3,60.0,11157.670822809523,40,private,14,12,369.66271739112295,319.75878249293316,334.68115131540264,452.6497262170869,98.96465898773268,96.51603111616457,13.499856098657837,9.46310364285613,18.333604113606395,26.06177979772102,2.4742447421272185
975,Volkswagen ID.3,58.0,8260.864943984863,40,private,18,15,372.3055072767361,271.47377206601135,276.18898040049623,388.9807842895791,1219.3754993403754,0.0,27.0830630329022,25.816574022579818,4.286915366088884,28.99675470989701,100.0
976,Kia EV3,81.0,6174.998002863366,40,private,23,13,210.64057968866078,181.0153521795742,187.9171346660348,286.69508934141965,0.0,0.0,14.064349591552784,10.78778127947263,26.52801267976621,34.4540099735549,
977,Tesla Model 3,60.0,10118.508528842502,40,workplace,21,7,327.1848726491996,303.2481918068517,306.0411602516582,410.49249328477055,440.0,7.065217391304349,7.315949740748639,6.462313561853206,20.294553980498264,25.44536982815211,98.39426877470355
978,Volkswagen ID.4,77.0,7001.744929844837,40,public,22,5,262.3443504826315,247.75305240573877,250.52910652878145,345.4729443716277,0.0,0.0,5.5618876678873885,4.503715796476538,24.062258779829126,27.48227882664944,
979,Volvo EX30,64.0,9302.76769893213,40,public,15,4,348.77362866446964,347.61004203886034,352.6106094443375,433.8477168549269,480.0241907677947,545.3411899061033,0.3336223068426736,-1.1001350057802561,19.609205001049922,18.724797723841434,-13.607022394816104
980,Cupra Born,58.0,8959.06467395865,40,private,8,15,332.405280841065,276.6375091553016,291.2339979966778,428.0699529900101,0.0,209.75864739519025,16.777041431067996,12.385869063275411,22.347906336508892,31.96579298256088,
981,BMW iX1,66.0,9042.036802263467,40,private,16,14,360.7883713623161,299.65852765233836,306.73426361601486,436.4237345621179,928.0994813859513,8.967391304347828,16.943407427228042,14.982220059420449,17.33071719293403,29.7164110646333,99.03378985936328
982,Skoda Enyaq,77.0,15332.109192482436,47,private,15,15,679.413484140892,540.4178401425233,553.9997865655241,752.2482725922488,1324.145055148112,16.74938600222628,20.458181540822164,18.459112234716923,9.682280585420022,26.35412977999405,98.73507921680432
983,Kia EV3,81.0,11073.54133210136,40,private,1,13,364.48566956499934,320.62646933948304,336.5347004000932,514.1264693625113,0.0,0.0,12.033175482004733,7.668605791351036,29.105834598062685,34.54242867180564,
984,Tesla Model Y,75.0,11487.362509699777,42,workplace,8,7,468.9347039637855,418.89730829391726,430.5688259744757,656.4178608368792,0.0,0.0,10.670439881483485,8.181496840607617,28.561556298006263,34.40629031246414,
985,Ford Mustang Mach-E,91.0,7059.687731010375,40,private,18,12,348.1540734793445,261.92708843942336,264.38974680445995,371.3418767232317,1164.0811182546447,0.0,24.76690396817571,24.059556689304163,6.24432758526976,28.801526739330086,100.0
986,Tesla Model 3,60.0,9517.820737335142,40,public,13,4,247.3262873901716,247.18476703833167,250.7493949481563,386.1235036734342,0.0,0.0,0.057220101159993764,-1.3840451793887043,35.94632674851387,35.059794971655286,
987,Tesla Model Y,75.0,11421.512759571911,42,private,12,13,430.54396350596795,416.6098011187263,437.49427551423224,652.6550343326161,0.0,244.25096064808895,3.236408722067363,-1.6143094776354783,34.0319248519659,32.96699596263749,
988,Tesla Model 3,60.0,8706.281680720516,40,public,18,6,337.2607662350738,284.8614984094971,288.1371975203365,353.2005990973173,1107.2119093959786,365.26572788153294,15.536722047608098,14.565456060340487,4.512968806672834,18.421090378460512,67.01031439584156
989,BMW iX1,66.0,12938.657627304388,46,private,17,13,558.0050112574901,448.91515491849566,455.3897950772621,624.4983741401368,1957.6751540443154,17.34837961158584,19.54997789234104,18.389658535320297,10.64748374632688,27.079106378093933,99.11382746132594
990,Volkswagen ID.3,58.0,8316.094476876744,40,private,20,15,332.076346097395,256.3569361315224,267.69847435068885,391.5813869099953,880.0,0.0,22.801807733594124,19.386467149281593,15.196085105617508,31.6365682079217,100.0
991,Renault Megane E-Tech,60.0,10322.858162455266,40,workplace,8,7,385.3560427150793,329.57821371010203,335.276333913893,477.1258704180832,0.0,0.0,14.474362102119088,12.995698328315497,19.23388216668911,29.730003191798016,
992,BMW iX1,66.0,9666.546908453527,40,private,18,13,391.38117410810753,304.703851209675,308.094382224057,466.56639365271474,1462.5905757138387,1.9021739130434783,22.146523295596854,21.280224342381125,16.114581025861618,33.96558637410462,99.86994488104676
993,Volvo EX30,64.0,11309.862244046397,40,public,9,6,375.4203914138882,348.30084225294786,356.1046512696941,527.4514070781878,0.0,0.0,7.223781600888579,5.145096160453133,28.823700842220525,32.48578987734007,
994,Ford Mustang Mach-E,91.0,9547.326742636616,40,private,18,12,436.70133290195963,359.5892649342185,363.1574515378277,502.19249992140686,1574.2711596282334,4.076086956521739,17.657850379186492,16.840773275277066,13.041048408667312,27.685608288721586,99.74108101189604
995,Kia EV3,81.0,10356.742956714646,40,private,11,13,289.28144015875154,279.15571134003574,295.52712241088363,480.8466894863096,0.0,149.7447633539279,3.500303653479808,-2.159033171538627,39.83915320956206,38.54026057107798,
996,Hyundai Kona Electric,64.0,10432.87509900621,40,private,11,15,262.0924323487367,252.77048427717588,269.0869619303242,450.37701195063164,0.0,55.102877707949624,3.5567406460470186,-2.668726265350796,41.80599244761939,40.25295368320878,
997,Tesla Model Y,75.0,9341.69081131305,40,public,17,5,489.79523194134026,462.7258229750782,467.3591857255488,533.8085825866307,1673.3811366352074,1673.381136635205,5.526678742659552,4.580699188692483,8.245156050511337,12.448169442891633,1.4432899320127035e-13
998,Cupra Born,58.0,12012.355572008677,48,private,15,15,473.2958651894936,398.35225210491757,409.9922673217944,573.9581833755129,743.2419541552118,5.434782608695652,15.834411115037073,13.375058293051934,17.538266915894962,28.567571785354893,99.26877343531112
999,Volvo EX30,64.0,11472.070540893961,41,public,9,5,366.93372739959756,345.32052908220567,351.1102292122016,535.0162202090501,0.0,0.0,5.890218506366606,4.3123586102413185,31.41633589048508,34.37390943493074,
