driver,annual_kWh,sessions,cost_unc,cost_po,cost_smart,peak_unc,peak_po,peak_smart,savings_po_eur,savings_smart_eur,savings_po_pct,savings_smart_pct,peak_drop_smart_pct
0,2870.753648674099,103,929.7990945136722,754.240237199698,768.8480841909142,11.0,0.34839788879236017,0.8348900795901657,175.55885731397427,160.95101032275807,18.881375379893186,17.31029974888746,92.41009018554395
1,2755.8909076335326,144,803.2679466655325,703.900495756685,736.6596972242093,11.0,0.433381596535567,0.25619456910517224,99.36745090884745,66.60824944132321,12.370399107960724,8.292158266469182,97.67095846268026
2,3004.2926910456013,80,807.8197827162144,685.3147236451913,831.2451943976263,0.0,0.0,1.698369565217393,122.50505907102308,-23.4254116814119,15.164899609057839,-2.899831395889596,
3,2849.9268771487523,113,809.4852946777203,738.5062923250172,756.764796522091,11.0,0.24107133031477862,0.7607568840366219,70.9790023527031,52.72049815562923,8.768411584420681,6.5128419876507815,93.0840283269398
4,2453.8478575269746,141,777.3707500347888,621.6030282634703,648.4653792829924,11.0,0.0561453615056857,0.1412444808944099,155.76772177131852,128.90537075179634,20.037764704209366,16.582225501284633,98.71595926459628
5,3315.7436456119026,153,1067.2263641408938,849.6022274976916,892.3152569104093,11.0,0.502562444362876,0.3787178541207131,217.62413664320218,174.9111072304845,20.39156302312559,16.389316559967682,96.55711041708443
8,2541.570424767103,92,755.1797783732087,673.5301104236624,680.2793065841603,11.0,0.2068261517792881,0.7709301863563077,81.64966794954626,74.90047178904842,10.811951046336825,9.918230590124823,92.9915437603972
9,2770.5628309630574,87,799.7696182272547,724.7865169594749,761.454688049434,11.0,0.12643678160919541,1.2743628185907059,74.98310126777983,38.314930177820656,9.375587614091307,4.790745897893493,88.41488346735721
10,2793.720682510917,105,878.3145735775912,692.311530274275,753.3313444978853,11.0,0.4613669306493558,0.6144602861590176,186.0030433033162,124.9832290797059,21.177269386033302,14.229893575671696,94.41399739855439
11,3406.5404583883183,147,1067.2496282970199,855.4134068350965,902.8753230038117,11.0,0.19304561690160485,0.31488417168469546,211.8362214619234,164.37430529320818,19.848797867462785,15.401673697979696,97.13741662104822
12,2996.7369156608415,132,1001.71522049007,734.3911916435299,799.2317998406379,11.0,0.20722253608975646,0.27617165571928687,267.32402884654016,202.4834206494321,26.686629431042984,20.213671161986635,97.48934858437012
13,3522.8478826965493,116,1135.7305510511658,880.6083890962166,948.6382286610464,11.0,0.28474639146668423,1.0634253804180707,255.1221619549492,187.09232239011942,22.463264875530825,16.473301895150897,90.33249654165391
14,2693.2564142053084,100,844.6431371090448,662.8439198725832,713.4035118025403,11.0,0.07274526241362046,0.7525027887849169,181.79921723646157,131.23962530650454,21.523790255220057,15.537878607017117,93.15906555650075
15,2366.522481322228,89,669.0969815040603,591.987116500236,629.7105505001081,11.0,0.3247452398580312,0.7388861748900829,77.10986500382432,39.386431003952225,11.524467623585654,5.886505557896201,93.2828529555447
16,3021.416188057607,99,972.9127407288184,787.9955824221934,805.5848345327739,11.0,0.5555555555555556,1.0155906895037339,184.91715830662508,167.32790619604452,19.00655121117047,17.19865504800539,90.76735736814787
17,2524.1348021435083,90,827.7148029319179,661.5198831616599,671.7384257425823,11.0,0.21649688702945624,0.8953843808951325,166.19491977025802,155.9763771893356,20.07876616215695,18.844217432965873,91.86014199186243
18,2911.501250594852,92,860.319522533039,775.1186524726045,787.7222663332408,11.0,0.7477966144578706,1.1256766194116223,85.20087006043457,72.59725619979827,9.903398426851645,8.43840623144877,89.76657618716708
19,2968.2854484173495,132,970.195092572428,729.8130875808282,789.9072111822471,11.0,0.6018363881164255,0.440011980107819,240.38200499159984,180.28788139018093,24.77666675825353,18.582642065541254,95.99989108992892
20,3404.023740111977,88,1082.05519731028,897.4977767333129,948.5488508065606,11.0,0.705585176774158,1.8499829013182494,184.55742057696705,133.50634650371933,17.05619279272729,12.338219606133116,83.18197362437955
21,2825.2156485598757,81,831.0917880866945,740.5309970280997,764.9499372495063,11.0,0.33224913496747505,1.424170766744181,90.56079105859476,66.14185083718814,10.89660520735984,7.958429115207263,87.05299302959835
22,3737.2386786377906,120,1153.3526042100075,985.1483590289554,1024.2446280575036,11.0,0.5009233146004486,1.1927623819379065,168.2042451810521,129.10797615250385,14.58393942728938,11.194146151075522,89.1567056187463
23,3319.9702291472786,100,977.3601160249932,873.7239768534344,901.2666323052008,11.0,0.55,1.2809361933602867,103.63613917155885,76.0934837197924,10.603680002111796,7.785613764276681,88.35512551490649
24,3274.0442581967864,113,899.2453731109949,860.4454161174017,889.1862201477722,0.0,0.0,0.0,38.79995699359324,10.059152963222687,4.314724117997115,1.118621598065323,
25,2397.851866012345,89,795.640921416484,634.8813096319315,655.9310336194825,11.0,0.20544889836213379,0.781859101020592,160.7596117845526,139.70988779700156,20.20504570055941,17.559414559557247,92.89218999072189
26,3077.0088555156217,94,842.6392575719913,807.4217834955272,813.5194658374987,0.0,0.0,0.0,35.2174740764641,29.119791734492537,4.17942479655421,3.4557838924333137,
27,2264.372125355778,112,621.4714349589358,589.6390433841373,606.1857282318352,0.0,0.0,0.0,31.83239157479852,15.285706727100546,5.122100515674043,2.459599245798089,
28,2579.2070902577275,132,726.2483865081447,652.2822334894821,682.6078363502636,11.0,0.16666666666666666,0.18830980698618988,73.96615301866257,43.64055015788108,10.184690856842689,6.009039189430497,98.2880926637619
29,2996.3047089485003,110,894.7649661188382,793.4365738686726,802.4462231195505,11.0,0.20748420111799315,0.683429542902264,101.32839225016562,92.31874299928768,11.324581994944547,10.317652846840046,93.78700415543396
30,3169.7516400762634,120,949.080580220956,840.9982909230616,847.0907587460587,11.0,0.5546466032896524,0.7260723550954906,108.08228929789436,101.98982147489733,11.38810460885541,10.746170936418594,93.39934222640463
31,3539.49072978192,119,1064.802130336746,914.5847207990108,963.4639416758873,11.0,0.36411782588600045,1.0318605945377857,150.21740953773508,101.33818866085858,14.107542167503789,9.517091088915286,90.61944914056559
32,2656.4279346847143,99,750.5904004468302,689.2783378042301,704.790907067673,11.0,0.2946048023809365,0.7996553074314419,61.312062642600154,45.7994933791573,8.16851142861683,6.101795779947708,92.7304062960778
33,2933.9196812357654,100,980.4615151116392,763.7774737102163,787.47001351795,11.0,0.0,1.000969530569106,216.68404140142286,192.99150159368924,22.100208734531552,19.683740628179013,90.90027699482631
35,2573.2796268994066,80,756.2282092566736,670.4076632910904,702.1013127946193,11.0,0.275,1.1673368931554706,85.82054596558316,54.12689646205433,11.348498365320113,7.157481802385789,89.38784642585935
36,2347.529161675325,132,682.2771131850704,617.2361940101353,624.6391714138481,11.0,0.3762238443819776,0.180513497647961,65.0409191749352,57.63794177122236,9.532918211385551,8.447878531664573,98.35896820320036
37,2767.733138561208,126,881.0388865442685,701.8399909431041,718.9244271094175,11.0,0.20438467943973507,0.30763768291296106,179.1988956011644,162.11445943485103,20.339499009407277,18.400375047089984,97.20329379170035
38,2506.635944050178,102,814.5870498733287,655.3681188308017,669.9065105893895,11.0,0.3235294117647059,0.7227713362805882,159.21893104252706,144.6805392839392,19.545968852228402,17.761212789527843,93.4293514883583
39,2803.8217957248207,107,843.3030963936582,718.826101685435,751.0732866817739,11.0,0.205607476635514,0.779127429839881,124.47699470822317,92.22980971188429,14.7606471789968,10.936733199047918,92.91702336509199
40,2539.5456469517026,103,754.4292944355205,651.4606124910241,685.1302914244533,11.0,0.0,0.5774308668250406,102.96868194449644,69.29900301106727,13.648552979579048,9.185619318099015,94.75062848340872
41,3343.1199563116684,129,1042.9223630739516,870.8277621856599,888.2183886255625,11.0,0.5323781117647268,0.7456517648833563,172.09460088829167,154.7039744483891,16.50119001965334,14.833699988214684,93.22134759196949
42,3179.0876054641785,138,1035.38839020518,794.0824890792161,842.4878554827255,11.0,0.18144980077396158,0.31731936599135285,241.30590112596394,192.9005347224545,23.305834159309534,18.63074152147176,97.1152784909877
43,2726.507648462689,86,812.6909437806439,720.8656147346047,725.5518800843137,11.0,0.40070244322176035,1.0830754258400945,91.8253290460392,87.13906369633025,11.29892362511967,10.722288018980343,90.15385976509005
44,2902.341087477644,110,860.563647584014,738.9092316070382,788.9317721045113,11.0,0.2821616297550244,0.8118058985297286,121.65441597697577,71.6318754795027,14.13659713822609,8.323832372027953,92.61994637700248
45,3080.67251153768,79,934.1130054551369,816.5436515525582,842.1886200404665,11.0,0.5569620253164557,1.8844048674224447,117.56935390257865,91.92438541467038,12.586202441887018,9.840820637100666,82.86904665979596
47,2761.454450645832,97,902.2220922261484,698.9036954284257,750.2852371139757,11.0,0.1134020618556701,0.8894355783026876,203.3183967977227,151.9368551121728,22.535293532444282,16.840294249200088,91.91422201543011
48,3290.2183378135064,104,1037.1002002308342,870.6990042314234,899.0216670369475,11.0,0.5421897448439416,1.186490693701263,166.4011959994108,138.07853319388664,16.044852364542383,13.313904785974739,89.21372096635216
49,2309.2279212400554,114,742.0168719001689,590.5271634781748,610.3807025147622,11.0,0.3862773698328675,0.2383676582761251,151.48970842199412,131.63616938540667,20.415938526310974,17.740320250173102,97.83302128839885
50,2596.5160087403997,103,779.287834024361,654.8866909978974,692.3071014052018,11.0,0.26602884433032653,0.6134803644061436,124.40114302646361,86.9807326191592,15.963439642582019,11.161566859061233,94.42290577812597
51,2109.8322377311506,109,633.4235244772681,539.9915930978301,562.1139000922057,11.0,0.19302212865729632,0.25958611197415615,93.43193137943797,71.30962438506242,14.750309669433662,11.257811184690464,97.6401262547804
52,3026.7018925235484,138,911.841709284366,772.3972387825717,798.8576722411846,11.0,0.4118826591807729,0.24439474533031277,139.44447050179429,112.98403704318139,15.292618124612162,12.390751146035402,97.77822958790625
54,2943.3416210610617,78,896.7598256484233,771.9784819010687,807.1732164543616,11.0,1.4747811869554717,1.7751002216234486,124.78134374735464,89.58660919406168,13.914689326891796,9.990033745020186,83.86272525796865
55,3286.6458929637674,107,920.6774589576728,862.0756498950667,885.4992134798206,11.0,0.4148345871258708,1.1168920236696125,58.601809062606094,35.178245477852215,6.365074814468794,3.8209087379719913,89.84643614845807
56,3045.314219133489,144,974.7045243718092,781.9551794992061,811.0917627472946,11.0,0.16648573989506682,0.2365795715775734,192.74934487260305,163.61276162451452,19.775156475941134,16.785883058249052,97.84927662202206
57,2744.970656433176,119,869.2985342521373,673.3362849503599,722.3287246803387,11.0,0.6062656248842005,0.32654366094263787,195.96224930177743,146.96980957179858,22.54257215219682,16.906713146391944,97.03142126415784
58,2460.978320106727,94,785.8564530907049,639.2397974121095,656.2216483243759,11.0,0.5775104316990812,0.6939678883750134,146.6166556785954,129.634804766329,18.656925842113388,16.495990362678402,93.6912010147726
59,2512.767693460233,124,824.2268925282686,639.2380616124545,671.3821453026385,11.0,0.17826983143131955,0.13611948794567383,184.9888309158141,152.84474722563016,22.44392079326258,18.54401362187876,98.76255010958478
60,3332.038493969538,89,959.0808671301157,870.9889202931662,915.1169391713591,11.0,0.29649816227901005,1.645007008042421,88.09194683694955,43.963927958756585,9.185038494256435,4.58396465465014,85.045390835978
61,2882.322485013277,79,838.9896249521844,751.834095508611,814.4854763504302,11.0,0.13924050632911392,1.5041433264177517,87.15552944357341,24.504148601754196,10.38815342305819,2.9206736141881056,86.32596975983861
62,2773.599111127223,127,793.366008220188,674.690628778175,738.6699063253337,11.0,0.027376978427625973,0.24193845634393812,118.67537944201297,54.69610189485422,14.958465350468636,6.894182675856975,97.80055948778238
63,3235.365967973718,118,955.1375694924072,849.72291794824,867.6919822866665,11.0,0.571251538157541,0.9143343217093348,105.41465154416721,87.44558720574071,11.036593566326594,9.155287154311424,91.68786980264241
64,2890.0696308177244,137,873.282167190111,728.7464207591528,762.238169275185,11.0,0.0067867245723014545,0.2561583330314077,144.53574643095817,111.04399791492597,16.550864298078945,12.715706570789509,97.67128788153265
65,3202.880112879424,105,990.332480328713,823.6889492661488,874.4447732705701,11.0,0.9443438936093289,1.0973084886128377,166.6435310625642,115.88770705814295,16.827028737586346,11.701899045023474,90.02446828533783
66,2855.8762704618816,145,923.4601580843228,720.1932133525701,749.4593573493071,10.408367844541832,0.14356369440747366,0.18855084397873648,203.2669447317527,174.00080073501567,22.01144715906542,18.842263979852973,98.18846867448471
67,2729.0350034947855,111,876.3703589053698,704.3026313515288,734.6106280345457,11.0,0.42496771246725773,0.6952604778691737,172.067727553841,141.75973087082411,19.634133651982726,16.17577881660547,93.67945020118933
68,2082.7552284953845,136,635.5878786311013,532.5705227497307,545.6079174320824,11.0,0.28416221771190153,0.1169177858074348,103.01735588137058,89.97996119901882,16.208200210369718,14.15696620785364,98.93711103811424
69,2719.41254083093,85,709.7773270905644,624.0235290447634,722.7314342823446,0.0,0.12941176470588237,1.1086280016018422,85.75379804580098,-12.954107191780167,12.081788861488834,-1.8250945327994792,
70,2723.9963440835313,85,857.7312367082925,702.0529753092662,718.6070012219587,11.0,0.7333511924678987,1.1924552429667528,155.67826139902627,139.12423548633376,18.150004889232125,16.220026685777423,89.15949779121134
71,2809.4392835841745,139,839.2496686461196,736.7598388859782,747.3902932895327,11.0,0.39502174086050346,0.2783898023175373,102.48982976014145,91.85937535658695,12.21207866849425,10.945416934721559,97.46918361529512
72,3214.4906538690057,143,927.8587265731734,831.4908923732362,848.1248078084244,11.0,0.05105554016710796,0.3409295329144955,96.36783419993719,79.73391876474898,10.386046004637903,8.593325307100073,96.90064060986823
73,2780.416932292617,152,790.6619150984881,716.9594715165583,730.5024672462071,11.0,0.13080818549642337,0.18207296409538923,73.70244358192974,60.159447852281005,9.321612964341284,7.608744863446129,98.34479123549646
74,2521.3308083908796,103,744.6382379352659,657.048921898333,676.7197508064305,11.0,0.40985521079126397,0.5344235762339761,87.58931603693293,67.91848712883541,11.762666966955756,9.12100449167906,95.1416038524184
75,2503.4350053864364,79,744.7710578530033,652.1271366127708,680.9241919302559,11.0,0.17581317284243614,0.9830965370094553,92.64392124023254,63.846865922747384,12.439248311729889,8.572683544766443,91.0627587544595
76,2639.2191086957387,155,755.1914682667688,676.5857381469126,693.7943353270725,11.0,0.21628092684645597,0.20550098255401875,78.60573011985616,61.397132939696235,10.408715328877227,8.130008814931145,98.13180924950892
77,3028.083951406955,125,847.7875320167792,792.7596590197909,795.8203967670786,11.0,0.6319479550762339,0.6799086222624384,55.02787299698832,51.96713524970062,6.490762239223309,6.129735728252264,93.81901252488693
78,2996.1477040883224,97,996.6876846492728,763.3946584671743,806.8031447133951,11.0,0.232722105117709,1.008516360376514,233.29302618209852,189.88453993587768,23.406833431898242,19.051558764137503,90.8316694511226
79,3062.807795143443,138,841.5639390036605,796.9265096325919,819.1271831832958,0.0,0.0,0.0,44.637429371068606,22.436755820364738,5.304104335068764,2.666078568780874,
80,2873.753096771427,149,928.1901253081123,728.5558671091405,758.5507906795171,9.964058190628995,0.3552222575923359,0.15582725857992494,199.6342581989718,169.63933462859518,21.507905843396394,18.276356320024785,98.43610649798816
81,2981.612561828548,100,838.878077927348,765.8547624008927,800.5785285093428,11.0,0.752264965813657,1.0224578871552779,73.02331552645535,38.2995494180052,8.704878271092408,4.565568039712462,90.70492829858838
82,3494.2531942302176,138,1141.5585372444816,897.7773746845625,925.8715121720543,11.0,0.4388943443724516,0.5721593465738631,243.78116255991915,215.68702507242733,21.35511711456894,18.894083661540236,94.79855139478306
83,2648.902263790169,140,860.8658574942043,677.2401548566467,699.1509734094278,11.0,0.0,0.15802525060730066,183.62570263755765,161.7148840847765,21.330350255968177,18.785143199370665,98.5634068126609
84,2538.036533500661,117,799.3319328091425,612.8947903948746,674.4599907916041,11.0,0.13450259971525713,0.1477677412365344,186.4371424142679,124.87194201753834,23.32412040127812,15.622038466384424,98.65665689784969
85,2505.5451247315914,127,802.8798060746384,628.8503692860087,655.0950762581015,11.0,0.6710331123562174,0.2766998815159255,174.0294367886297,147.78472981653692,21.675652503888156,18.40683109705693,97.4845465316734
86,3276.4142927532835,99,1009.3414367607447,843.0365803443752,861.9860756066256,11.0,0.3333333333333333,1.2187088274044808,166.3048564163695,147.35536115411912,16.476570797498187,14.599158994900987,88.92082884177745
87,2961.691538876768,151,971.1540479711603,757.1552713618782,785.911281011033,11.0,0.5009192520996187,0.2936723204425329,213.998776609282,185.24276696012726,22.03551301220926,19.074498772580753,97.33025163234062
88,2453.7909049047867,155,771.6330597764575,622.381309847472,652.5783051998897,11.0,0.20024225329249118,0.1150898886942756,149.25174992898542,119.0547545765678,19.34232185078018,15.428933878371934,98.9537282845975
89,2825.0514408872828,155,892.9247029303698,735.5886583854273,746.0738700614173,11.0,0.07096774193548387,0.10961214334870446,157.33604454494252,146.85083286895247,17.620303708543673,16.44604885350606,99.00352596955723
90,2319.448405938283,136,679.9935941829283,588.0107044753343,616.7340413665148,11.0,0.13630728653071186,0.10233989522636405,91.98288970759404,63.259552816413475,13.52702297410897,9.302963051060113,99.06963731612396
91,3167.520174257411,81,851.7464656434157,821.3423274698133,871.7208639137152,0.0,0.0,0.0,30.404138173602405,-19.974398270299503,3.569623050990284,-2.345110790123525,
92,2664.932745063909,106,803.5266112608413,684.3671270664237,713.7933594004875,11.0,0.20754716981132076,0.5822574846889478,119.15948419441759,89.73325186035379,14.829562894928936,11.167427513016683,94.70675013919139
93,2575.965001602608,113,829.4853294372729,679.1558709476881,687.5206415692867,11.0,0.46314401086937995,0.36400828119777295,150.3294584895848,141.96468786798619,18.123220888254778,17.11479188719296,96.69083380729298
94,2671.205655632219,153,859.3020027369829,698.8123689460898,710.968818465753,11.0,0.10427480099926438,0.12879898017159738,160.4896337908931,148.33318427122992,18.676743831588176,17.262054993328356,98.8291001802582
95,2941.6969343973406,121,806.5268145659277,711.9034732903066,785.7935518536065,0.0,0.0,0.0,94.6233412756211,20.73326271232122,11.732200289775529,2.570684859805914,
96,2533.104454417445,120,846.8166843432082,644.934835861235,671.8209199451719,11.0,0.2828732227066308,0.3212718077321022,201.88184848197318,174.99576439803627,23.84008867734496,20.66512949420253,97.07934720243544
97,2538.276344309975,89,813.1930409115253,640.6600462069164,682.9987067207168,11.0,0.0,0.9068148510014657,172.53299470460888,130.1943341908085,21.2167328081427,16.01026172640028,91.7562286272594
98,2597.8121405436127,140,738.8169611489806,685.5122609281049,718.0007536093068,0.0,0.0,0.0,53.3047002208757,20.81620753967377,7.214872292316925,2.8175053679467754,
100,2971.99265907694,85,908.727890461437,787.6823051550931,816.885301690016,11.0,0.5060004991957092,1.4085191200194682,121.04558530634392,91.84258877142099,13.320333465816592,10.106720585497255,87.19528072709575
101,2971.4898702292844,156,889.5731160799793,781.1616720675246,805.7020410349827,11.0,0.47697898534906996,0.2870125972310271,108.4114440124547,83.87107504499659,12.186906511989026,9.42823850327059,97.39079457062702
102,2744.880763850509,93,847.2958157964242,715.6362470042415,731.1005766424502,11.0,0.2266812403357147,0.9992987377279109,131.65956879218277,116.19523915397406,15.53879605417714,13.713656669572384,90.91546602065536
103,3626.5571577212017,79,1025.7890975354542,965.0375441551924,985.5483744826587,11.0,0.7809213046201492,2.4456521739130412,60.751553380261726,40.24072305279549,5.922421434018212,3.922904147594984,77.76679841897234
104,2926.577608916243,84,934.1483707132172,746.8205350614539,782.2893061090723,11.0,0.508804597048532,1.3942805383022787,187.32783565176328,151.85906460414492,20.0533278786045,16.256418077162767,87.3247223790702
105,3276.136540071253,113,1047.8685568129483,844.2518239951902,890.2401734830651,11.0,0.3630696183472971,1.0306912649288442,203.61673281775813,157.62838332988326,19.43151471564817,15.042762978717855,90.63007940973777
106,2566.3650521175414,86,759.283540352269,678.769892510171,703.2138728169705,11.0,0.38372093023255816,0.998483316481295,80.51364784209807,56.06966753529855,10.603897432669728,7.384549322547551,90.92287894107913
107,2530.402336059976,144,820.2374475448853,660.6143655855018,663.9316439455713,11.0,0.1527777777777778,0.10299273014584757,159.6230819593835,156.305803599314,19.460594299512103,19.056165268626142,99.06370245321958
108,2640.7530122745216,118,788.7917657651429,696.1323930483458,693.3338675991928,11.0,0.43199878820612864,0.4217400748626217,92.65937271679718,95.45789816595016,11.747000506136855,12.101786847806935,96.16599931943071
109,3094.8179448896926,103,960.5972092802566,825.8660084517012,819.4832737866815,11.0,0.2069813457994427,1.1291684254959915,134.73120082855542,141.11393549357513,14.025774750012548,14.6902295915795,89.73483249549099
110,2595.6358433723567,78,709.0188323020747,676.6797867841093,715.1535128183224,0.0,0.0,0.0,32.33904551796536,-6.134680516247727,4.561098245157392,-0.8652352006404916,
111,2469.8890232169665,115,705.618835030858,637.384556599497,653.9082214252214,11.0,0.20299901563384287,0.28011795151515023,68.23427843136096,51.71061360563658,9.670132803126911,7.328406079661293,97.4534731680441
112,2695.018654770755,89,801.2217726596303,707.9551336964641,703.4722097733055,11.0,0.24622750953310057,1.059477283829996,93.2666389631662,97.74956288632484,11.640552234816404,12.20006323116361,90.36838832881821
113,3208.2813892522863,155,937.7710832574468,809.1698337420221,866.6140791157635,11.0,0.641925593324539,0.22672976791746474,128.60124951542468,71.15700414168327,13.71350128100716,7.587886362896999,97.93882029165941
114,2732.714184484638,100,843.6940668857962,713.4678142348899,734.7466364564335,11.0,0.6381366019498423,0.7462422140183996,130.2262526509063,108.94743042936273,15.435245755797633,12.913144077391031,93.21597987256001
115,2961.4913147118864,115,884.021764556679,760.9271022143215,790.8130207211518,11.0,0.39115497899431023,0.7585066162570893,123.09466234235754,93.20874383552723,13.924392733032686,10.543715955033045,93.10448530675373
116,2905.0504436334268,79,947.7395134738242,774.8066467574324,781.3580500648766,11.0,0.22747372627599857,1.4309301045679708,172.9328667163918,166.38146340894764,18.246877360059344,17.55561111925117,86.99154450392754
117,3289.9440457596806,88,915.7674283972597,876.5383515163458,924.1653591201582,11.0,0.7117802345939185,1.902173913043478,39.22907688091391,-8.397930722898536,4.283737951847786,-0.9170374990947502,82.70750988142292
118,2638.7035183011617,94,725.7009874551846,688.7656357547355,718.658266150445,11.0,0.3245989133265546,0.98371084672156,36.93535170044913,7.0427213047396435,5.089610230512475,0.9704715063756977,91.05717412071309
119,3237.800239131285,82,894.8876531079261,814.4670210634008,905.94314831385,0.0,0.0,0.0,80.42063204452529,-11.055495205923876,8.98667355228627,-1.235405938111714,
120,3047.2426997648035,135,859.1915089806782,794.1562749168561,818.3183957166863,11.0,0.6642579769084521,0.26426866462484666,65.03523406382214,40.87311326399197,7.569352511523094,4.757159822550241,97.59755759431957
122,2542.6198331968867,155,824.4231940570128,639.6387927320072,678.610650388158,11.0,0.0,0.08739128170794282,184.78440132500555,145.8125436688548,22.413780041252313,17.68661346744827,99.20553380265507
124,2289.9538654215025,140,704.5729066819292,581.7773650763211,599.207279171479,11.0,0.15714285714285714,0.12976418205651094,122.79554160560815,105.36562751045028,17.42836553053021,14.954538630594309,98.82032561766808
125,2874.385229793928,117,884.9194263851305,758.8167693934216,772.556934656033,11.0,0.20101240832607883,0.6120846363144525,126.10265699170884,112.36249172909743,14.250185184298015,12.697482774007444,94.43559421532316
126,2656.470187105376,81,788.8544585786254,680.6438605606572,740.1245140854478,11.0,0.3696696820666468,1.4727589908749346,108.21059801796821,48.72994449317764,13.71743505296837,6.177304820078,86.61128190113696
127,2540.572985452858,85,785.2882554994035,665.8953340053345,683.2663458413206,11.0,0.25882352941176473,1.0169844999105944,119.39292149406901,102.0219096580829,15.203706493501699,12.991651020325287,90.75468636444914
128,2474.9581987051147,121,769.8580957697748,640.8440118471215,657.110430048337,11.0,0.0019241824406976988,0.1512558381574401,129.0140839226533,112.74766572143778,16.758164216439546,14.645252981161718,98.62494692584146
129,3255.4899702557373,111,1008.5901186260273,858.4730244190531,880.1043605178444,11.0,0.5642990150050647,1.0656946579589948,150.11709420697423,128.48575810818295,14.883855337733662,12.739145043698755,90.31186674582732
130,2734.6459884109195,78,863.8827587699402,720.717303669743,746.9010738380655,11.0,0.9771338894644968,1.4423076923076938,143.16545510019716,116.98168493187472,16.572324617757932,13.541384377023782,86.88811188811188
131,3346.1919100981827,151,1004.5697654258493,833.2792219086591,878.7310211254721,11.0,0.4057056865495291,0.32567635007305923,171.29054351719014,125.83874430037713,17.051134666050597,12.526630666316397,97.03930590842673
132,2691.6538818279178,135,736.2908760902532,701.9868072074703,719.3389356790411,0.0,0.0,0.0,34.30406888278287,16.951940411212036,4.659037616347964,2.3023428595540683,
133,2803.7640312133835,117,844.8140154350006,734.022385438155,744.8937161870365,11.0,0.3512410839571893,0.5523683303478163,110.79162999684559,99.92029924796407,13.114321965858746,11.82749071658268,94.97846972411075
134,3250.042782964992,155,961.1350012948619,842.6946490718097,858.2991393252993,11.0,0.38547060117585624,0.3291036433809853,118.44035222305217,102.83586196956264,12.322967331695002,10.699419106683237,97.0081486965365
135,2217.798792245543,154,709.1558822155287,578.2805429101371,582.168405981501,11.0,0.16208266922792122,0.16591229738626814,130.87533930539155,126.98747623402767,18.455087603097052,17.90684945562269,98.49170638739756
136,3345.213709127933,154,1070.4859023353274,868.784470620913,888.3707181057999,11.0,0.31709839657797506,0.24566042205480096,201.7014317144144,182.11518422952747,18.84204465228276,17.012385107756447,97.76672343586544
137,2785.0115585785843,98,905.9891040232927,719.7902845248439,747.6000386476494,11.0,0.518156284197387,0.9085901208032197,186.19881949844887,158.38906537564333,20.55199324932077,17.482447048454922,91.74008981087982
138,2872.7305460531306,147,806.8652019987102,736.9202286050515,770.4639555055176,11.0,0.21417309475048946,0.16762450952464059,69.94497339365864,36.401246493192616,8.66873093800499,4.5114408705471485,98.47614082250327
139,2460.419471630454,117,823.435731836912,645.2883913311518,651.7502498246592,11.0,0.5067459240640907,0.34250190461730756,178.1473405057602,171.6854820122528,21.634638092319715,20.849894578810492,96.88634632166084
140,2747.2627269848012,135,799.6378370563973,704.0908913665975,727.3402248364397,11.0,0.32592592592592595,0.21014948183388846,95.54694568979983,72.29761221995761,11.948777466749743,9.041294554807136,98.08955016514646
141,3011.243161524698,145,879.9136891561645,790.5316860528152,802.7295267248376,11.0,0.3911662867483892,0.254872563718141,89.38200310334935,77.18416243132697,10.158042113092536,8.771787890394844,97.68297669347145
142,3583.2928330854884,90,1060.4435807323912,945.9305436475327,1007.3064422568665,11.0,0.35058852203045837,1.8991545893719803,114.51303708485852,53.137138475524694,10.798597791102713,5.010840693554459,82.73495827843654
143,3130.0383537520484,113,892.741685642553,822.71201241428,844.9443459802065,11.0,0.3637885192187642,0.9704763927059107,70.02967322827294,47.79733966234642,7.8443377692024,5.353994378333994,91.17748733903717
144,2770.3077322618838,88,856.3733460481387,741.1833017994375,758.1555734577804,11.0,0.16653049721322122,1.3126140837145468,115.19004424870127,98.21777259035832,13.450914228036492,11.469036611613234,88.06714469350412
145,2487.2598730447075,100,677.8805850746235,637.7712151577553,656.3496084026839,0.0,0.0,0.0,40.10936991686822,21.530976671939584,5.9168784001171595,3.1762196979825554,
146,2797.2229327544233,110,804.8738825576509,726.312834349227,745.0538245366299,11.0,0.20255532388688885,0.536816169289125,78.56104820842381,59.82005802102094,9.760665603756461,7.432227497670879,95.11985300646249
147,3055.895505605682,145,883.3512599090571,790.6673624564339,807.2125081552615,11.0,0.3159691367012027,0.23856927599677827,92.68389745262323,76.13875175379565,10.492303759454108,8.619306408374205,97.83118840002929
148,2775.24170934253,146,834.062891354235,711.5004373577885,733.2487674935386,11.0,0.14151656386621858,0.10422870756402622,122.5624539964465,100.81412386069644,14.694629777551507,12.087112963029504,99.05246629487249
149,2495.3312727105217,108,693.6370441697134,627.6233213207165,654.4745958009626,11.0,0.2902048870299141,0.2874874957255663,66.01372284899685,39.1624483687508,9.517041139003119,5.645956872967825,97.38647731158576
150,2980.432479209805,104,772.2214326107425,676.7309025682463,817.7463544439546,0.0,0.0,0.9942727678840554,95.49053004249618,-45.52492183321215,12.365692793537184,-5.895319646762527,
151,3565.1058709719223,119,1103.5644177237778,934.4627491223021,952.5363696229116,11.0,0.6397309620992011,0.9675211921295577,169.1016686014757,151.02804810086616,15.323225892899517,13.68547641399838,91.2043527988222
152,2232.4143271366256,150,637.6927604671685,580.7704053621484,595.1867473938719,11.0,0.32784610276022347,0.07087716466408225,56.922355105020074,42.50601307329657,8.92629784025135,6.665594422329183,99.35566213941743
153,2699.2232021577947,155,775.1387618391961,692.6383651042456,720.3893955395515,11.0,0.14193548387096774,0.1489204729198193,82.50039673495053,54.749366299644635,10.64330682408389,7.063169718121061,98.64617751891073
154,2420.9013603510075,95,763.8704231365552,629.4655260905779,645.8233223193886,11.0,0.4631578947368421,0.47672609921173514,134.40489704597735,118.04710081716667,17.595248222086237,15.453812222817753,95.6661263708024
155,2768.9870364473095,92,750.9014274319626,717.8929363185846,739.9373546963591,0.0,0.0,0.0,33.008491113378,10.964072735603509,4.395848763567415,1.4601214400537197,
156,2355.7701420135186,133,750.8301348361774,621.0045090133654,619.6904289352341,11.0,0.33091067207415037,0.12249021094506232,129.82562582281207,131.13970590094334,17.290945021957402,17.46596198214081,98.88645262777216
157,2712.942181779954,101,815.4454485464867,709.004157419784,735.925638846937,11.0,0.3603274576192346,0.7261259939946115,106.44129112670271,79.51980969954968,13.053146757570595,9.751701949074825,93.39885460004899
158,3067.094470038996,93,959.5514295967924,776.139765904731,825.9085967137445,11.0,0.2977912676607488,1.2623203034867012,183.41166369206144,133.64283288304796,19.114313004476664,13.927636264291246,88.52436087739363
159,3338.73895362463,80,1037.9459205528537,889.5577258468015,922.2765109559119,11.0,0.7215825250083661,2.1739130434782594,148.38819470605222,115.66940959694182,14.296331992616187,11.144069002682858,80.23715415019764
160,2167.5190170449023,109,611.6028502549366,561.0361263429429,584.7015294482384,11.0,0.2018348623853211,0.2798461648914612,50.56672391199368,26.90132080669821,8.267901938474578,4.398495003004783,97.45594395553218
161,3430.8098996088897,108,1061.5047285462385,879.7165339571238,927.8200264390904,11.0,0.3197137513054744,1.0466988727858304,181.7881945891147,133.68470210714815,17.125519058033674,12.593886632067408,90.484555701947
162,2715.3982850142224,122,847.5524286415157,683.7564501797893,708.6625625526864,11.0,0.7392851300064135,0.32519600855310044,163.79597846172635,138.8898660888293,19.325763566539926,16.387171034533694,97.04367264951726
163,2160.3096965014975,93,694.4941684287149,574.9907734150404,579.8993957402963,11.0,0.18815185884809438,0.3009541638412546,119.50339501367455,114.59477268841863,17.20725679872152,16.50046579191413,97.2640530559886
164,2696.001160916718,134,821.4343732704048,703.7189430709245,722.1054440282877,11.0,0.4094695948136942,0.2947427120410901,117.71543019948024,99.32892924211706,14.330472893508919,12.092132064872741,97.32052079962645
165,2908.154860018267,131,825.5964492519885,769.9765540767116,771.5077473329716,11.0,0.1164894692994817,0.3658772026205442,55.61989517527684,54.0887019190169,6.736934882129144,6.551469785029072,96.67384361254051
166,3445.410236848657,114,930.031929446832,900.0563351624592,922.0732131544609,0.0,0.0,0.0,29.975594284372846,7.95871629237115,3.223071524243457,0.8557465652931794,
167,3227.6526635379887,92,1038.708443105869,861.3637981411405,868.2355278664813,11.0,0.8848008432920457,1.415798453750154,177.34464496472856,170.4729152393877,17.07357306487716,16.412008236849623,87.12910496590769
168,2819.049646993031,118,849.6001558036395,731.0982597660161,749.2948173034188,11.0,0.4554348744070486,0.5200005179487681,118.5018960376234,100.30533850022073,13.947960723421957,11.806181745028235,95.27272256410211
169,3077.69323055094,131,978.2948865412039,800.5064831273417,827.3538887811483,11.0,0.5008423860252404,0.42426972815432507,177.78840341386228,150.94099776005567,18.173293744020217,15.428987704690236,96.14300247132431
170,2553.6301340059167,107,765.2133594392162,676.9691462931708,682.8623350263417,11.0,0.11049478424333142,0.5686855381343191,88.24421314604547,82.3510244128745,11.531974978941156,10.761838302617344,94.83013147150618
171,3010.7029926359655,98,913.2510873852694,779.1028652162908,803.6889727444365,11.0,0.22448979591836735,0.8332849202627931,134.1482221689787,109.56211464083299,14.689084307915653,11.996932295423862,92.42468254306552
172,2440.4770242348964,118,783.9010646399641,657.4297422875227,640.8012908378367,11.0,0.21494160611364427,0.22757985850823498,126.47132235244146,143.0997738021274,16.133582164546254,18.25482580098948,97.93109219537968
173,3524.893354678235,106,1081.1005187512008,927.1499503153626,970.6520251703241,11.0,0.6819875080638,1.3971493027071378,153.95056843583814,110.44849358087663,14.240171544239871,10.216301968706642,87.29864270266239
174,2469.8237215789263,109,740.6650933395077,627.9533149152377,657.6479819172363,11.0,0.2742002361037516,0.24543809910713177,112.71177842427005,83.01711142227146,15.21764417384322,11.208454694140404,97.76874455357152
175,2454.023284449988,105,724.6366286529296,617.4811897856149,651.1698090301285,11.0,0.10476190476190476,0.38029607983830727,107.15543886731473,73.46681962280115,14.787472041885652,10.138435833608497,96.54276291056084
176,2755.368606000617,101,868.0041173260519,705.2278331638279,752.7380747008558,11.0,0.4025062127328327,0.8750726923619211,162.776284162224,115.26604262519606,18.752939175411733,13.279435007783288,92.04479370580071
177,3316.4409851585183,134,926.8578037746836,859.5413308651329,876.3363812620962,11.0,0.5201872061340496,0.4988286494756009,67.31647290955073,50.52142251258738,7.262869518431024,5.450827765255455,95.46519409567635
178,3101.6286854118894,114,889.7017302081449,816.9399738528946,834.16431307584,11.0,0.32584418707627244,0.7571334225995218,72.76175635525033,55.53741713230488,8.178219046312046,6.242251222700439,93.11696888545889
179,2941.0409307958744,114,908.8223326309901,758.345011087639,791.3543780440923,11.0,0.5884554663635423,0.7751583205196816,150.47732154335108,117.4679545868978,16.557396989544436,12.925293577110347,92.9531061770938
180,3469.9852988154576,129,977.782031672152,877.8490657140532,926.8316227450312,11.0,0.17054263565891473,0.5392652510953825,99.93296595809886,50.95040892712086,10.220372508502605,5.2108146066039,95.09758862640561
181,3033.89015175842,106,858.8055063216702,793.6505436225864,829.8685565319347,11.0,0.758884544924861,1.0164233511614869,65.15496269908385,28.936949789735536,7.586695965440132,3.369441576320896,90.75978771671376
182,2621.214094335609,85,857.227407566621,687.6848880202874,706.7463120345935,11.0,0.7764705882352941,1.067774936061382,169.54251954633355,150.48109553202744,19.77800966812383,17.5543962084918,90.29295512671472
183,2460.2344233894064,145,740.0682678551887,643.6760324464083,640.5350315629282,11.0,0.12718990970322114,0.11185411952096705,96.39223540878038,99.53323629226043,13.024776172087105,13.449196596514037,98.9831443679912
184,2944.1077310758237,82,886.381024906555,782.5438325905146,827.0995672185295,11.0,0.7442172961028346,1.6775915381229558,103.83719231604039,59.28145768802551,11.71473546909324,6.68803325232229,84.74916783524586
185,3240.6945704414907,123,945.3373960943236,858.2030942298635,879.1350048311475,11.0,0.23283059675497175,0.8439377872039598,87.1343018644601,66.20239126317608,9.21727017512021,7.003043731972554,92.32783829814582
186,2648.1512818872475,98,857.8402483422723,681.6815756450386,715.1684557716733,11.0,0.1874661918366495,0.9457847366458783,176.15867269723367,142.671792570599,20.535137286651022,16.631510685853705,91.40195693958293
187,2634.1965483925997,94,768.1561073828849,655.7755795546267,707.8427873881708,11.0,0.36000774912541544,0.9250693802035157,112.38052782825821,60.31331999471411,14.629907482105391,7.8517008997301545,91.59027836178622
188,2892.17911336626,81,887.3490268301935,763.1401134533671,791.2517828405274,11.0,0.48681890686380963,1.5153904285801776,124.20891337682633,96.09724398966603,13.997751687464852,10.829700724747125,86.22372337654383
189,2662.5756585329173,149,817.281518538391,683.376774076946,712.5151523647245,11.0,0.2214765100671141,0.11196510403294542,133.90474446144492,104.76636617366648,16.384164014979483,12.818883554473182,98.9821354178823
190,3311.829745811937,111,918.3855038345979,780.0498614249548,877.2077156922106,0.0,0.0,0.9262270271868766,138.33564240964313,41.17778814238727,15.06291658917098,4.483714950906219,
191,2497.1143238729246,105,795.4928463663981,651.9655369764056,657.9997382720567,11.0,0.38761990020170056,0.33159462918987725,143.52730938999252,137.49310809434144,18.042564436070982,17.28401565424174,96.98550337100112
192,2611.0351530765174,136,749.1533203900397,681.7109339675516,696.1924541380156,11.0,0.3068859956884352,0.26723678702808185,67.44238642248808,52.96086625202406,9.002481145965534,7.069429556082123,97.57057466338107
193,3550.6200125533237,81,886.9329326191253,860.8960558846749,968.7834916990308,0.0,0.18082145692155283,2.1649867816665864,26.036876734450402,-81.85055907990557,2.9356082942554793,-9.228494745166325,
194,2647.433244529854,122,748.0664319801576,664.0437721906595,696.5738110030296,11.0,0.206348405134468,0.3813597197616613,84.0226597894981,51.49262097712801,11.231978364152397,6.883428900936682,96.53309345671217
195,2323.431620430929,117,762.9069252448766,604.7010167700589,619.7604163906027,11.0,0.09047184985333581,0.19943125080291838,158.20590847481765,143.14650885427386,20.73724896703972,18.76329918073911,98.18698862906437
196,2789.115643381839,121,791.970072778691,715.7703313608952,749.8833047361697,11.0,0.11615650832993103,0.45276345240625016,76.19974141779585,42.08676804252127,9.621543040186214,5.314186670571584,95.88396861448864
197,3384.675298173812,87,1102.8309225444123,902.4760717302256,926.594657690695,11.0,0.6124976733147524,1.902173913043478,200.35485081418665,176.23626485371722,18.16732254405191,15.980352132955355,82.70750988142292
198,2392.7521270286375,153,784.1540708825763,630.9100816757174,633.6031861939506,11.0,0.15683156553102715,0.1999078425004864,153.24398920685894,150.55088468862573,19.542586705490248,19.19914596874803,98.18265597726831
199,2763.9188334101755,96,775.92530710972,703.8601808603685,758.8055874599164,11.0,0.42279939269374983,0.8746603260869571,72.06512624935158,17.119719649803642,9.287637043028058,2.2063618099496813,92.04854249011856
200,3210.516004455223,131,932.9753881498044,818.2756501895387,846.8518407413133,11.0,0.4552585111118501,0.6514085277066067,114.69973796026568,86.12354740849116,12.293972533158481,9.231063166551895,94.0781042935763
201,3424.1922113538226,137,1016.8094914101398,887.3233142921864,912.7769204909034,11.0,0.3114599724693637,0.5427297661072238,129.4861771179534,104.03257091923638,12.734556297107174,10.23127456992569,95.06609303538887
202,3048.031550641345,105,960.3417835451163,805.6671008034301,813.8160380475786,11.0,0.587232046921427,0.980848861283645,154.67468274168618,146.52574549753774,16.106211912461234,15.257666385881464,91.08319217014869
203,2552.3697169590623,88,722.8486675862482,656.9859787739896,680.7755470648729,11.0,0.23325347491452877,0.8615365612648223,65.86268881225863,42.07312052137536,9.111545993740117,5.820460410042233,92.16784944304706
204,2067.0612355521803,101,608.6222485907145,538.0790280128547,552.8697678514305,11.0,0.00972676828451608,0.2919229563037281,70.54322057785987,55.75248073928401,11.590641114616677,9.160440793674693,97.34615494269339
205,2300.7155978091096,141,754.567358642716,600.3763771403152,601.5628565068268,11.0,0.25157465154726155,0.1056228468861098,154.19098150240086,153.0045021358892,20.43435615605651,20.277116467257112,99.03979230103536
206,2482.238423960574,149,690.8348200000411,635.4573431743802,656.3828917085227,0.0,0.0,0.0,55.37747682566089,34.45192829151836,8.016022820861519,4.986999394662288,
207,3043.6573898847523,152,1004.0742942746701,788.4450509771169,809.4412488054826,11.0,0.6435948861397874,0.16464575068333512,215.62924329755322,194.63304546918755,21.475427119994233,19.384327094021252,98.50322044833332
208,2296.7655368600613,95,762.2439438314161,584.1931662037539,614.09451861011,11.0,0.5982773227243385,0.45716152564618157,178.05077762766223,148.14942522130616,23.35876579519815,19.435959632113793,95.84398613048926
209,2808.28619809919,125,840.6871522077795,722.7887378536578,739.150207085136,11.0,0.3027180797355395,0.2389592754638971,117.89841435412166,101.53694512264349,14.024053305025713,12.07785141666447,97.82764295032821
211,3144.7982931869196,134,995.8328484558874,811.497182914989,832.6701398923165,11.0,0.4890163200601929,0.36323539653717507,184.3356655408984,163.16270856357096,18.510703460598283,16.384547749812313,96.69786003148023
212,2540.066726267933,110,791.3393845579245,633.3079866206698,669.6535317457875,11.0,0.12817703254293322,0.37145766495400034,158.03139793725472,121.685852812137,19.970116617604937,15.377201638980202,96.62311213678181
213,3119.556779805155,134,1016.9632141791418,792.9899263222676,816.7873818538495,11.0,0.18884064305773743,0.47680300516026836,223.9732878568742,200.17583232529228,22.023735444320653,19.683684673576657,95.66542722581575
214,2946.1277320787713,132,848.9193811304651,742.9516346517814,778.8279559168778,11.0,0.10045412949147921,0.3978849595310049,105.9677464786837,70.09142521358729,12.482663116675642,8.256546707680288,96.3828640042636
215,3136.850006262264,156,1034.4599044414153,791.0205850348881,823.4674209359271,11.0,0.4212376374115877,0.22573911067400518,243.43931940652726,210.99248350548828,23.53298744217437,20.396390676873978,97.94782626659996
216,2334.658814054379,116,701.8734440840788,593.2034183593277,618.7451514100624,11.0,0.09376282877319789,0.3397765432290616,108.6700257247511,83.1282926740164,15.482851878882784,11.843772317457605,96.91112233428126
218,3461.5399240469287,119,1132.9550388235084,865.2252980572766,934.5965759105004,11.0,0.42734483349407165,1.0093167701863366,267.72974076623177,198.358462913008,23.631100228324126,17.508061318919495,90.82439299830602
219,2483.5529757411596,90,742.3346906808414,641.1874027065044,662.8678245471976,11.0,0.6665466923620932,0.8616549886931242,101.14728797433702,79.46686613364375,13.625563946306826,10.704991580113242,92.1667728300625
220,2347.5571493559855,86,700.5843149184693,609.727406852939,628.0421936737969,11.0,0.3062986894666874,0.7077856420626892,90.85690806553032,72.54212124467244,12.968732832122257,10.3545168939608,93.56558507215738
221,2665.1404064774306,119,755.2733711813504,696.5665448608095,718.7629977362103,11.0,0.2773109243697479,0.29021707240507577,58.70682632054093,36.51037344514009,7.772924157079106,4.834060730624317,97.36166297813568
222,3287.792534262269,143,1040.196550184028,844.1314319084703,878.0102238673321,11.0,0.5802912159266073,0.4001233687099344,196.06511827555767,162.18632631669584,18.848852963497187,15.591892348422268,96.36251482990968
223,3473.1818047350207,120,1093.9913266264637,907.7765154073751,934.07117115327,11.0,0.3281661695505029,0.9165019661345277,186.21481121908857,159.92015547319363,17.021598497797818,14.618046010139654,91.66816394423157
224,2426.5378949060278,139,789.7119514587241,613.4829342693092,636.0212019931371,11.0,0.25126150666868907,0.1937611724551965,176.2290171894149,153.69074946558703,22.31560721145118,19.461621314163434,98.23853479586185
225,3608.2289674633334,92,1020.3504209329187,934.0936996759942,1026.6198931608433,11.0,0.20935444426094477,1.8739182544258193,86.2567212569245,-6.2694722279245525,8.4536370532448,-0.6144430481238297,82.96437950521982
226,2293.739420307783,113,671.8082029304612,575.7713570186306,606.4765899916283,11.0,0.09847208427812305,0.1841644557746298,96.0368459118306,65.3316129388329,14.295277356381336,9.724741772108931,98.32577767477609
227,2898.2640970853417,126,941.6042899665027,743.6580424618164,767.454380183865,11.0,0.2619047619047619,0.3882168392737561,197.9462475046863,174.14990978263768,21.022232971318363,18.4950208530627,96.47075600660222
228,3278.0612209583783,105,1028.1692172973665,854.2674944012048,871.8788872863296,11.0,0.6374702968508703,1.1527453290406127,173.9017228961617,156.29033001103687,16.913725870268486,15.200837311766618,89.5204970087217
229,2178.080840776156,79,592.8174059815614,564.2963499140249,584.0700800712698,0.0,0.0,0.0,28.521056067536506,8.747325910291579,4.811103010768143,1.4755514635755567,
230,2293.6794885929685,83,754.1755553854068,585.0541144088368,617.0994803258342,11.0,0.0,0.6089575694080669,169.12144097657006,137.07607505957264,22.424678149392392,18.175618936564785,94.46402209629031
231,2807.588077829032,151,896.1701445446556,691.8494069894963,742.4090512388009,11.0,0.0728476821192053,0.15812332740674806,204.32073755515933,153.76109330585473,22.79932430230364,17.157578194482344,98.5625152053932
232,3164.7225479337953,125,953.293971531319,824.1670669021375,862.4576399981659,11.0,0.528,0.6810241772475689,129.12690462918147,90.83633153315316,13.545339474009166,9.528679950345083,93.8088711159312
233,3071.3428519739095,98,955.7368728484034,818.6744922122331,824.1669512038591,11.0,0.4707238949291756,1.1950976042590962,137.06238063617036,131.56992164454437,14.341016291197425,13.766333117652316,89.1354763249173
234,3142.3887235178518,98,976.2489586805867,828.6238212504969,853.9145818671063,11.0,0.4489795918367347,1.2734604154425992,147.6251374300898,122.33437681348039,15.121669131366563,12.531063488028394,88.42308713234
235,2927.185397811126,81,879.9888126684274,739.5762361603072,804.3379620788816,11.0,0.36841484155937565,1.389240239694085,140.4125765081202,75.65085058954583,15.956177452113419,8.59679685701305,87.37054327550831
236,2639.2999635126675,152,857.711277247759,675.3683819378688,688.3909936034346,11.0,0.37250748461296,0.10954718068597835,182.3428953098902,169.32028364432438,21.259239577098217,19.740941752292528,99.00411653921837
237,3122.9901472122133,86,899.7481654554233,801.7587442226608,860.4788442631904,11.0,0.0752507447051598,1.418731041456018,97.98942123276254,39.26932119223295,10.890760881203184,4.3644791620504275,87.10244507767257
238,2143.493921049788,137,613.2888989101295,537.2135715142688,562.4179129561778,11.0,0.16058394160583941,0.11372392984958728,76.07532739586077,50.87098595395173,12.404484661479048,8.29478342822675,98.96614609227647
239,2219.507246888081,96,673.1383431695338,565.7693085245419,596.2809587921996,11.0,0.14719052485376108,0.4977234741924074,107.36903464499187,76.85738437733414,15.95051533380715,11.41776949080691,95.47524114370539
240,3470.202671756351,104,1111.7027391837796,916.9224916536293,957.5636600468588,11.0,0.4430323320348078,1.3977285405993447,194.7802475301503,154.13907913692083,17.520893010766475,13.865134419844182,87.29337690364231
241,3067.815599869076,99,837.2186473734405,801.6229218515812,842.4057563945048,11.0,0.45823531757386693,1.2671964705335688,35.59572552185932,-5.187109021064316,4.251664201882246,-0.6195644396284704,88.48003208605847
242,2470.6002467751105,143,809.5343671524301,619.3288172152297,644.3788703111779,11.0,0.26264707817912963,0.12392710250263224,190.20554993720043,165.15549684125222,23.49567327280448,20.401295305373303,98.87338997724879
243,2614.9553836011937,80,753.7672851546088,666.3905947193493,719.7075248982482,11.0,0.4125,1.3815554436838913,87.37669043525943,34.05976025636062,11.591998240854561,4.518604206784387,87.44040505741917
244,2881.6507513581614,105,930.8545666115206,751.3548225803895,763.0626195441262,11.0,0.5238095238095238,0.803697945868064,179.49974403113106,167.7919470673944,19.28332851011761,18.02558134061559,92.69365503756306
245,3107.3492186862272,100,895.1294723908596,803.2968111704395,831.2650546203586,11.0,0.2510213994287943,1.1005434782608707,91.83266122042016,63.86441777050106,10.259148430800554,7.134657023404829,89.99505928853753
246,3036.5672320644976,99,966.8912424887816,783.1391292718606,827.2529134901034,11.0,0.4478743553302566,1.1868115125928818,183.75211321692097,139.63832899867816,19.004424193970603,14.44198921889587,89.2108044309738
247,2579.74751092374,93,840.0290308883868,647.0356005517212,678.0328172179853,11.0,0.2059282438939585,0.7785164459837801,192.9934303366656,161.99621367040152,22.97461435738264,19.28459704530446,92.92257776378382
248,2927.862064285564,150,877.5147046897783,735.715661711638,784.9057190859288,11.0,0.21477594513456827,0.30308928778465,141.7990429781404,92.60898560384953,16.159164310331374,10.553553702167184,97.24464283832135
249,3015.6625125781343,107,952.2282379255223,792.1029870080929,795.2401252809225,11.0,0.3891076980881313,0.9235961905625588,160.1252509174294,156.98811264459982,16.8158477705167,16.486395424127142,91.60367099488583
250,2768.5084647740323,111,884.0260338496046,739.578340595475,746.3679333983212,11.0,0.5345138376615831,0.8666843019128314,144.4476932541296,137.65810045128342,16.33975558673466,15.571724720801896,92.12105180079244
251,2998.7549174225715,108,859.6351148856526,782.6966404716688,807.5273713759705,11.0,0.2794509786170912,0.9888285024154599,76.93847441398373,52.10774350968211,8.950131640936744,6.061611794047455,91.01064997804127
252,2570.8946245741904,155,718.0503711376631,664.8135263141813,682.5633635340691,11.0,0.23262856848158078,0.12979839269432072,53.23684482348176,35.48700760359395,7.414082209738919,4.942133453307617,98.82001461186981
253,2627.0425029278263,104,884.9441167789901,662.5292543236864,688.943786703749,11.0,0.36977449902397275,0.6061872909698997,222.4148624553037,196.0003300752411,25.13320990989204,22.148328505605637,94.48920644572819
254,2346.8684242658837,104,636.1520373896517,596.4448277400596,624.462420496197,0.0,0.0,0.0,39.70720964959207,11.68961689345474,6.241779844410193,1.8375508064740649,
255,3362.6915299915604,103,948.2973543949827,869.3571282162422,917.6727507408114,11.0,0.0,1.241531137425522,78.94022617874043,30.624603654171324,8.324416999887614,3.229430464214459,88.71335329613161
256,3382.769959839869,103,947.0729866660427,894.0703919305271,923.2221970347168,11.0,0.5863745629920185,1.3032925284930366,53.00259473551557,23.850789631325824,5.596463575853776,2.5183686967239094,88.15188610460876
257,2561.6057899917073,85,724.0377058375683,670.3268529442533,689.5493655473962,11.0,0.12655420339878246,1.0311577839614432,53.71085289331495,34.48834029017212,7.4182397491553465,4.763334839071113,90.62583832762324
258,2368.8024439656774,125,721.3348925251474,583.5398239679531,619.6797052897386,11.0,0.07678625697152539,0.19480814662676474,137.79506855719433,101.65518723540879,19.102787066742437,14.092647990387466,98.22901684884759
259,3266.917435302989,79,934.2149508796211,862.7810125417985,902.322225328162,11.0,1.1139240506329113,2.1739130434782594,71.43393833782261,31.892725551459193,7.646413522986668,3.413853045429237,80.23715415019764
260,2211.8504908361238,95,657.0806489919818,551.6175259075786,591.4746927647554,11.0,0.1392511096404305,0.43229561493871177,105.46312308440315,65.60595622722633,16.05025551219514,9.984460252766766,96.07003986419353
261,3153.182780318571,93,859.8204913987613,825.9512307460456,865.3519840676598,0.0,0.0,0.0,33.86926065271575,-5.531492668898522,3.939108336161776,-0.643331105065879,
262,2536.1578758190562,101,819.1275281137256,665.0214568501909,671.2405900688526,11.0,0.488059341562747,0.7177345681450906,154.10607126353466,147.88693804487298,18.813440639506744,18.054201936714882,93.47514028959009
263,2674.855241797632,137,855.6834747984931,696.4277381367444,706.8548676594232,11.0,0.2351990702637346,0.18862655360235725,159.25573666174864,148.82860713906985,18.611524161928237,17.39295095936238,98.28521314906948
264,3383.7884002977457,125,1107.9916218476042,903.5609851580184,910.4165660533481,11.0,0.5895759026915466,0.7723504974120177,204.43063668958575,197.57505579425606,18.450557987856666,17.831818571407123,92.97863184170893
265,2627.842063650736,156,735.4277684710464,745.1912184531452,742.9981780173147,0.0,0.0,0.0,-9.763449982098791,-7.570409546268252,-1.327587888392764,-1.0293885913510072,
266,2423.8181510249424,105,766.1037179062055,629.1027678771417,649.3609667901297,11.0,0.1636435277580483,0.37527895623334584,137.0009500290638,116.74275111607574,17.8828201491429,15.238504707318054,96.5883731251514
267,2702.509567407011,151,822.0515901805076,681.1775842359125,718.7410824004321,11.0,0.11196968548357061,0.1934318880692267,140.87400594459507,103.31050778007545,17.136881386442145,12.567399542088392,98.24152829027976
268,2410.967946562848,81,658.6357831576084,636.9669185524689,656.1614170927542,11.0,0.0,1.0030864197530867,21.66886460513956,2.47436606485428,3.2899616387763593,0.3756804789730314,90.88103254769922
269,2301.0392177051945,117,633.7865975722059,531.2565948272297,613.8757711279096,0.0,0.0,0.25317736124460183,102.53000274497617,19.910826444296276,16.177369975592637,3.1415663443447746,
270,2575.435800678889,141,857.108964511692,634.9676292066175,682.4470111384446,11.0,0.06279295507612079,0.1022625819648041,222.14133530507445,174.66195337324734,25.917513933789245,20.37803366958773,99.07034016395633
271,2416.8438320418018,120,705.2378344227185,591.1412150819698,634.549870566213,11.0,0.18152835628650385,0.1464773170384515,114.0966193407487,70.68796385650546,16.178459772247468,10.023280148372642,98.66838802692317
272,2290.354540044934,151,631.0334357559076,589.1168004186683,606.7708699148466,0.0,0.0,0.0,41.91663533723931,24.26256584106102,6.642537932562617,3.8448938623984596,
273,3006.6094963917158,102,962.4290583933657,778.0481962889809,817.8811187511283,11.0,0.5203871204201803,1.078131837826174,184.38086210438485,144.54793964223745,19.157865246939,15.019074744432496,90.19880147430752
274,2816.714215725109,80,803.5608048081284,742.1287386340605,771.6045847082976,11.0,0.2033821697902698,1.3922019029256831,61.43206617406793,31.95622009983083,7.644980417970544,3.9768266332329674,87.34361906431197
275,2625.9575462799667,139,834.1274569131358,693.4710601682433,690.5585541738093,11.0,0.14773053572481207,0.18148971334411043,140.6563967448925,143.56890273932652,16.862698329751797,17.21186631005212,98.35009351505354
276,2471.836159999455,83,729.1375842265613,630.3086648586942,653.9324995223553,11.0,0.39000993392103583,1.1033263488737566,98.82891936786712,75.205084704206,13.554220973631567,10.314251566661511,89.96976046478403
277,2616.699045748565,138,793.9587025579639,687.1666418140846,696.3645467114173,11.0,0.37841189804715,0.15874516061986227,106.79206074387923,97.59415584654653,13.450581295956354,12.292094731390838,98.55686217618307
278,3530.1458468132687,135,1115.8194332103433,902.8094716696826,938.7032287867394,11.0,0.25811962149618517,0.5732502857064357,213.0099615406607,177.1162044236039,19.09000284461851,15.873195891025112,94.78863376630513
279,3311.416833698984,144,1057.7177085923074,827.3807389097891,875.8034700620209,11.0,0.13879718223174947,0.32792348487537853,230.33696968251832,181.91423853028653,21.776790519000443,17.19875133530591,97.01887741022384
280,2260.2499004313995,115,750.2155559716452,590.3540510106716,594.7294178787529,11.0,0.18576887486080376,0.2770197913095092,159.86150496097366,155.48613809289236,21.30874302571989,20.725528397170297,97.48163826082265
281,2439.091161014763,148,810.3774797699845,621.8380999297838,651.0490886757907,11.0,0.31639755702896866,0.13572521799744558,188.5393798402007,159.32839109419376,23.265624298162287,19.66100922984893,98.76613438184141
282,2513.1272689141083,91,771.1875878489932,623.6754122220175,685.40772855792,11.0,0.20899167671858945,0.7763975155279502,147.5121756269757,85.7798592910732,19.127923990376797,11.123086087307438,92.94184076792773
283,2636.182824300369,112,832.6969486081088,684.8491603504591,697.3767366506885,11.0,0.3244311586001167,0.36878881987577644,147.84778825764965,135.32021195742027,17.755293628106124,16.25083557512901,96.64737436476567
284,3194.5628375853757,87,993.3760294783453,851.8548097237992,883.2058136036164,11.0,0.7910822857494745,1.511816706785403,141.5212197545461,110.17021587472891,14.246490307287118,11.090484630737762,86.25621175649634
285,3005.509357362588,138,860.4325256974147,741.9675566898374,787.8845412898431,11.0,0.036367044286901004,0.2825001044178214,118.46496900757734,72.54798440757156,13.768071925402491,8.431571592295228,97.43181723256527
286,2282.783174799383,134,665.9040009431468,563.8636357450772,608.593013449411,11.0,0.3324714958060614,0.11037545427458836,102.0403651980696,57.31098749373575,15.3235849392023,8.606493940953031,98.99658677932193
287,2608.6565082764205,141,776.7623216151236,673.4305684625906,695.8912928999008,11.0,0.2986517883732349,0.2409377116181324,103.331753152533,80.87102871522279,13.302879179010004,10.411296540113774,97.80965716710789
289,2430.172080511104,102,774.8238493012902,631.5423866218501,639.3611027510383,11.0,0.33030316950977384,0.4537000903196831,143.2814626794401,135.46274655025195,18.492133768035977,17.48303781206627,95.87545372436652
290,3204.177783621945,83,907.3938218531383,834.147158735123,898.7502643505424,11.0,0.6135293768963579,1.882530120481928,73.24666311801536,8.643557502595968,8.072202097257648,0.9525695783274715,82.88608981380065
291,2417.4179541178614,151,806.667316645805,618.7114025241825,636.8341123999676,11.0,0.26093716113318166,0.10444421555299165,187.95591412162253,169.83320424583746,23.30030115799907,21.053686041479793,99.05050713133645
292,3372.5057805721485,116,967.3141580556777,880.76777280246,906.8763344769445,11.0,0.6862814296057432,1.0799287856071977,86.54638525321775,60.43782357873317,8.947081414292317,6.248003616551473,90.18246558538911
293,2302.6677769173552,85,584.8161141111268,556.3811380819292,620.8722187627292,0.0,0.08759858235555215,0.6841432225063937,28.434976029197628,-36.05610465160237,4.862208024554264,-6.165374684725426,
294,3136.3932008526667,151,876.4893552835222,795.3529001487503,825.3525917518838,11.0,0.2952117470464047,0.2664901806772713,81.13645513477184,51.136763531638394,9.256981233791054,5.834270915372035,97.577361993843
295,3224.4478576250262,156,958.5189351954164,835.1431531661648,853.4566985494364,11.0,0.288037033847246,0.21848035389511564,123.37578202925158,105.06223664597997,12.871501803362765,10.960893185126341,98.01381496458987
296,3106.8387050847377,113,915.0266874153547,820.3855078862882,847.2482987940638,11.0,0.26446852474613597,0.9683346446375172,94.64117952906645,67.7783886212909,10.34299663940909,7.407258121917979,91.19695777602257
297,2969.7412283839403,138,935.2842256000071,744.182502916325,799.239227843566,11.0,0.32892142386418294,0.31915456816159943,191.10172268368206,136.04499775644103,20.43247576009162,14.545845426738053,97.09859483489454
298,3317.437948983123,80,976.8513712072204,858.9570887524249,905.0856011630113,11.0,0.4259235647050141,1.9411099503732139,117.89428245479553,71.76577004420903,12.068804521316121,7.3466416856761825,82.35354590569806
299,2942.0965142215287,85,836.7255940976368,771.5886338313262,799.85383251928,11.0,0.5720319714490039,1.2691815856777509,65.13696026631055,36.87176157835677,7.784745766807484,4.406673088340385,88.46198558474771
300,2977.6650071079903,99,809.8010893285224,693.419127275818,805.5910980813725,0.0,0.219119722378372,1.0485287659200715,116.38196205270435,4.209991247149901,14.371672696712093,0.5198796720118982,
301,2465.4961253667802,129,736.959668489709,633.4354588592063,656.6940567818775,11.0,0.15153982246138795,0.21538477691518207,103.5242096305027,80.26561170783145,14.047472888531393,10.891452428098825,98.04195657349834
302,3046.653320721316,88,953.7001829204746,817.5198245448424,832.6985667468703,11.0,0.9210534054093106,1.272233201581029,136.18035837563218,121.00161617360436,14.279158252713446,12.68759494237134,88.43424362199065
303,2719.8394533639453,80,798.416785820895,731.7570943584537,733.3091277143685,11.0,0.23635850997416613,1.4264123007662315,66.65969146244129,65.10765810652651,8.348984220554042,8.154595352048597,87.03261544757972
304,3481.75040355565,130,1145.8180391326343,916.5446199500362,943.3903579280176,11.0,0.5572807830089141,0.7258811941800428,229.2734191825981,202.42768120461676,20.00958366444941,17.666651622787438,93.4010800529087
305,3060.2773640740597,138,966.1275486246888,800.1322411843552,811.5582988862587,11.0,0.5392540305000912,0.386604492380719,165.9953074403336,154.56924973843002,17.181510627311354,15.998845075731868,96.48541370562982
306,2774.752745939601,136,884.0320200119414,710.2344967636733,720.4865585172028,11.0,0.32482891400370945,0.24586771579859837,173.79752324826813,163.54546149473867,19.65964120235379,18.499947715980866,97.76483894728547
307,3116.129657714865,141,884.2869418881758,813.1585653609875,831.8484567239522,11.0,0.6814742626704685,0.3014281685971305,71.12837652718827,52.43848516422361,8.043585532916639,5.93003047769248,97.25974392184426
308,2340.3913566784995,141,782.3848667594334,579.0400683397976,614.1482609955292,11.0,0.2839848925387851,0.07784859898343512,203.34479841963582,168.2366057639042,25.990379806535802,21.503049574658167,99.29228546378695
309,2668.130241909989,125,894.2156744443656,684.5731765187119,710.6419451931853,11.0,0.2048271809203455,0.37773985974399854,209.64249792565374,183.57372925118034,23.444287985213215,20.529021632868,96.56600127505456
310,2760.841780328946,119,891.8454761652913,720.1715201968397,744.1468924807237,11.0,0.4238281164633033,0.3914373788602112,171.67395596845165,147.69858368456755,19.249293802173668,16.561006097113808,96.44147837399808
311,3001.138769339296,145,836.5143597389596,787.1531084097109,800.2958223968451,11.0,0.15858333964114102,0.3163431415388471,49.36125132924872,36.21853734211447,5.9008253420362395,4.329697024378246,97.12415325873775
312,2587.4472156592597,105,741.4433328355359,662.0492676491991,683.7607631123624,11.0,0.5557667008752616,0.6137133423364407,79.39406518633677,57.682569723173515,10.708042229297064,7.779767808090661,94.42078779694145
313,2417.4864609118604,85,799.8943721195685,628.947017403069,654.4347948027718,11.0,0.4685682145063518,1.0200008791405817,170.9473547164995,145.45957731679675,21.371241088185357,18.18484819831354,90.72726473508563
314,2435.609617910817,137,775.7732013377044,622.7503527501163,639.9343614265852,8.32410042772782,0.20181168507631886,0.09344789268097121,153.0228485875881,135.8388399111193,19.725204263787813,17.510122762282275,98.87738148413379
315,2754.1266962143063,99,805.8569377690817,719.4790448567998,744.7855996155062,11.0,0.36076399575940765,0.906559745036477,86.37789291228194,61.07133815357554,10.718762706369294,7.5784342469823756,91.75854777239566
316,2748.3769599753186,155,868.8063811613368,714.220240046134,726.6154945056027,11.0,0.23109672351834387,0.1620036049315725,154.58614111520285,142.19088665573418,17.792933439159018,16.36623415054423,98.52723995516752
317,2756.5604483646503,110,843.6256203523693,711.9257224027634,724.573052149749,11.0,0.1952498110608426,0.6645256916996048,131.69989794960588,119.05256820262036,15.6111780833063,14.112014302374313,93.9588573481854
318,2752.6465707948814,145,893.9357598562652,704.0192402870621,728.11862300921,11.0,0.36047630365453975,0.19429420741221143,189.91651956920316,165.81713684705528,21.244985165347856,18.54911105398858,98.23368902352534
319,3610.9204129128407,81,983.2515610906727,939.1694737810429,1014.752347637917,0.0,0.0,0.0,44.08208730962974,-31.500786547244275,4.483296956145347,-3.2037362353436794,
320,3322.1292539551823,130,1055.2596225606817,840.1993090604277,873.7143491434706,11.0,0.04443846500869448,0.6291806020066892,215.06031350025398,181.5452734172111,20.379848608098065,17.203849132090856,94.28017634539373
321,2807.8492346678395,113,845.9197276982521,730.2452951641272,742.208806758478,11.0,0.38068917498354354,0.5194305502116198,115.67443253412489,103.71092093977416,13.674398261035364,12.260137403577477,95.27790408898528
322,2377.9868389322983,114,796.4868755508272,619.0251743101988,630.1762540368161,11.0,0.40368612723621433,0.3100375259717112,177.46170124062837,166.31062151401113,22.280555610900805,20.88052253202484,97.1814770366208
323,3064.823257258453,98,873.7372886045594,732.4732095669476,815.6122907036645,0.0,0.0,1.037045252883763,141.26407903761174,58.12499790089487,16.167797904473524,6.652457055338219,
325,3265.0784281344886,109,924.0843286692414,836.7481682670677,869.0602519146408,11.0,0.3955893092249021,1.046200872945511,87.33616040217362,55.024076754600515,9.451102858539436,5.954443230721139,90.48908297322262
326,3111.5695996444842,145,986.444372540771,809.4367387580924,810.3314037597415,11.0,0.40672640226094464,0.23085085034495273,177.00763378267868,176.1129687810295,17.9440056337655,17.85330969321846,97.90135590595497
327,2926.8612204591527,111,968.4592709856529,776.8631603734739,792.7404583831668,11.0,0.2191170995541639,0.806581659843671,191.59611061217902,175.71881260248608,19.783600235163362,18.14416133614454,92.66743945596663
328,2856.405020271631,81,790.8902195327976,721.7727598689472,781.1753910443883,11.0,0.3374162575084046,1.4995974235104688,69.11745966385035,9.714828488409239,8.739197673310475,1.2283409566182368,86.36729614990483
329,2422.1069782292957,147,712.7411555810043,624.4809676708761,641.1275007970669,11.0,0.4316881789077303,0.11190913262521844,88.26018791012814,71.61365478393736,12.383203526135825,10.047638504270202,98.98264424886165
330,3298.2207038871675,92,1029.3877980698555,849.8966931316353,908.422304343992,11.0,0.5431264773422947,1.5122873345935737,179.49110493822025,120.96549372586355,17.436684724141227,11.751207266365391,86.2519333218766
331,2508.939041351485,99,776.0089217941552,636.7891768813822,678.8499964528785,11.0,0.2791881400804769,0.6800135836519533,139.21974491277297,97.1589253412767,17.94048251286762,12.520336121476856,93.8180583304368
332,3095.668488129577,146,974.1663833451717,797.7037224758976,828.9382840915797,11.0,0.5489102625701009,0.2812841589342855,176.46266086927403,145.22809925359195,18.114221952858014,14.90793582456581,97.4428712824156
333,3580.7615681703064,148,1018.997416776397,929.4050912302112,953.3974064532332,11.0,0.7107618954192021,0.5214308795626725,89.59232554618586,65.60001032316381,8.792203402204061,6.4377013369366285,95.25971927670298
334,2667.8132456033254,150,780.7814794405152,689.1912243798497,701.6510846786038,11.0,0.0,0.1400061106863116,91.59025506066553,79.13039476191148,11.73058755521409,10.13476841415526,98.72721717557899
335,3203.5409581046943,111,962.5883223731645,827.2833783674564,866.4632553717393,11.0,0.16883527912836935,0.9422391177496003,135.30494400570808,96.12506700142524,14.05636665860722,9.986103588337595,91.43418983864
336,2231.3319267786405,137,692.7668717276305,582.3578159952339,584.884688222183,11.0,0.17815129095602142,0.15302359850879457,110.40905573239661,107.88218350544753,15.937404087620004,15.572653356880306,98.60887637719277
337,3168.9863497119236,103,982.3429320904972,819.9333801697782,845.2732279246311,11.0,0.7604534961226285,1.1397214014352064,162.40955192071908,137.06970416586614,16.532877329824093,13.953345587184288,89.63889635058904
338,2565.501247637224,136,813.8737452178915,652.2829607413942,671.7122346647479,11.0,0.0,0.12153068292961672,161.59078447649733,142.16151055314356,19.854527244055035,17.467268281898424,98.89517560973076
339,3258.5154791191994,117,1029.1000472511287,853.872028349456,869.4622264616833,11.0,0.6821969430673945,0.9262459987103584,175.22801890167273,159.6378207894454,17.0273064674063,15.512371339974237,91.57958182990583
340,2232.0213176417033,82,631.5388990922507,587.3241333794964,595.3497319243285,11.0,0.3608135228839108,0.7482465756047497,44.21476571275434,36.18916716792228,7.001115176960107,5.730314826202973,93.19775840359318
341,3593.9479576119343,111,1112.0681030069327,947.7474917454075,960.2020744634626,11.0,0.41615657587187077,0.9927331524484484,164.3206112615252,151.86602854347007,14.776128441883815,13.656180600166296,90.97515315955957
342,3180.7491974367667,114,984.7352141708138,826.3278923867148,856.1912563543891,11.0,0.3390791142152044,0.788055956802492,158.40732178409905,128.54395781642472,16.086285887266083,13.05365706096576,92.83585493815917
343,2996.880877795713,98,928.7253436742195,767.7158871851411,805.2055650919104,11.0,0.341624159724144,1.1424134871339855,161.0094564890784,123.51977858230907,17.336606305163745,13.29992547566761,89.6144228442365
344,3494.1818010801676,107,1100.125302881511,848.3169644394064,944.1023271831165,11.0,0.25225324427046364,1.1999554930106564,251.80833844210463,156.0229756983946,22.889059799147773,14.182291352605953,89.09131369990313
345,3258.3512989085375,117,968.7774218434125,842.3813406863042,885.1899690223645,11.0,0.3294157636738697,0.9392340802761776,126.39608115710837,83.58745282104803,13.046968096820313,8.628137994999497,91.46150836112565
346,3305.4277891885135,81,1012.6001563690191,849.732290132707,917.198372345241,11.0,0.14459877841676883,1.9055287171229205,162.86786623631212,95.40178402377819,16.08412414435364,9.42146645185893,82.67701166251891
347,2498.5430086809924,89,805.5894296959676,647.0636151756021,671.5482723720175,11.0,0.3707865168539326,0.9107659617913026,158.52581452036554,134.04115732395007,19.678239147228354,16.638892267310123,91.72030943826088
348,2901.4771724670345,138,840.3206314249079,767.3542377302471,778.8651984742766,11.0,0.3497635830944798,0.31742591212878124,72.96639369466084,61.45543295063135,8.683161041867292,7.313331441883452,97.11430988973835
349,2196.4826385250885,105,704.0247465203842,576.2147808864662,585.3238422225543,11.0,0.5238095238095238,0.1743727883885875,127.80996563391795,118.70090429782988,18.154186520518476,16.860331243255956,98.41479283283103
350,3167.4968102663006,126,976.2564931501271,828.362791744253,830.6226465742037,11.0,0.21686390246326834,0.5827765208261586,147.89370140587414,145.63384657592337,15.149061997903793,14.917580328300877,94.7020316288531
351,2651.2596892482734,122,848.0183546660032,698.2757127821469,703.0464349149222,11.0,0.13003305765637008,0.34186972184443126,149.74264188385632,144.97191975108103,17.657948210665005,17.095375230195227,96.89209343777789
352,2791.321128715909,121,778.8276003669889,722.8772368039797,748.074309766646,11.0,0.29813842668711066,0.3201359981819828,55.950363563009205,30.753290600342893,7.183921516988486,3.948664709089885,97.08967274380016
353,2811.4380902164557,110,868.9631804800408,714.1851817132465,751.6257901111813,11.0,0.5051092508473689,0.7990815828631799,154.77799876679433,117.33739036885947,17.811801724589806,13.503148695441716,92.73562197397109
354,3032.7677268083394,116,882.999083836146,789.0912254480123,796.6915186698999,11.0,0.410965118779513,0.7453063974707166,93.90785838813372,86.30756516624615,10.635102584722473,9.774366332441387,93.22448729572076
356,3164.442938366227,154,940.9092602447733,789.0573553034756,829.9015645987089,11.0,0.07142857142857142,0.2565405246839619,151.8519049412978,111.00769564606446,16.138846896011437,11.797917220751584,97.66781341196398
357,3166.7356415216236,98,995.8889631133457,834.5418556047356,859.123006882763,11.0,0.380071628108221,1.1008207630878448,161.34710750861007,136.76595623058267,16.201314954250236,13.73305270931262,89.99253851738322
358,2954.7726753972515,130,852.9779887554943,754.0212356369801,787.1185687543874,11.0,0.10542659347808409,0.2921012433083852,98.95675311851414,65.85942000110686,11.601325523404572,7.721116004083129,97.34453415174195
359,2753.525788458925,154,884.5726489060664,716.0910888248419,725.1330750525582,11.0,0.34048586665298997,0.22360540274810692,168.48156008122453,159.43957385350825,19.046661717336878,18.02447476198637,97.96722361138085
360,3460.0294287665515,78,1039.491633721795,903.0738465735938,945.6186865696366,11.0,1.2034198244622754,2.17391304347826,136.41778714820134,93.87294715215853,13.12350986989392,9.030659228690077,80.23715415019763
361,2353.7864355726706,139,707.1257749700725,609.6618491821137,625.6675334582877,11.0,0.7153760727478338,0.10584929267145095,97.46392578795883,81.45824151178476,13.783110337348937,11.519625559573514,99.03773370298681
362,2473.8176203712437,117,782.5341017206495,645.2990074479546,662.3799866206658,11.0,0.3928602814019577,0.3341573924681051,137.23509427269482,120.15411509998364,17.53726693455786,15.354489323313414,96.96220552301723
363,2149.5528033755545,154,738.4261587085077,558.4098697434092,568.7170060878901,11.0,0.2857142857142857,0.07792684524471521,180.0162889650985,169.7091526206176,24.37837376724889,22.982548846513705,99.29157413413895
364,3005.5504143656685,123,956.6550420224382,750.4323942956761,808.6972729974055,11.0,0.37951668140204425,0.5664872059460156,206.22264772676215,147.9577690250327,21.556636265752857,15.466156819937856,94.85011630958168
365,2770.1293501536184,144,911.2082486640218,715.2033497938418,737.7229546065819,11.0,0.2904137888898972,0.2387763012122671,196.00489887018,173.4852940574399,21.510439480497986,19.039039024481756,97.82930635261576
366,2972.514323541136,91,925.309901325395,780.8262201430059,812.7492893856046,11.0,0.4835164835164835,1.2222284141415511,144.4836811823891,112.56061193979042,15.614626080995524,12.164639303930597,88.88883259871318
367,2814.1681434349734,89,827.9239615727955,737.8193147950424,757.1826729431536,11.0,0.38617326306995897,0.947971015878948,90.10464677775315,70.74128862964187,10.883203163558958,8.544418559314995,91.38208167382774
369,3195.7211554843852,119,1008.0107805411076,811.6403965718093,847.9467570985929,11.0,0.3661344435308513,0.7727877203682798,196.37038396929825,160.06402344251467,19.480980537121358,15.8791975772909,92.9746570875611
370,2881.968665920312,122,863.2878790966485,758.7926149342231,754.4992200545834,11.0,0.33076788993145717,0.5144402702406764,104.49526416242531,108.78865904206509,12.104335841222516,12.601666451740575,95.32327027053931
371,2832.167086869169,91,885.3003752610266,750.0259665752847,771.5953081562535,11.0,0.37174767367798056,1.1989096421442982,135.27440868574195,113.7050671047731,15.280057759588878,12.84367094854644,89.10082143505184
372,2641.271952711534,95,832.2017156976806,699.7510733264859,712.3613292028131,11.0,0.2888526924512909,0.9410755148741429,132.4506423711947,119.84038649486752,15.915689654659513,14.40040127703879,91.4447680465987
373,2810.083561603125,142,885.2300373823515,750.2035375418335,737.3864856325778,11.0,0.1480300192339258,0.3259234668763018,135.026499840518,147.84355174977372,15.25326685025227,16.701144957411408,97.03705939203363
374,2705.3431781029335,101,889.77983668259,666.1437696930928,731.2439293166946,11.0,0.07044313410268105,0.7187427466726337,223.63606698949718,158.53590736589547,25.133865454098235,17.81743087784195,93.46597503024879
375,2232.355494065216,124,709.3932732899008,580.8596698303471,588.258669867189,11.0,0.4538172120484822,0.1578594027250012,128.53360345955366,121.13460342271173,18.11880776137936,17.07580378665486,98.56491452068181
376,3454.062321886633,103,1071.063771226124,909.3731852135846,933.2489983615969,11.0,0.42718446601941745,1.2614456062619765,161.69058601253926,137.81477286452696,15.096261339083517,12.867093124320736,88.53231267034568
377,2996.5209332910686,98,946.194682585337,730.12682740767,788.114414934698,11.0,0.5636284851070963,0.959405501330968,216.06785517766696,158.08026765063903,22.835454389501905,16.70694948514275,91.27813180608211
378,2793.7662589355773,91,827.935349497966,729.9074763622754,768.3054665042179,11.0,0.4997958968070318,1.1270839173701075,98.02787313569058,59.62988299374808,11.840039587044037,7.20223904316995,89.75378256936266
379,3065.344976159393,151,979.0418839187349,797.5594061439842,812.5973974261688,11.0,0.29225882314080354,0.21595162683558883,181.4824777747507,166.44448649256617,18.536742988802978,17.000752391343234,98.03680339240374
380,2868.1813149525497,152,923.9096260373941,720.1509692723915,746.6896888434701,11.0,0.27967401254406116,0.12320119891766339,203.75865676500257,177.219937193924,22.053959718864938,19.18152297579279,98.87998910074852
381,3020.15978370063,87,981.1593356622566,776.5214316298928,823.6327820015094,11.0,0.30727736472290146,1.4765157727609877,204.63790403236374,157.52655366074714,20.85674534139132,16.055144963220563,86.57712933853648
382,3192.631827976698,105,942.9267332905583,822.7360562974121,855.8461905764472,11.0,0.315238455679128,0.9213250517598351,120.19067699314621,87.08054271411117,12.746555246526247,9.235133509283772,91.62431771127423
383,3120.163419458806,122,993.1035809428245,799.4474111518997,836.0439384291938,11.0,0.31802485740880243,0.6748930862437638,193.65616979092476,157.0596425136307,19.50009782535202,15.815031334850563,93.86460830687487
384,2970.6627537442278,108,883.661491563529,745.5686726401575,810.3773781252047,11.0,0.07312939421037487,0.7497987117552339,138.0928189233715,73.28411343832431,15.627343755699194,8.293233793480939,93.18364807495242
385,3075.322002522957,134,1015.0027873500339,793.3068107025406,822.9772964948479,11.0,0.4763991936550741,0.3143450922208608,221.69597664749335,192.02549085518604,21.841908161286582,18.91871561816353,97.14231734344672
386,3232.4803282008547,98,1042.302439918475,799.6771861233505,863.7976974064278,11.0,0.36584397898077503,1.2110676896421217,242.62525379512465,178.5047425120473,23.277816927503487,17.126002556993846,88.99029373052616
388,2619.959311229443,104,845.0815513493369,645.7930343940845,704.2574826635941,11.0,0.4748319027396452,0.5733808632464659,199.28851695525236,140.82406868574276,23.582163950573705,16.663962011818832,94.7874466977594
389,2938.40861727198,125,961.802270344356,749.5023014358022,768.9838595446786,11.0,0.4372331027350218,0.43919364294065955,212.29996890855375,192.8184107996774,22.073140754028746,20.047614436451916,96.00733051872128
390,3282.1279584191466,92,1063.1625385949833,867.847685944736,908.9245777519416,11.0,0.3079620946075243,1.7308960179419057,195.3148526502473,154.23796084304172,18.37111876687873,14.507467601978721,84.26458165507358
391,2590.8540164993606,142,710.6391005160208,590.1959419754503,685.4898185866996,0.0,0.0,0.07640694489951111,120.4431585405705,25.149281929321205,16.948569034987287,3.538966813261387,
392,2713.014757743822,78,795.3091165984,718.3267575613638,744.7537515018507,11.0,0.14102564102564102,1.4388238573021197,76.98235903703619,50.55536509654928,9.679551941551459,6.356693773708841,86.91978311543528
393,2778.384836810639,83,814.6108262419907,723.0369908999778,767.6237052545334,11.0,0.4791649058709345,1.455516310714144,91.5738353420129,46.987120987457274,11.24142135017608,5.768045239985448,86.76803353896233
395,2595.1512449747925,118,853.9278821051541,669.5406838433051,686.1882949531678,11.0,0.2348786061386328,0.2716066168165683,184.387198261849,167.73958715198637,21.59283027593462,19.643296660891867,97.5308489380312
396,3244.6197366101287,101,855.2364093535834,747.6559425437737,872.8311292612249,0.0,0.0,0.9793370641411976,107.58046680980976,-17.594719907641434,12.579032608202766,-2.0572931314909892,
397,2845.737379717613,98,905.7820087930526,734.6581395461587,767.6803280345937,11.0,0.6294854656520875,0.9796614136586244,171.12386924689383,138.10168075845888,18.892389955383972,15.246679600368557,91.09398714855797
398,2842.5426764953772,83,845.9286111850781,754.8019412701393,780.5681702706388,11.0,0.4485005516821676,1.4764929839300787,91.12666991493882,65.36044091443932,10.772383001359612,7.726472429260264,86.57733650972655
399,2724.0008505521864,130,860.496581243305,709.3767099557954,719.6946520709273,11.0,0.3563675425557344,0.2667231191907913,151.11987128750957,140.80192917237764,17.561937441885142,16.36286909692741,97.5752443709928
400,2593.8206543833603,107,820.2120193293098,677.9218717405437,693.1037869525363,11.0,0.45186219551957835,0.6734208517547241,142.2901475887661,127.10823237677346,17.34797152876609,15.49699704238793,93.87799225677523
402,3483.5723289113744,109,1134.2363810908844,900.426576956257,929.1843177619834,11.0,0.24968226458888707,1.1353217653489498,233.80980413462737,205.052063328901,20.613851577371737,18.07842410518399,89.67889304228227
403,2310.15932870233,152,627.0844100347695,515.019720566531,611.4263255097139,0.0,0.03631590843964202,0.03643628367132883,112.0646894682385,15.658084525055529,17.870750360709003,2.4969660024218028,
404,3193.1822983877673,98,997.7790404878693,838.7291554220956,876.1806739697512,11.0,0.996605716091016,1.2339174800354937,159.04988506577376,121.59836651811815,15.940391470641183,12.186903270553968,88.7825683633137
405,3134.445000412788,148,950.9650658740771,820.4106940513016,833.3657482794149,11.0,0.33866109438402775,0.27568172996632917,130.55437182277558,117.59931759466224,13.728619116284452,12.36631310810257,97.49380245485155
407,2957.8296590901223,92,937.5904910189255,776.514395336454,794.7659765662092,11.0,0.0,0.9942145839013993,161.07609568247153,142.82451445271624,17.179791948126763,15.233144514669922,90.96168560089637
408,2587.0048980039605,98,705.2285161512664,667.6827287275311,686.1964859047887,0.0,0.0,0.0,37.545787423735305,19.03203024647769,5.323917930692696,2.698704010204184,
409,3568.582338396529,103,1050.6101137352669,903.7367913500733,989.5338768805765,11.0,0.6860112966427734,1.4167370198395954,146.87332238519355,61.076236854690364,13.979812345705511,5.813406520287923,87.12057254691277
410,3250.015100403043,87,925.7227089265531,835.8661404236616,892.6680913604766,11.0,0.3793103448275862,1.6741629185407303,89.85656850289149,33.054617566076445,9.706639756854091,3.5706823703618356,84.78033710417519
411,3323.827632114276,124,1080.2958211281257,868.2638292779847,905.9854957403511,11.0,0.5586441365587075,0.7438650341744165,212.03199185014103,174.31032538777458,19.627215777685908,16.135425313942868,93.2375905984144
412,2554.763395198638,104,764.9156766287467,665.4494423818735,680.8849426555197,11.0,0.49812009390220524,0.5068979933110367,99.46623424687323,84.03073397322703,13.003555461859015,10.985620577627605,95.39183642444512
413,3610.8965099741345,134,1081.3109927232124,932.000743799861,959.5971516408957,11.0,0.3006731739163205,0.7538281414862429,149.31024892335142,121.71384108231666,13.808261446350706,11.25613647705441,93.14701689557961
414,2131.3918707808566,116,675.6445056480792,548.690492096013,559.9572012603844,11.0,0.3268572297102447,0.1651430645760786,126.95401355206616,115.68730438769478,18.79006082204305,17.122510938903787,98.49869941294473
415,2713.618702024639,112,859.086254939428,703.5953448755628,718.0763549918928,11.0,0.41077460435561747,0.6853386199225253,155.49091006386527,141.00989994753525,18.099569067698393,16.41393971056812,93.76964890979522
416,2466.537100468949,115,787.0693292503643,641.7467044744905,657.0547787889539,11.0,0.5010992192765593,0.27214172777807144,145.3226247758738,130.0145504614104,18.463764166021406,16.518818054470675,97.52598429292662
417,3194.5019741441106,90,903.0103384492198,823.8641111823239,894.190076955151,11.0,0.43047583500165465,1.581590954529374,79.14622726689595,8.820261494068859,8.764708873966748,0.976761961465058,85.62190041336932
418,2716.411481917308,134,854.6152857498673,701.3656600028081,725.4615209061939,11.0,0.16469382668713223,0.2291531473069435,153.2496257470592,129.15376484367346,17.932001486796835,15.112503485161715,97.91678956993688
419,3647.707634191476,86,1030.8933165123358,955.2842016809764,1012.4554630551506,11.0,0.4270277469813772,2.173913043478259,75.60911483135942,18.437853457185156,7.334329713879241,1.7885316707225472,80.23715415019764
420,3158.7320717695065,135,826.3136541042867,718.0880688565856,859.3957767863226,0.0,0.2138166722454233,0.41539501920904304,108.22558524770113,-33.0821226820359,13.097397666146069,-4.003579333067719,
421,2312.8878383307047,156,743.8980148496407,575.778380391862,609.7689656723558,5.115439230286397,0.0983738313516616,0.11080273260679337,168.11963445777872,134.12904917728497,22.599822973282116,18.030569580750342,97.83395466901891
422,2265.2070499427455,138,749.3379352808935,582.4218992952981,596.6943354168236,11.0,0.07971014492753623,0.14825708255217476,166.91603598559539,152.64359986406987,22.27513490599218,20.3704620675384,98.65220834043478
423,2282.924797606564,113,697.7202632836603,556.2103175938945,606.0012641048244,11.0,0.4860114335340965,0.10880624529058618,141.5099456897658,91.71899917883593,20.28175948678654,13.145526080492706,99.01085231554012
424,2884.195684891015,102,950.0546006317286,757.8400714368602,776.5505825854979,11.0,0.9039778862930067,0.9430946291560107,192.21452919486842,173.50401804623073,20.23194551840046,18.262531219875267,91.42641246221808
425,3120.7432780700315,146,956.3665606443261,797.7195070952109,829.1222957884115,11.0,0.1591345589590811,0.2689448906766411,158.64705354911518,127.2442648559146,16.588519515177424,13.3049679999463,97.55504644839417
426,2331.5440429436153,98,683.5766397812719,596.6187108956487,625.5468177399962,11.0,0.45490014677204754,0.6271214035528241,86.95792888562312,58.02982204127568,12.721021144527054,8.489146448866922,94.29889633133797
427,2959.3523156461197,116,878.1791253242658,755.5656525038853,792.2758115567017,11.0,0.1896551724137931,0.7753935532233891,122.61347282038048,85.9033137675641,13.96223951179729,9.781980838572595,92.95096769796919
428,2483.4261354306755,138,783.6399028656795,648.7042130530824,661.7697808787738,11.0,0.22145432861603537,0.1867064994644798,134.93568981259705,121.8701219869057,17.219093785187944,15.551801476831503,98.30266818668655
429,3156.8473025126523,150,913.6075371132519,779.9007213738369,842.6439876627906,11.0,0.08500940120895187,0.2409420289855072,133.706815739415,70.9635494504613,14.635038603325418,7.767399738698147,97.80961791831358
430,3640.3162489740853,150,1089.7292888240129,936.4413954560345,974.6207498308421,11.0,0.263442753424944,0.5615942028985511,153.28789336797843,115.10853899317078,14.066603049037973,10.563039846106253,94.89459815546772
431,3234.8648870940156,84,1021.994153361805,851.9329896638939,895.2889932712076,11.0,0.9166666666666666,1.853649068322982,170.06116369791118,126.70516009059747,16.640130781423988,12.397836100510593,83.14864483342743
432,2774.861371329085,148,837.5695027467816,717.1509342132329,740.3497426896095,11.0,0.4130962834854094,0.18725215393040878,120.41856853354875,97.21976005717215,14.377143405847518,11.607366282838996,98.29770769154173
433,3002.0313734210126,87,806.5374724900936,780.4739367884475,836.0046459622853,0.0,0.0,0.0,26.06353570164606,-29.46717347219169,3.231534378827785,-3.6535405331156046,
434,2181.7311699031266,124,664.5328410309313,550.5061236613246,572.8470426455091,11.0,0.35079264407069355,0.11478441627714044,114.02671736960667,91.68579838542223,17.15892884883009,13.797030443700017,98.95650530657146
435,2761.423702521905,151,878.1672833289799,717.2795818616926,734.3099380906613,11.0,0.13164104656555417,0.18562895327445145,160.88770146728734,143.85734523831866,18.320848945475397,16.381542329040137,98.31246406114134
436,2278.957302231074,129,718.746424792937,589.9486678786153,606.5006775599111,11.0,0.0635855719262713,0.1951832636793829,128.79775691432167,112.2457472330259,17.919777055089618,15.616877296518403,98.22560669382379
437,2864.6358679083746,152,931.819456445974,747.2404949009602,758.9604926493965,11.0,0.4342105263157895,0.23324225859513176,184.57896154501373,172.85896379657743,19.808446826063395,18.550692690607026,97.87961583095336
438,3416.8875225963793,105,1056.7351243507765,877.8069731737529,921.7798391757095,11.0,0.41904761904761906,1.2551759834368548,178.92815117702355,134.95528517506693,16.932166543338013,12.77096616410655,88.58930924148314
439,3299.4189104540155,102,1067.7018979984957,846.3271068185959,904.829981857135,11.0,0.3658832953993478,1.214833759590794,221.37479117989983,162.87191614136077,20.733763946180765,15.25443725881531,88.95605673099278
440,3069.8884228952443,103,835.0802992841413,681.2372898282875,839.8449875979987,0.0,0.0,1.1033636763387176,153.8430094558538,-4.764688313857391,18.42254087274399,-0.5705664853956968,
441,2223.7234084422757,106,734.6199224530885,583.3259461606613,583.4292920686999,11.0,0.3264668318530259,0.2396548023679376,151.29397629242726,151.19063038438867,20.59486431939077,20.58079637692421,97.8213199784733
442,2890.1237884181005,131,817.6543518724847,749.3653761859184,767.7844400622447,11.0,0.3509957986396164,0.2447726518420179,68.28897568656623,49.869911810239955,8.351814618265015,6.099143445642334,97.77479407416348
443,2270.233996209878,113,739.3809604189258,597.0555396565934,606.4245614621193,11.0,0.48241341876126914,0.16286199188419614,142.32542076233244,132.95639895680654,19.2492677498339,17.982123705413617,98.5194364374164
444,2422.5131450772765,136,770.741769766439,641.1060018185218,630.3723703940715,11.0,0.284728207400575,0.13437177633455863,129.6357679479172,140.36939937236752,16.81961105951235,18.21224758778861,98.77843839695856
445,3133.8875289727403,110,976.5595412286063,801.5494184167507,859.5691739459799,11.0,0.18152061884411966,1.0330803610721175,175.0101228118557,116.9903672826265,17.921090872930908,11.979849906073447,90.60836035388984
446,3692.4371050835307,102,1140.2733594267193,965.1853886211915,996.7776613993832,11.0,0.8171394264208091,1.4999515838654207,175.0879708055278,143.49569802733606,15.354911991766127,12.584324350038273,86.36407651031436
447,3000.487407869913,93,856.2648517317873,773.7782358323213,806.848660024356,11.0,0.28104968351956056,1.2096774193548399,82.48661589946596,49.41619170743127,9.633306299171055,5.7711339671933874,89.00293255131963
448,2404.2532992318065,121,652.2420414825605,673.2055058075554,668.4778621722265,0.0,0.0,0.0,-20.963464324994902,-16.23582068966607,-3.214062110645994,-2.489232471547172,
449,2795.390453595042,148,794.575197967302,717.9878975463823,734.6831797574224,11.0,0.07432432432432433,0.1223804348215695,76.58730042091963,59.89201820987955,9.63877309747986,7.537614861764689,98.8874505925312
450,2475.614938436399,145,812.9095096241497,640.4861210887367,663.5496177573178,11.0,0.18010804305809844,0.16766141199307216,172.42338853541298,149.35989186683184,21.21064970873982,18.373495462722374,98.47580534551753
451,3369.4590010332813,98,979.3340127570468,847.1673658535979,909.2912684806005,11.0,0.22448979591836735,1.3448314108252013,132.16664690344896,70.04274427644634,13.495563840509323,7.152079205261151,87.77425990158908
452,3325.7169838593477,115,1056.136754542716,835.415162597343,912.7712875885746,11.0,0.4922085890651834,0.7751213077651066,220.721591945373,143.36546695414143,20.898959438348548,13.574517347066054,92.95344265668085
453,2711.460174003829,133,743.257199708302,669.9228973687123,718.9541882270245,0.0,0.0,0.0,73.33430233958973,24.303011481277508,9.866611768896478,3.269798326987676,
454,2308.2061524829055,126,704.325066052864,601.18991258509,600.1298505187161,11.0,0.2994935243687981,0.21612121796252773,103.13515346777399,104.1952155341479,14.643118417715527,14.793625920212158,98.03526165488611
455,2274.6716656546037,83,708.3914602741531,594.6857549239754,599.9489106404016,11.0,0.41405249025917346,0.6236606976809933,113.70570535017771,108.44254963375158,16.05125297616839,15.308280197474918,94.33035729380916
456,3201.2135876029643,124,1052.494863421307,793.5177056597647,856.839920819407,11.0,0.27517949876755476,0.6996514604637218,258.97715776154223,195.65494260189996,24.6060258118215,18.589633964187865,93.63953217760252
457,2766.082265148384,81,881.7166355289297,702.2837001095518,745.7209156566594,11.0,0.0,1.1848943576828777,179.43293541937794,135.99571987227034,20.350408304561316,15.42397119349896,89.22823311197384
458,3471.6556102710992,87,1063.6340513670204,905.1505433754548,989.6187423086586,11.0,0.7370347629078129,1.9921051897192767,158.4835079915656,74.01530905836182,14.900191262951475,6.9587193982022955,81.88995282073385
459,2928.5075101355123,129,799.9486245170416,759.8168735229981,787.6339875777223,0.0,0.0,0.0,40.1317509940435,12.314636939319257,5.016791049334264,1.539428478516862,
460,3099.7207290702922,86,886.1912370762211,820.1505115290952,840.7612244023774,11.0,0.9111037485216132,1.519843276036402,66.04072554712593,45.43001267384375,7.452197988891395,5.126434427825009,86.18324294512362
461,2466.287156794377,104,679.9830571508584,581.1206543975753,660.0839261564716,0.0,0.0,0.2911506629407868,98.86240275328305,19.899130994386724,14.538950892029332,2.9264157077331383,
462,3134.1991285527474,124,1025.0152724592854,815.7434211195028,838.7753895624843,11.0,0.5318337907400505,0.7738060959310356,209.27185133978253,186.23988289680108,20.416461779899482,18.16947394841853,92.96539912789967
463,2524.5180695609224,129,766.5445491886888,655.9626682953082,657.2337063638549,11.0,0.2501677411187744,0.23441108456333118,110.58188089338068,109.31084282483391,14.426021424380437,14.260207438762503,97.86899014033335
464,3033.7231420791995,113,945.0660784999266,793.4655352496085,823.7751848709115,11.0,0.5124618820713885,0.7367940308967714,151.60054325031808,121.29089362901505,16.04126385436972,12.834117781640861,93.30187244639299
465,3189.7442816901357,85,928.7230960616821,847.0171544822579,888.123146262709,11.0,0.3504655155243171,1.8957800511508953,81.70594157942423,40.59994979897306,8.797664441199345,4.37158825608409,82.76563589862822
466,2978.6450029452344,141,959.503856149438,756.7674653902725,787.1519921653739,11.0,0.24086603349413982,0.23319676017360189,202.7363907591655,172.35186398406404,21.12929400542089,17.96260253457711,97.88002945296725
467,3160.771253326951,153,992.166889660576,817.3574414480286,848.8974337093848,11.0,0.3743476713078932,0.24878577110882694,174.8094482125474,143.26945595119116,17.618956048044538,14.440056148235724,97.73831117173793
468,2563.641211044697,148,771.6385103671761,670.4151773213862,683.8683516127005,11.0,0.07432432432432433,0.1117486796700866,101.2233330457899,87.77015875447557,13.117973207120501,11.37451767573278,98.98410291209012
469,2660.182150746869,137,883.9441655701542,692.610417174597,708.1898480033994,11.0,0.22782272233665465,0.24072728957645012,191.3337483955571,175.7543175667547,21.64545633627715,19.882965962379664,97.81157009475955
470,2992.5437550375777,109,937.9509572239265,753.0314897669052,798.6038221682471,11.0,0.34572257404726897,0.7728343487238813,184.91946745702126,139.34713505567936,19.71525974069384,14.856548093741281,92.97423319341927
471,2635.2293423306505,147,798.5893274844045,690.0970690794495,695.2744762911618,11.0,0.2822148049388967,0.18868161933868668,108.49225840495501,103.3148511932427,13.585488144039056,12.937169035139693,98.28471255146648
472,2216.182254343868,116,711.9654541301402,569.3485577970438,579.3343298419776,11.0,0.26321250813341196,0.2635880491378671,142.6168963330964,132.6311242881626,20.031434882938502,18.628870757529615,97.60374500783757
473,2431.663049086266,88,694.2601061470241,554.2693423162582,657.0036311049679,0.0,0.0,0.7643593706609134,139.9907638307659,37.256475042056195,20.164022473893944,5.366356890189274,
474,2607.6946329226844,145,791.9161140539987,681.7737273783009,685.7545442697545,11.0,0.42135083833145676,0.13222418603416178,110.14238667569782,106.1615697842442,13.908340128584312,13.405658490869566,98.79796194514398
475,2631.8949879051816,103,729.5171891059257,669.0410479906093,702.906150997998,11.0,0.381776441220492,0.6416460376039602,60.47614111531641,26.611038107927698,8.289885696789975,3.6477602591573453,94.16685420360037
476,2730.9060141172017,152,816.1827856971674,702.5592039151791,718.2315445305171,11.0,0.18458934403577787,0.19794249066566802,113.62358178198838,97.95124116665033,13.921340142567859,12.00114029395784,98.20052281213029
477,3286.595129205685,107,947.0486482338109,861.1462251148871,876.2907375631723,11.0,0.322870472532511,1.0756314701589986,85.90242311892382,70.75791067063858,9.070539647474995,7.471412456223643,90.22153208946365
478,2994.802274497326,146,880.3713545824243,784.8949340892665,781.2058982701193,11.0,0.15879524555902597,0.24028207781227065,95.47642049315778,99.16545631230497,10.84501670757381,11.264048494551586,97.8156174744339
479,2736.699139656675,120,778.7221356350666,710.7415008795507,717.6487965117037,11.0,0.2530568703932688,0.36610034865413826,67.9806347555159,61.07333912336287,8.72976786515463,7.842763975568268,96.6718150122351
480,2700.7850839365697,114,818.2087775340798,716.4621735944253,720.1089027598418,11.0,0.6447577655895074,0.6482099919687164,101.7466039396545,98.09987477423795,12.435286290413401,11.989589633820803,94.10718189119349
481,2297.5478252174653,101,721.4766875500708,593.4488615257611,593.91449133828,11.0,0.4626345056982335,0.3306928644455274,128.02782602430966,127.56219621179082,17.74524779990545,17.680709358046716,96.99370123231338
482,3008.413178202814,144,1002.7890033876075,777.1232401882975,792.6691958020687,11.0,0.33015391689175666,0.25444437582895474,225.66576319931005,210.11980758553887,22.503813108936097,20.953541260994598,97.68686931064586
483,2490.152286672294,82,728.9468411682659,659.0914758066453,683.5926627013663,11.0,0.670833918519045,1.0968981972428427,69.85536536162056,45.35417846689961,9.583053443192787,6.221877358602932,90.02819820688325
484,2388.3514392714515,115,781.4481714484376,624.1271060463378,629.7753483873084,11.0,0.3019359182883499,0.3384198502354198,157.32106540209986,151.67282306112918,20.13198970195305,19.409198025250866,96.92345590695072
485,2496.2726002289996,107,791.092412394774,648.9544158373382,670.1330793875036,11.0,0.26837973322693826,0.4705262279329503,142.13799655743583,120.9593330072704,17.967306262887725,15.290164728177016,95.72248883697317
486,3106.354983181272,120,1013.2694666420712,815.5402596070952,837.897195074854,11.0,0.28562122330635137,0.6297335421469312,197.72920703497596,175.37227156721713,19.513980589017603,17.307565000294822,94.27514961684608
487,2520.6201717288127,98,734.30800665882,648.3886387135142,674.7082542663717,11.0,0.4068527283906205,0.6573304345370701,85.9193679453058,59.599752392448295,11.700726012269444,8.116451387154765,94.02426877693573
488,3177.554804516965,130,1031.9039794847924,800.3231956838072,857.1168506748098,11.0,0.32412590745008546,0.5021969162724198,231.58078380098527,174.78712880998262,22.44208651241064,16.938313281556496,95.43457348843255
489,2909.9308972927597,108,856.9284025427093,710.1724171763894,768.7588952040533,11.0,0.37302540866105666,0.7309968865759714,146.7559853663198,88.16950733865599,17.125816454543937,10.289016804325334,93.35457375840026
490,2795.165585542752,92,791.4661370908593,707.2939883438758,746.448028968009,11.0,0.358695652173913,1.2391568363122025,84.17214874698357,45.01810812285032,10.634965262868942,5.687938625943046,88.73493785170726
491,3223.4304385870837,93,894.3720034199991,837.7566850671071,883.9518630977673,11.0,0.6416613177933468,1.4559500315661247,56.61531835289202,10.420140322231873,6.330175602143187,1.1650789920062548,86.76409062212613
492,3118.10506595582,133,1000.0965466598788,813.6616771265415,824.3592793670065,11.0,0.4093919334459551,0.4478978658592136,186.4348695333373,175.73726729287227,18.64168716070386,17.572030208463314,95.9282012194617
493,2797.110451711473,98,823.2304498687745,723.6091370728112,754.5650332372514,11.0,0.18416023480059776,0.842945874001775,99.62131279596326,68.66541663152304,12.101266760946855,8.340971430596198,92.33685569089296
494,3129.619540192384,102,934.8961919029267,818.3957453848398,846.5153647170924,11.0,0.22256062471632646,1.2199507464488526,116.50044651808696,88.38082718583428,12.461324318901875,9.453544463149461,88.90953866864679
495,2990.4135597568406,127,961.7672790173567,784.3568070168526,783.3220317886596,11.0,0.576284893232665,0.5271578819351643,177.41047200050411,178.4452472286971,18.446299418895332,18.55389043917315,95.20765561877124
496,2979.690746060725,104,889.2946721045421,788.2698342963845,807.8743688638248,11.0,0.40521396904552887,0.9662689974375903,101.0248378081576,81.42030324071732,11.360108294484588,9.155604525104572,91.215736386931
497,3076.2573055851994,108,979.9123625590911,809.4420350223064,828.1857282622803,11.0,0.5922289043941595,0.9045780055745275,170.47032753678468,151.72663429681074,17.396487078864148,15.483694266349382,91.7765635856861
498,2604.8476769961444,97,710.864285367788,604.6430971004095,694.439297862768,0.0,0.0,0.7783303398217585,106.22118826737858,16.424987505020113,14.942541136726497,2.3105658623041,
499,2962.5374164934565,105,940.1524261857626,798.8471710668235,778.2238009876802,11.0,0.9809930246948998,0.8485469040128021,141.30525511893904,161.9286251980824,15.030036745447791,17.22365657822461,92.28593723624725
500,3232.7199254064385,132,919.0188145978332,826.3566005655038,861.151672369548,11.0,0.3549975905434854,0.6186893081554968,92.66221403232942,57.86714222828516,10.082733080157757,6.296622148438614,94.37555174404095
501,3609.5647800249694,120,1065.9607856586429,941.8130754992478,973.2036803461561,11.0,0.09166666666666666,1.0174792255453642,124.14771015939505,92.75710531248671,11.646555091863519,8.70173711457625,90.7501888586785
502,3239.5078067782383,156,1006.0802441044412,829.6863780485113,867.5335147158306,11.0,0.14102564102564102,0.28949433565654725,176.39386605592995,138.54672938861063,17.532783005091837,13.770942248442369,97.3682333122132
503,2809.125273857179,138,804.1029931426783,721.7767275995117,746.9169555096014,11.0,0.1603338078555598,0.21516966553265296,82.32626554316664,57.18603763307692,10.238273734240266,7.111780222279306,98.04391213152134
504,3061.906206440781,79,972.7632491574216,820.065291741499,851.2254586180177,11.0,0.4177215189873418,1.8608970831040186,152.6979574159226,121.53779053940389,15.697340287905098,12.49407711945083,83.08275378996348
505,3195.7243645617436,107,907.8967010746285,835.8445134276017,862.1291698876432,11.0,0.6017853366427702,1.0856012072975576,72.05218764702681,45.76753118698525,7.936165817294248,5.041050499777419,90.13089811547674
506,2769.8826107507352,100,824.8647768590816,711.2740242623493,739.5865575703866,11.0,0.19107419682073207,0.8244182426361095,113.59075259673239,85.27821928869503,13.770833206051423,10.338448395556089,92.5052887033081
507,3207.179175890463,124,1045.6435906910813,840.0966144020322,879.4969701337977,11.0,0.5027440794003775,0.7831613304522717,205.5469762890491,166.14662055728354,19.657460545729553,15.889412227685993,92.88035154134299
508,2673.018577323908,98,860.7416571598607,713.8477743561779,705.6099777938148,11.0,0.39017855859645656,0.9072914766772698,146.8938828036828,155.1316793660459,17.06596649317288,18.023024455203537,91.75189566657028
509,2536.592553641658,154,735.8643213462465,656.9935462889756,670.546669297006,11.0,0.14285714285714285,0.08036081926742869,78.87077505727086,65.31765204924045,10.718113756755951,8.876317298512767,99.26944709756883
510,2178.7230343332217,101,688.0185979198673,567.5206110891527,574.3373866440014,11.0,0.5445544554455446,0.21792940163581576,120.49798683071458,113.68121127586585,17.513768842154008,16.52298522446426,98.01882362149257
511,3034.2826969192897,119,817.6008552280864,798.9104467506936,817.4920411655614,0.0,0.0,0.0,18.690408477392793,0.10881406252497072,2.2860064734373013,0.013308946759187871,
512,2405.9147930354775,87,693.5382891644424,598.7071638818297,630.9088936708266,11.0,0.4043300733406906,0.8190702904396875,94.83112528261267,62.62939549361579,13.673524124654005,9.030416412779475,92.5539064505483
513,2735.2393573832123,149,795.6323335227218,716.5720745133425,722.6250517895684,11.0,0.6094925918697771,0.17091657786335762,79.06025900937925,73.00728173315338,9.936783069050756,9.176007391493023,98.44621292851492
514,2882.00893097822,150,915.0546153290182,747.2520827877308,766.5893155877883,11.0,0.2710157870982927,0.18005305510919908,167.8025325412874,148.46529974122996,18.337980021110774,16.224747381646456,98.36315404446184
515,2358.6132808279776,140,689.4958500722047,605.0574151994599,618.9546632739516,11.0,0.13080153509471923,0.11635239597049064,84.43843487274478,70.54118679825308,12.246402188483412,10.230835586735719,98.9422509457228
517,3426.8605140232025,82,1069.3144997979075,874.9059258743227,962.8757532991659,11.0,0.6707317073170732,2.040487350763662,194.40857392358475,106.43874649874158,18.180673128469362,9.953923426537067,81.45011499305762
518,2129.6437514923387,134,686.3786216096893,562.5776927300832,561.2605078283824,11.0,0.3514881186601883,0.1153010957619648,123.80092887960609,125.11811378130687,18.036827631558396,18.228731175787637,98.95180822034577
519,3017.838214403624,111,962.5930818547546,780.7188470655574,795.3818407673019,11.0,0.23516904937904243,0.6530420907409864,181.8742347891972,167.21124108745266,18.894197165717856,17.37091656271462,94.0632537205365
520,3113.4061619912072,156,1002.1478676958467,801.2989063314598,826.092846141695,11.0,0.20957170991942548,0.1944805912840549,200.84896136438692,176.05502155415172,20.041848896628583,17.567768912080815,98.23199462469042
521,2721.111948576116,133,792.0473627246581,707.654644683333,734.3112764010913,11.0,0.1690011169525787,0.3158084752156057,84.39271804132511,57.73608632356684,10.65500903266852,7.289473968444714,97.12901386167631
522,2652.9886434334067,120,843.0193215956918,683.6163760788768,695.9835106561363,11.0,0.2679455930832602,0.2814738775890867,159.40294551681507,147.03581093955552,18.908575572751104,17.441570693924525,97.44114656737194
523,3127.591334828244,155,952.795981307694,767.2254064384581,819.40690617414,11.0,0.07053301971805835,0.2889768213867205,185.57057486923588,133.389075133554,19.476422918424138,13.999752071842295,97.37293798739344
524,2522.320918688268,141,791.5212721532336,649.581051023632,664.8575691801938,11.0,0.11977799632686963,0.18265498156648033,141.94022112960158,126.66370297303979,17.932584520877267,16.00256460934615,98.33950016757746
525,2511.6468482855803,114,817.9220319731314,613.7275090659974,664.9598598062742,11.0,0.11357732548857676,0.37007989887951814,204.194522907134,152.96217216685727,24.965035165337344,18.70131457369546,96.63563728291346
526,3271.5606608248863,79,988.7052397358556,880.0031988435893,908.8691817494743,11.0,0.5826131057679182,1.9110985285418913,108.70204089226627,79.83605798638132,10.994383009571925,8.074808828535234,82.62637701325554
527,3399.304552339704,85,930.1068067563874,879.7773829642678,961.0581536063297,11.0,0.6470588235294118,1.9021739130434783,50.329423792119655,-30.951346849942297,5.411144550982938,-3.3277196366168558,82.70750988142292
528,2925.6302388064782,113,883.004769517117,753.0826031859999,781.0564188661859,11.0,0.3033961732740091,0.714814662823509,129.92216633111707,101.94835065093105,14.713642645686587,11.545617211862046,93.50168488342264
529,2508.833264267303,122,801.4971314589709,614.8647262284508,659.1941110619447,11.0,0.2733803197091787,0.2166269341068979,186.63240523052013,142.30302039702622,23.285473884453193,17.75465124098336,98.03066423539184
530,2940.3054803321643,80,840.2004350966636,794.0433349099891,791.8821037025598,11.0,0.8612450680476099,1.5217391304347845,46.157100186674484,48.31833139410378,5.493582038119772,5.750810089564503,86.16600790513831
531,2842.1546137058504,87,941.0988109322872,737.6335388539717,761.670991199543,11.0,1.0403353802561146,1.0308012432171207,203.46527207831548,179.42781973274418,21.619969095142654,19.065779028558794,90.62907960711708
532,2750.9309959483317,133,880.5052248418984,713.6894578243167,730.1948079134505,11.0,0.0935851184748194,0.3121041776867783,166.81576701758172,150.31041692844792,18.9454602097943,17.070928449679254,97.16268929375657
533,3140.5626355811273,137,1014.240310162139,799.8785013094503,830.7452557027412,11.0,0.16546540330867662,0.3553862991870709,214.3618088526888,183.4950544593978,21.13520895441637,18.091871583181685,96.76921546193572
534,2084.6894293956957,80,554.6423674598647,487.53865129463406,563.7163386293048,0.0,0.07905730798160587,0.6555706521739129,67.1037161652306,-9.073971169440142,12.098555772533262,-1.6360039733345395,
535,2508.3176932175706,118,724.3615885549598,652.5094588942361,666.1431513210323,11.0,0.47546913783657635,0.3731294178660532,71.85212966072368,58.21843723392749,9.919373251701904,8.037206576630927,96.60791438303588
536,3049.626630535586,84,899.2294615729221,799.0626378856942,828.8115015023183,11.0,0.13095238095238096,1.5236801242236044,100.16682368722786,70.41796007060384,11.139183931097762,7.830922259534239,86.14836250705814
537,2595.457838445827,135,848.9723963224427,655.8169665705641,672.2669642109614,9.897406106649195,0.2362770822714753,0.19549535074923616,193.15542975187861,176.7054321114813,22.751673739756963,20.8140374029744,98.02478196163032
538,2632.914385295246,143,878.1023171068418,674.0442987816306,693.6296981465139,11.0,0.13995126716599546,0.14990827189229392,204.05801832521126,184.47261896032796,23.23852407058195,21.008100692425632,98.63719752825187
539,3198.1536158158215,146,946.3640233266725,807.3963903824823,849.576274674487,11.0,0.187875858073924,0.23310246801910603,138.9676329441902,96.78774865218554,14.684374037771338,10.227327568091171,97.88088665437176
540,3637.5766842503776,125,1132.0142280143996,934.969534619105,979.3416792286498,11.0,0.088,1.0152173913043492,197.04469339529453,152.67254878574977,17.406556253353738,13.486804759825663,90.77075098814228
541,2754.7746141236485,127,757.9199627783628,692.5797857161729,733.4773142125745,0.0,0.0,0.0,65.34017706218992,24.442648565788318,8.620986419551167,3.2249643453362946,
542,3141.6990479400447,151,915.81057880726,837.3335518140201,833.227317734851,11.0,0.29953864036665484,0.2513523026173592,78.47702699323986,82.58326107240896,8.56913305101229,9.017504600128593,97.71497906711491
543,3176.694473801654,126,994.1027732346564,786.8809011943201,847.080179414698,11.0,0.30479521138015636,0.7119164696391209,207.22187204033628,147.0225938199584,20.845115577544203,14.789476277344004,93.52803209418981
544,2424.7069185664777,113,700.8296421731807,623.6056541892729,638.4009003435584,11.0,0.02342407368499075,0.1398414462363323,77.22398798390782,62.428741829622254,11.018938603174142,8.907834097319132,98.72871412512426
545,2727.576740722081,137,727.3906647091004,624.5622027247028,709.2485380286994,0.0,0.0,0.16517485362335219,102.82846198439756,18.14212668040102,14.136621072188346,2.4941379592294406,
546,2578.768725016203,124,825.2321622216209,675.048901570906,685.0531201933413,11.0,0.453305083729613,0.1892798382878177,150.18326065071494,140.17904202827958,18.198910261374706,16.986618850494303,98.27927419738347
547,2496.948091485791,144,750.9428078905679,635.0802757179088,658.2137501195338,11.0,0.1527777777777778,0.078727616273923,115.86253217265914,92.72905777103415,15.42894225169054,12.348351538449943,99.28429439750978
548,3017.9771316506685,119,831.3241110469332,776.4167201128569,815.5745281481626,0.0,0.0,0.0,54.907390934076375,15.749582898770655,6.604811553574262,1.8945177566107543,
549,2641.801517614259,146,849.0259237852697,670.8896617548403,703.1696921527875,11.0,0.5548212688184205,0.12354475091247333,178.1362620304294,145.85623163248215,20.98125122448941,17.179243595083815,98.87686590079569
550,2596.284117528822,81,716.0397345397067,663.2131232276868,697.2713062164521,0.0,0.0,0.0,52.82661131201996,18.768428323254625,7.377608918027239,2.6211434111711096,
551,2420.1893071426693,80,817.4697050157747,628.112782596381,649.2857726482341,11.0,0.2720751722631349,0.8661684782608695,189.35692241939375,168.1839323675406,23.16378469532883,20.57372051044939,92.12574110671937
552,2383.123657366966,85,706.0016780146192,619.2611586016244,649.7358900503938,11.0,0.22911443619181077,0.80289960243222,86.74051941299479,56.26578796422541,12.286163349770204,7.96963940970411,92.70091270516163
553,3222.8891541096386,121,932.1456459646948,833.4785071726873,859.288778509002,11.0,0.42108738371025073,0.6616631572392685,98.66713879200756,72.85686745569285,10.584948738337463,7.816039024705407,93.98488038873393
554,2201.349651877973,134,664.3806192940984,542.080043049758,574.6973604670134,11.0,0.3176828960910437,0.11469753717964358,122.30057624434039,89.68325882708507,18.408209495075916,13.498777089911677,98.95729511654869
555,2686.4725656533874,95,803.18044983185,684.4579939865175,721.9928288413826,11.0,0.3235544460620724,0.8412889998378165,118.72245584533243,81.1876209904674,14.781542039548848,10.10826658037611,92.35191818329258
556,2849.4900008075692,90,857.5828848370022,736.0502695065862,776.4877955885976,11.0,0.4888888888888889,1.1732367154093244,121.53261533041598,81.09508924840463,14.171529945296804,9.456239237309184,89.33421167809705
557,2837.589175513224,145,926.9527249260111,702.1182567418259,759.1148008573673,11.0,0.0,0.23957077632940452,224.8344681841852,167.83792406864382,24.255224903959515,18.106416816676443,97.82208385155087
558,3037.313316868537,137,1008.6980157253674,783.5176849542493,804.5597797305479,11.0,0.44740170254174955,0.26658878911935524,225.18033077111818,204.13823599481952,22.323859793576393,20.237794940839766,97.57646555346041
559,3062.0626420714634,129,983.6148906974229,782.8609370204998,815.6135253441266,11.0,0.34108527131782945,0.451245328528017,200.75395367692306,168.00136535329625,20.40981237429014,17.079994105637873,95.8977697406544
560,2625.3999205544915,116,795.0835126680611,649.581926631182,698.3071180037774,11.0,0.23449696281511578,0.38227649564174926,145.50158603687908,96.77639466428366,18.30016390965265,12.17185278305309,96.52475913052955
561,2618.907275772426,111,808.8542253788871,657.0122331624941,705.4840646695909,11.0,0.1319404547707895,0.41464707443393095,151.841992216393,103.37016070929621,18.772479323485825,12.779825766611419,96.23048114150971
562,3507.7001259105073,79,1056.3044705265645,933.4432056522052,991.0289409512934,11.0,1.1365410326054775,2.4456521739130412,122.86126487435934,65.2755295752711,11.631235908062889,6.179613113133133,77.76679841897234
563,3265.5088371144375,92,895.7036214765735,838.9419005155487,889.315000074207,0.0,0.0,0.0,56.76172096102482,6.388621402366539,6.337109686734629,0.7132517106311185,
564,3205.3335408536605,148,1014.8595065995005,841.5803171917316,868.5656353627988,11.0,0.31812072649562323,0.38729619314073394,173.27918940776885,146.29387123670165,17.074204683599714,14.41518459307633,96.47912551690241
565,3018.9946406832732,104,945.3544521131026,763.7682448488254,808.6038450992694,11.0,0.3173076923076923,0.9458612040133789,181.58620726427728,136.75060701383325,19.208267000635253,14.465537948032253,91.40126178169655
566,2871.974031287118,133,918.4395034804375,732.665185630995,757.9645528283345,11.0,0.3418910567908279,0.315668182704338,185.77431784944247,160.47495065210296,20.227169796752914,17.472566243501202,97.13028924814238
567,2107.0777428061947,133,720.7457232728959,531.7607315283956,562.7521700155407,11.0,0.3057213908679789,0.1984150816165895,188.98499174450035,157.9935532573552,26.220757979155568,21.92084505752025,98.19622653075828
568,2684.98383743667,102,773.870187354305,674.7423052138062,711.1606898475463,11.0,0.2805133307252927,0.6268475165735449,99.12788214049885,62.70949750675868,12.80936825844082,8.103361330037652,94.30138621296777
569,2891.59606066125,94,891.1211251624346,752.0258294787723,789.041721082907,11.0,0.9408147573982484,1.0898473635522674,139.09529568366236,102.07940407952765,15.609022360266444,11.455165992268503,90.0922966949794
570,2613.849425031188,132,862.4807399533638,676.4424885623579,696.5833240431106,10.523793025619153,0.48196185703102784,0.28005144859888026,186.03825139100593,165.89741591025324,21.570134006826102,19.23491252908716,97.33887346589654
572,2861.212106156835,117,820.1511962022762,742.8397624256394,749.1897370666152,11.0,0.3212077696592976,0.6182464071095126,77.31143377663682,70.96145913566102,9.426485522989992,8.652241131177913,94.37957811718624
573,3379.904928553677,148,969.2688469694265,887.3480166842135,892.1964366556896,11.0,0.26309615730907104,0.36362798464748486,81.92083028521301,77.0724103137369,8.45181711362658,7.951602958736998,96.69429104865924
574,2983.4298459043926,134,842.4577104583599,774.1462041634031,793.5216863820626,11.0,0.3776217188945669,0.24954900904532287,68.31150629495676,48.93602407629726,8.108597671661192,5.808721727963343,97.73137264504253
575,2690.2528566098695,138,749.0216077743777,694.2963787461061,711.9568048233506,0.0,0.0,0.0,54.72522902827154,37.064802951027104,7.306228346453262,4.948429066173464,
576,3521.492748572732,84,1114.3395943602088,928.3336865924804,963.410205569733,11.0,1.2532366832869541,2.08875397266395,186.00590776772844,150.92938879047585,16.692030751588128,13.544290228431757,81.01132752123682
577,3165.2965929951256,93,940.4370536498889,846.6996258471538,865.8760810851655,11.0,0.5913978494623656,1.2856474988312312,93.73742780273506,74.56097256472333,9.96743242292877,7.9283320744698464,88.31229546517064
578,3587.8050379162432,99,1076.6916707521054,959.0135129779535,966.3036276761667,11.0,0.5630564833018038,1.7548110310940292,117.67815777415194,110.38804307593875,10.92960603028997,10.252521318273873,84.04717244459974
579,2877.753770923398,101,910.1044975812337,755.7708731312084,782.9023971726349,11.0,0.28653920777660286,1.0401845750421082,154.33362445002524,127.20210040859877,16.957791644827005,13.976647818647333,90.54377659052629
580,3082.4800329627556,93,983.6534220162837,806.0813087024917,839.9602523999574,11.0,0.5056679124707499,1.3270207244272427,177.572113313792,143.69316961632626,18.05230473857411,14.608109563812151,87.93617523247961
581,2773.0177864703687,154,931.1639334591492,724.0162724309527,733.211402990701,11.0,0.2541870271464475,0.23129465703813543,207.14766102819658,197.95253046844823,22.24610013176421,21.258612297523285,97.89732129965331
582,2349.99681235241,91,704.3985390790649,608.6735244997902,631.116868858074,11.0,0.18757932148926693,0.5831837170936623,95.72501457927467,73.28167022099092,13.589610038718444,10.403438700596942,94.69832984460307
583,2600.8474448779743,133,751.0547015055018,666.0826103485991,680.609007203096,11.0,0.15981729279544735,0.14302059496567504,84.9720911569027,70.44569430240585,11.313702049474522,9.379569046195472,98.69981277303933
584,3400.191644049034,124,974.1207143082024,890.964941951221,904.6133501451861,11.0,0.30331171730775147,0.8212096898749708,83.1557723569814,69.50736416301629,8.5364956453099,7.135395351117113,92.53445736477299
585,3276.2103395580175,126,1013.5708945186817,800.7597267301817,878.9414970047832,11.0,0.04970384197352973,0.5801414768806074,212.81116778850003,134.62939751389854,20.99617983698698,13.28268187671574,94.72598657381266
586,2401.166585835137,94,780.7055434804794,626.2825285047114,653.2817111283829,11.0,0.5851063829787234,0.5700083878495011,154.42301497576796,127.4238323520965,19.779930636502407,16.321625152554407,94.81810556500454
587,2698.2919699053223,102,838.9558580736269,690.6100577700048,728.7068689271451,11.0,0.3064954020314058,0.6524196190670744,148.34580030362213,110.24898914648179,17.682193750246544,13.141214532982772,94.06891255393569
588,2391.2841487032665,125,724.449920070165,623.6511662152122,634.0518208081521,11.0,0.25435020164892286,0.3001834152913436,100.79875385495279,90.39809926201292,13.91383324953506,12.47817092080811,97.27105986098779
589,2147.835173956248,101,585.0169019119097,556.7924955808926,569.4853753771838,0.0,0.0,0.0,28.22440633101712,15.531526534725913,4.824545451383741,2.6548850954505596,
590,3123.1451686220134,132,890.2009866477017,824.9477042605183,824.2203942264574,11.0,0.44483029208974706,0.5630050617560296,65.25328238718339,65.9805924212443,7.3301741253863,7.4118759034083395,94.88177216585427
591,2531.2184069347973,81,694.8997445426406,640.8276259736449,678.8297430826815,0.0,0.0,0.0,54.072118568995734,16.070001459959144,7.7812834144275245,2.3125640189342525,
592,2879.4125174769815,83,788.9654531235244,757.8056918899455,777.1265644785213,11.0,0.3785153765855401,1.372012418964691,31.159761233578934,11.838888645003067,3.9494455822136487,1.5005585603441511,87.52715982759372
593,2901.69636906508,135,832.8021797232461,672.5694635365301,774.6295706773911,0.0,0.08148148148148149,0.28348091986971785,160.23271618671606,58.17260904585498,19.240189337636462,6.985165320435003,
594,2449.3030473737217,126,792.7255580648355,618.8997505818791,645.0310628991738,11.0,0.1746031746031746,0.20608290841913524,173.8258074829564,147.6944951656617,21.927614886959347,18.63122661595604,98.1265190143715
595,2696.0826128926196,81,861.4133246444794,705.8522690746074,728.0293651487616,11.0,0.13580246913580246,1.16076221148685,155.561055569872,133.38395949571782,18.058816960380174,15.484315795877402,89.44761625921045
596,2881.598772309661,149,925.9025116705326,741.9472266091813,766.9694775700447,11.0,0.0738255033557047,0.19840928931659485,183.95528506135133,158.93303410048793,19.867673188341975,17.165201746103662,98.19627918803096
597,2797.3556872558065,78,851.3793785151752,733.9766307520853,750.3281595640728,11.0,0.2944128888516587,1.5363712374581957,117.4027477630899,101.05121895110233,13.789710054739984,11.869117516956768,86.03298875038004
598,3622.5279661570285,153,1127.1737733002346,943.7472608216614,980.481605495507,11.0,0.2170358064842714,0.4743288841698883,183.42651247857327,146.69216780472766,16.27313523641715,13.014157291402364,95.68791923481919
599,2839.238313073287,135,936.5166147816193,694.9169711574395,753.4705510750065,11.0,0.16933490267032186,0.23777290589093378,241.59964362417975,183.0460637066128,25.797688990335416,19.545415512921384,97.83842812826424
601,2909.4820676859613,152,951.8720613022117,746.1470690557136,760.9785506104826,11.0,0.2013920107647425,0.22417031147042898,205.72499224649812,190.89351069172915,21.612672606973607,20.054534474998313,97.96208807754155
603,3306.9344512268017,137,955.5147843578076,870.6459277949024,878.5487235096623,11.0,0.41395289606129,0.45135042584249707,84.8688565629052,76.96606084814528,8.882003497198083,8.054931447227522,95.89681431052274
604,3189.7828969559505,94,950.2904818124427,812.1848371556431,876.9825997738726,11.0,0.23404255319148937,1.2124556387082135,138.10564465679965,73.30788203857014,14.532992521760029,7.714260370024288,88.97767601174351
605,3022.0637493526506,115,895.9101195529809,778.2063763958364,814.3055729241664,11.0,0.4396863441565423,0.6477203706215711,117.70374315714446,81.60454662881443,13.137896379144973,9.108564000765105,94.11163299434936
606,3587.757658230682,96,1112.8838645370738,922.8876987452246,960.3532567530164,11.0,0.42314850098018114,1.5964673913043486,189.9961657918492,152.53060778405745,17.072416255300986,13.705887257832208,85.48666007905138
607,2290.6390025323713,116,693.1467488266801,577.3747301977171,601.6230483628025,11.0,0.37468972969326525,0.24591244289477637,115.772018628963,91.52370046387762,16.702382118207346,13.204087102594626,97.76443233732022
608,3069.018680778687,146,990.7865010263514,759.7988569478522,797.1573795325791,11.0,0.1681211114296701,0.20116643757999128,230.98764407849922,193.62912149377235,23.313563904960365,19.542971295348977,98.17121420381825
610,2759.2116341845394,85,834.1959223271631,720.9772514785678,753.5438071322546,11.0,0.5176470588235295,1.1437404954831227,113.21867084859525,80.65211519490845,13.572191833873775,9.668246156120325,89.60235913197161
611,3201.351415696232,103,981.3287538065026,827.7902793540804,866.7246723628506,11.0,0.11440567439625006,1.0719827111206077,153.53847445242218,114.60408144365203,15.645977340097051,11.678459537551628,90.2547026261763
612,3579.351382401571,140,1030.439141878266,930.5509446773397,967.6924303871846,11.0,0.35978561153531013,0.6900899936115324,99.88819720092624,62.74671149108133,9.693750279987603,6.089317548313213,93.72645460353152
613,3315.258359795389,119,987.5467800468859,852.6404171515676,887.1853311422482,11.0,0.7177253355800333,0.9643582557871877,134.90636289531835,100.36144890463777,13.660756697410667,10.162703269598317,91.23310676557101
614,2792.622832082391,122,900.1340717289453,698.0154337846399,750.72487973384,11.0,0.2511676162502463,0.3512210731283646,202.11863794430542,149.4091919951053,22.45428145565951,16.59854867043589,96.8070811533785
615,2928.227210697785,112,869.3333142346959,762.1980662266062,786.5629121469963,11.0,0.31104203823372767,0.8693666851631082,107.13524800808966,82.77040208769961,12.32384014897721,9.521135418647248,92.0966664985172
616,2807.8250036229724,101,940.2886011009596,740.3234961522035,756.3651611711105,11.0,0.4894586216234069,0.893782259584842,199.9651049487561,183.9234399298491,21.266354257046416,19.56031794009817,91.8747067310469
617,2715.0803515822217,125,821.4591811604002,685.5522091092063,708.0175804423897,11.0,0.264,0.30089751359381633,135.90697205119397,113.44160071801059,16.544580079951217,13.809767219079836,97.26456805823803
618,2673.0571867077356,128,846.0328448530418,697.8590780252657,706.6267014264814,11.0,0.2687374196867218,0.1542654242168047,148.17376682777603,139.40614342656033,17.51394969228579,16.477627821976057,98.5975870525745
619,2100.694936293079,148,671.0034296110158,540.86248367239,556.2785092294774,11.0,0.17856848343627324,0.15175755161646448,130.1409459386258,114.72492038153837,19.394974778902277,17.09751624489386,98.62038589439578
620,2971.5336750126025,126,960.3083945502062,732.3804798972376,787.353906693079,11.0,0.20344721010471112,0.5291028346733793,227.92791465296864,172.95448785712722,23.73486641858698,18.010306776307672,95.189974230242
621,2849.5597329952698,156,915.6736082522066,708.9004068789179,741.8525589240903,11.0,0.14102564102564102,0.11171137883000935,206.77320137328866,173.82104932811626,22.58153991878911,18.982861115752527,98.98444201063627
622,3625.597517740776,143,1127.8398551607092,909.450432349574,954.0192906053401,11.0,0.15466446937351835,0.5363445301472344,218.3894228111352,173.82056455536917,19.363513517618706,15.411812568957403,95.12414063502514
623,2566.94960827663,84,801.2487630462963,674.7289713396453,692.3666903057398,11.0,0.9192407337998849,1.1006589532615836,126.51979170665095,108.88207274055651,15.790325993843766,13.589047217569968,89.99400951580378
624,3319.9495553305924,108,1080.9620886116102,827.159898268559,898.8252220792205,11.0,0.21135816546836642,1.1942679442855892,253.80219034305117,182.13686653238972,23.479286925689983,16.849514747212517,89.14301868831282
625,2892.198739666489,108,927.3757831377164,752.1031387363694,764.6373634939039,11.0,0.4011559367917138,0.7850241545893725,175.27264440134707,162.73841964381256,18.899851342712804,17.54827143460632,92.86341677646026
626,3098.669464647965,78,892.7690169735297,808.2230586779148,864.8746065143263,11.0,0.28205128205128205,1.9021739130434792,84.54595829561492,27.894410459203414,9.47008203557782,3.1244823609319403,82.70750988142291
627,2221.001211851347,92,724.9257847605406,576.0305941716779,582.8406568558034,11.0,0.6352540775134687,0.5235736068111218,148.89519058886276,142.0851279047372,20.539370197467345,19.599955042524954,95.2402399380807
628,2726.470648677402,138,792.8843399953016,696.1408589247791,724.7746605764482,11.0,0.22771818728894444,0.17530744869303821,96.74348107052253,68.10967941885337,12.201461952331636,8.590115352670097,98.40629592097237
629,3133.8564746894663,105,882.5591972449264,862.7822583917086,840.5885169081954,0.0,0.0,0.0,19.776938853217757,41.97068033673099,2.240862586323407,4.755565458696745,
630,3319.712160879119,89,1023.7567116558364,848.0142529374366,904.5806251552259,11.0,0.5791418739507965,1.590742550073279,175.7424587183998,119.1760865006105,17.166427991876297,11.641055452310898,85.53870409024292
631,3462.845025144449,100,964.3167904032117,908.9329723615588,936.6982102006791,0.0,0.0,0.0,55.383818041652944,27.6185802025326,5.7433219656473256,2.864056757840376,
632,2391.689992008516,99,782.4557595799896,627.4108184119685,638.3375833773152,11.0,0.1111111111111111,0.5988408414450367,155.04494116802107,144.11817620267436,19.815170285313872,18.418699643802842,94.55599235049966
633,2813.304788274071,91,909.9260373547326,727.1969880525048,747.2038880779697,11.0,0.6110300672931318,0.9416014628232448,182.72904930222774,162.72214927676282,20.081747504823984,17.88300835415329,91.43998670160687
634,2572.9950777512627,85,734.6021672165249,685.2357495542676,682.3466267883382,11.0,0.12826765123382916,1.036068162742781,49.36641766225728,52.25554042818669,6.720156823020434,7.113447626514326,90.58119852052018
635,2359.9545150180984,138,695.3822931022775,612.121498112693,630.3337111668401,11.0,0.21440705477350494,0.19540766692149913,83.2607949895845,65.04858193543737,11.973384398118176,9.354362712521638,98.22356666435
636,2987.7948545272834,143,834.5388391202458,767.2950499344882,778.6216031471632,11.0,0.3225981372312162,0.19738789568940432,67.24378918575758,55.9172359730826,8.057598524311299,6.700375507032056,98.20556458464178
637,3368.7902550111194,117,1106.3870097586348,876.3821156750827,914.4217052744335,11.0,0.18803418803418803,1.106737618989015,230.00489408355213,191.96530448420128,20.788828145562658,17.35064699702862,89.93874891828169
638,2992.8727446609696,126,867.724630735935,762.7424564282595,797.2316934248812,11.0,0.2922097851187032,0.5284071626204286,104.98217430767545,70.49293731105377,12.09855875805184,8.123883408872151,95.19629852163247
639,3424.6666093502336,150,1092.5455263315189,863.505008368299,919.1030692608343,11.0,0.22,0.34719001056524,229.04051796321994,173.44245707068455,20.963933533486507,15.87507823614992,96.84372717667964
640,3290.32443387048,144,1021.2642731593459,855.366243247143,880.007572573685,11.0,0.47803045920298654,0.3136203631162061,165.8980299122029,141.25670058566084,16.244378098039874,13.83155215531767,97.14890578985266
641,2922.62301373131,80,923.8631886086414,762.3625829058944,797.283673204686,11.0,0.0838693977125186,1.5319293478260883,161.50060570274695,126.57951540395538,17.48100884352482,13.701110398671362,86.07336956521738
642,2320.1963819555112,153,647.0813374395484,534.4711342432289,613.2484618943892,0.0,0.0,0.21001353072631976,112.6102031963195,33.832875545159254,17.402789522861145,5.228535206877294,
643,2386.7851875366973,83,755.3577428218383,618.894038217748,638.5658219258852,11.0,0.6206508130594764,1.04112100576218,136.46370460409037,116.79192089595313,18.066102572046745,15.461802305705646,90.53526358398018
644,2790.9841324426707,80,766.1880729250765,742.8419170653605,767.8123100465583,11.0,0.55,1.3960597826086971,23.346155859716077,-1.6242371214817695,3.0470528953273113,-0.21198935077139988,87.30854743083003
645,3233.4507369997837,109,954.3694130912785,854.8215745311254,879.2592679148466,11.0,0.8805219649201624,1.0877480187584472,99.54783856015308,75.11014517643184,10.430744866153004,7.870133320088718,90.11138164765048
646,2183.828979805132,136,636.8590439710089,563.1522158679246,578.9242512605565,11.0,0.2426470588235294,0.14616232528688106,73.70682810308426,57.93479271045237,11.573491622808696,9.096956894764563,98.67125158830108
647,3045.3531992862663,84,860.790582402831,781.6289130123386,835.7228973527891,11.0,0.46912790829979206,1.533385093167704,79.16166939049242,25.06768505004186,9.196391202319928,2.912169993782615,86.06013551665723
648,3314.01374078878,101,939.2505467005415,878.7199404841864,902.9096350120403,11.0,0.21782178217821782,1.299504950495051,60.53060621635507,36.34091168850114,6.444564384763021,3.869139263869666,88.18631863186317
649,2461.209256901666,98,808.6681949921382,638.1865690500371,651.6047914376423,11.0,0.33261712893668977,0.6070181937104253,170.48162594210112,157.06340355449584,21.08177704995045,19.42247815941652,94.48165278445067
650,2602.703000172651,109,838.9674242883245,679.8287459726079,689.9358498956042,11.0,0.520423365131385,0.501216959549098,159.13867831571667,149.03157439272036,18.968397783824575,17.763690231374618,95.44348218591729
651,3144.05792602378,155,938.1125825325439,811.5285918999301,819.4065946528201,11.0,0.21414431091232494,0.22512436221650178,126.58399063261379,118.7059878797238,13.493475408984027,12.653703840029863,97.9534148889409
652,2888.373590541587,104,902.4490492022835,754.0950542379778,776.6377303989517,11.0,0.4994159169093226,0.8886164609738383,148.35399496430568,125.8113188033318,16.439043854657793,13.941099380019542,91.92166853660146
653,2354.9321206308164,94,759.5492131411172,615.1082159278395,629.4792403261965,11.0,0.2839663286914756,0.5701025597642568,144.44099721327768,130.06997281492067,19.01667393162606,17.124627419073487,94.81724945668859
654,3556.02479415343,87,1125.7933801895342,922.1527573558534,994.3055014501595,11.0,0.8948987558385835,1.902173913043478,203.64062283368082,131.48787873937476,18.088632107553934,11.679574694002728,82.70750988142292
655,2621.5570591862015,93,836.3591849614266,680.2623398279529,699.4647859716339,11.0,0.6335478815794995,0.8518316210365123,156.09684513347372,136.89439898979276,18.663852557639217,16.367895690187993,92.25607617239534
656,3064.279528132771,88,963.747242382109,778.8881831045815,843.2546140924969,11.0,0.48521141981808374,1.337080039525693,184.85905927752754,120.49262828961207,19.181280230759317,12.502513417500275,87.8447269134028
657,2812.070292817788,123,926.7246221507597,739.655233523027,755.5629255580416,11.0,0.20203570258226983,0.44803323097241615,187.06938862773268,171.16169659271816,20.1860816208356,18.469531563268806,95.92697062752349
658,2890.2971382684686,111,795.0024209917113,753.8307771444937,777.5669839658318,0.0,0.0,0.0,41.17164384721764,17.435437025879537,5.17880735455608,2.1931300541361898,
659,2465.080363086861,117,772.6490814401037,641.1498073387437,652.2468465511787,11.0,0.0077021825749380365,0.41133641517526315,131.49927410136002,120.40223488892502,17.019275277758023,15.583042519705458,96.26057804386124
660,2408.734849553162,143,641.0881311485368,552.7051451488437,619.6091353129093,0.0,0.0,0.15083839804822824,88.38298599969312,21.47899583562753,13.786401854196118,3.3503967382997697,
662,2642.388427098722,90,867.2553138943398,660.2831604831804,708.3467667398642,11.0,0.34250897130937247,0.9886457900025131,206.9721534111594,158.90854715447563,23.865192878642357,18.32315635414324,91.01231099997716
663,2232.0498530072377,107,647.2152564403657,581.7940322471766,592.2067418807952,11.0,0.21190856359272287,0.18509303128946852,65.42122419318912,55.00851455957047,10.10810909387409,8.499261105511184,98.31733607918665
664,2904.3991038298573,102,870.0902073094998,747.3028776677949,783.1634160005249,11.0,0.0,0.84767698362658,122.7873296417049,86.92679130897488,14.112022938562763,9.99054932221001,92.29384560339473
665,3327.040671710557,143,960.358469613169,857.218694754847,886.9245704976809,11.0,0.27677133905884166,0.44870809795212246,103.13977485832197,73.43389911548809,10.73971627488916,7.646509239936954,95.92083547316253
666,3435.205264380544,102,1089.0839520217485,892.6351912125417,927.4153082472213,11.0,0.7902651639399293,1.2654452353885446,196.44876080920676,161.66864377452714,18.03798141038844,14.844461115638467,88.49595240555868
667,3222.565602568726,88,1033.9268021133905,855.2394626154922,872.195571498733,11.0,0.3569687623105372,1.4960482172128686,178.68733949789828,161.73123061465753,17.282397470754578,15.642425584100536,86.3995616617012
668,2370.141040595278,136,776.4431915223282,622.4669581158233,620.2277273304068,11.0,0.0584039933778442,0.15637025182716754,153.9762334065049,156.21546419192146,19.8309721931636,20.119368151794678,98.57845225611666
669,2957.390117382443,111,878.2790807096014,771.5543705813652,794.2145704317855,11.0,0.7099076679716332,0.6711350217519124,106.72471012823621,84.06451027781588,12.151571462001405,9.57150319576055,93.89877252952807
671,3008.840668215714,132,893.5616519356086,765.0973850318848,794.7452587800672,11.0,0.45873266611466856,0.35893029457316655,128.4642669037238,98.81639315554139,14.376653991971125,11.058710156315241,96.73699732206212
672,3604.2664123031072,94,1032.2516945739521,922.264308551384,984.7744808947745,11.0,0.35106382978723405,1.8009944495837185,109.9873860225681,47.47721367917768,10.655093772257153,4.599383457420552,83.62732318560255
673,2838.059788476476,146,755.9195413080093,646.0914232769703,753.7793122316934,0.0,0.0,0.18665395861729367,109.82811803103903,2.1402290763159044,14.529075123656328,0.28312921671697333,
674,3133.463110966059,143,939.9744792200129,793.0087938064001,832.1998949166522,11.0,0.3076923076923077,0.16275714082787396,146.96568541361273,107.77458430336071,15.63507187296875,11.465692599738626,98.5203896288375
675,2979.0802686453644,107,946.6979920809869,761.5930959007682,817.3448175062764,11.0,0.2828308783988505,0.8964851686306385,185.1048961802187,129.35317457471047,19.552687100701444,13.663615604631465,91.85013483063057
676,3483.2280878105153,121,980.9243733324668,903.2007471601414,918.9154992110856,11.0,0.761660402090174,0.8668702838663322,77.72362617232534,62.008874121381155,7.923508507417044,6.321473480235806,92.11936105576062
677,2811.262064838081,122,889.8456808770751,710.0214611752765,743.3797788964339,11.0,0.2302767583571038,0.3656729479597351,179.8242197017986,146.4659019806412,20.208472498799466,16.45969690343131,96.67570047309331
678,2626.1309266936855,129,837.784986015461,680.0540335359627,701.5561248263252,11.0,0.3450490085236531,0.28920468696233875,157.73095247949823,136.22886118913573,18.827140031438493,16.260599493080637,97.37086648216055
679,2712.118892884801,83,808.5405833147458,698.4224017586864,735.0924669270454,11.0,0.26506024096385544,1.2749117663587204,110.11818155605943,73.44811638770045,13.61937592601867,9.084035842281132,88.40989303310253
681,2679.635471724724,91,849.596767704495,695.9155133043348,718.0205934756856,11.0,0.47260563360399704,1.0882527919722855,153.68125440016024,131.57617422880946,18.088728705429034,15.486896752716225,90.10679280025195
682,2420.8891666206373,133,728.6802253013311,625.265287907855,642.2981209885792,11.0,0.23146595443868562,0.12472107654125426,103.41493739347607,86.38210431275195,14.19208780514263,11.854597025331703,98.86617203144314
683,2671.830775536306,83,840.29990766319,685.1379209298166,716.440540240836,11.0,0.28903525714218414,1.2284142976170114,155.1619867333734,123.85936742235401,18.46507244834372,14.739900158599026,88.83259729439081
684,2761.7425507105295,118,911.7537133323749,692.9233686769285,736.5614007558529,11.0,0.23897374204943644,0.3952155295447436,218.83034465544642,175.192312576522,24.001036843123117,19.214872395332552,96.40713154959325
685,2524.1975626701474,135,827.5001199961996,641.8884506682399,669.3848940688852,11.0,0.1381281759014907,0.23574748398827014,185.6116693279597,158.11522592731444,22.430409959192772,19.107577401685525,97.8568410546521
686,2760.905246330769,152,806.1557037734524,734.1459971911927,743.5824143785175,11.0,0.37482409338694767,0.1334053290848882,72.0097065822597,62.57328939493493,8.932481187591526,7.761935951335701,98.78722428104648
687,3377.24629521445,100,928.6422526848468,902.2902796329863,947.8807474578841,11.0,0.5512759658307989,1.4891304347826095,26.351973051860455,-19.23849477303736,2.8376883536876414,-2.071679887213395,86.46245059288536
688,3191.822166960242,78,1021.5495984605816,853.7336547667546,893.8287084156306,11.0,1.0117501121689407,2.17391304347826,167.81594369382697,127.72089004495103,16.42758647712419,12.502661665906317,80.23715415019763
689,2832.6090799724993,135,894.387691734586,741.7350384065941,757.8038634748139,11.0,0.4193605391510108,0.19065344545178003,152.65265332799197,136.5838282597722,17.067839231098496,15.27121063069192,98.26678685952928
690,2761.6762186610536,78,879.2576098838206,744.1887145242949,755.5523837734974,11.0,0.8461538461538461,1.5638003916157794,135.06889535952564,123.70522611032322,15.361697623222478,14.069281257249378,85.78363280349292
691,3589.8335727188755,83,1134.5655274703963,942.2343523926612,989.1556851454544,11.0,0.37392641043324054,2.1739130434782594,192.3311750777351,145.4098423249419,16.95196711172361,12.816345887852302,80.23715415019764
692,2412.148128584879,156,739.957622664433,629.0287861690383,636.6066010094266,11.0,0.07051282051282051,0.12506900801277734,110.92883649539465,103.35102165500632,14.991241808681293,13.96715413010557,98.86300901806567
693,2782.8901235605713,146,804.4661243596577,714.1151279546158,746.8011887688431,11.0,0.07534246575342465,0.17259286607945623,90.35099640504188,57.66493559081459,11.231174771586542,7.168099916788289,98.43097394473222
694,3440.5894854493113,133,1033.0341432209443,900.0254603830175,924.208777232728,11.0,0.2667242195344469,0.6004934251571998,133.0086828379268,108.82536598821628,12.875535984049177,10.534537188568105,94.54096886220728
695,2897.6959563860764,144,912.305236277952,759.0129234619316,770.9313885522043,11.0,0.3046715623944325,0.24049079183349134,153.2923128160204,141.37384772574762,16.802743941427607,15.496331940670268,97.81372007424099
696,2921.2466710529948,83,866.6532820272299,780.2628179544354,799.8423775484724,11.0,0.5934487038336154,1.4584887529222659,86.39046407279454,66.8109044787575,9.96828441827561,7.709069574221992,86.7410113370703
697,3137.0182102248614,85,1011.5306016438592,806.7212563463814,862.8782805473895,11.0,0.3425332044869657,1.5169358870015734,204.80934529747776,148.65232109646968,20.247469030065712,14.695780914081269,86.20967375453115
698,3318.2592215479335,101,1047.8294173538236,869.0900082098105,909.0023241091991,11.0,0.46248441345775276,1.3409820458296866,178.73940914401305,138.8270932446245,17.058063667977514,13.249016580887455,87.80925412882104
699,2743.717773716238,79,740.7152413650092,624.729218124932,747.1023688602278,0.0,0.0,1.4049839448830097,115.9860232400772,-6.387127495218579,15.658652173314966,-0.8622918955263045,
700,2779.9432835603952,148,807.5900758575386,719.2144147769369,742.8460910438591,11.0,0.07432432432432433,0.16573737609572953,88.37566108060173,64.7439848136795,10.943133617232744,8.016936655014138,98.49329658094791
701,2917.525253161133,82,805.4198349357895,755.8055062174388,798.5749332093388,0.0,0.0,0.0,49.614328718350635,6.844901726450644,6.1600579680665595,0.8498551227008633,
702,2380.668312785614,120,663.1351873102716,626.8897584998085,636.6828294211516,0.0,0.0,0.0,36.24542881046307,26.45235788911998,5.465767690216738,3.988984206435014,
703,3372.0698829429693,145,997.3993348592295,876.4759553310817,885.8675778091018,11.0,0.24214855667538007,0.4347826086956523,120.92337952814785,111.53175705012768,12.123868073885841,11.182257011016455,96.04743083003953
704,2588.6171846620696,136,716.5896365650641,659.821650468077,695.258889114152,0.0,0.0,0.0,56.7679860969871,21.3307474509121,7.921965822601281,2.9767033128137257,
705,3219.256559418157,96,992.7303228537448,828.5785178321679,865.9923533889851,11.0,0.37968662244043405,1.3445425724637703,164.15180502157693,126.73796946475977,16.53538743026396,12.766606050718126,87.77688570487481
706,2910.6720845660575,115,936.4176793005502,763.2684994131967,796.7468580549408,11.0,0.6218354635132783,0.7655954631379965,173.1491798873535,139.67082124560932,18.490592789393503,14.915440442125712,93.04004124420004
707,3115.015606408593,121,994.5025526990867,821.0054790448484,838.3303177957253,11.0,0.41307878756266597,0.7180492000200841,173.4970736542383,156.1722349033614,17.44561370741242,15.70355294508887,93.47227999981742
708,2999.530553762872,138,995.7788932418348,781.6846220120135,795.5329069383239,11.0,0.33062168124177377,0.24766000789085046,214.0942712298213,200.2459863035109,21.500181685195287,20.109482904542663,97.74854538281045
709,2694.594646847641,111,859.2252545271706,707.3976054276809,717.2276570318822,11.0,0.2377166808566181,0.5584178167751452,151.8276490994897,141.99759749528835,17.67029638613684,16.52623648421848,94.92347439295322
710,3620.804894539343,100,1104.0011104145863,931.9436852400455,991.2568272370296,11.0,0.77,1.514005852166606,172.05742517454075,112.74428317755667,15.5848960251433,10.212334219049628,86.23631043484905
711,2973.7992380551136,140,862.9210603261608,784.762386581704,775.216726066795,11.0,0.09412147715784307,0.3802350107678205,78.15867374445679,87.70433425936585,9.057453495794265,10.163656711103561,96.54331808392891
712,3532.919677213529,148,1021.8018206156622,925.2432943896802,938.8475152613468,11.0,0.4992814174514015,0.44960804348363187,96.55852622598206,82.95430535431547,9.44982914277869,8.118433895951892,95.9126541501488
713,3576.0833766760766,116,1068.312560541398,928.9996069222221,967.1202231288107,11.0,0.6769575985198318,1.1455209895052487,139.3129536191758,101.19233741258722,13.040467627617799,9.47216583892874,89.58617282267956
714,3044.931448906557,80,974.3098024042464,800.9096895121686,841.7557035930472,11.0,1.937135120796952,1.81725543478261,173.4001128920778,132.5540988111992,17.797225529722542,13.60492304235299,83.47949604743081
715,2632.8053518514553,117,764.293705750876,677.1952346387866,697.4465955467936,11.0,0.3030714404021203,0.27873104649650904,87.09847111208944,66.84711020408247,11.39594248346191,8.746259415862767,97.46608139548628
716,2820.5543031509455,148,894.9399764918376,713.9294154600813,748.779943009115,11.0,0.07432432432432433,0.18431842004764246,181.0105610317563,146.1600334827226,20.226000154928517,16.331825298012674,98.32437799956689
717,2449.8145631156403,156,790.0733719298738,635.7147553454512,649.2247618139961,6.069499464295169,0.26504805975304974,0.10749426247255282,154.35861658442263,140.8486101158777,19.537250851446665,17.827282265169075,98.22894353801487
718,3125.2361371882607,109,967.618020633241,787.2366616329432,838.7584205306307,11.0,0.6895017767057583,0.9225735291243959,180.38135900029783,128.85960010261033,18.641794091665464,13.317197215723656,91.61296791705095
719,3602.8750530400484,89,1091.618874993487,942.0764249151725,996.0111295391048,11.0,1.112423381863311,1.9021739130434778,149.54245007831446,95.60774545438221,13.699144775158517,8.758344844023757,82.70750988142292
720,2577.7319244381147,123,826.1265749144425,681.0662965854602,680.693844198131,11.0,0.09576855883159284,0.3356843532042821,145.06027832898224,145.43273071631143,17.55908631119939,17.604170490626466,96.94832406177926
721,2610.1850851078398,143,735.0486190461963,678.1479205630542,681.6582175605056,11.0,0.13874310241107993,0.26233026917609237,56.90069848314215,53.390401485690745,7.7410795706244375,7.263519732200907,97.61517937112643
722,2424.4042578766657,152,703.905983580158,628.7864614328067,643.145005072654,11.0,0.07236842105263158,0.10011541806158769,75.11952214735129,60.76097850750398,10.671811846986094,8.631973576707743,99.08985983580375
723,3419.2664254613073,82,984.8665010368272,916.3627315287824,950.1570636419405,11.0,0.9390243902439024,2.1739130434782594,68.5037695080448,34.70943739488678,6.955640123400158,3.5242784030471235,80.23715415019764
724,2395.2048521468914,100,772.6505584773411,624.4938730616346,644.1628860712243,11.0,0.45104506048268184,0.5605264857958719,148.15668541570642,128.48767240611676,19.175121766258492,16.62946735705813,94.90430467458299
725,2108.9457683818855,115,605.7975228011144,525.4141393197884,560.215022679097,11.0,0.3466665190074604,0.19322584383245073,80.38338348132595,45.582500122017336,13.269018187734668,7.524378757980204,98.243401419705
726,2478.728143759476,85,733.1902345352753,646.0077605838027,665.2149026205751,11.0,0.3729093040107531,1.0824300549176937,87.18247395147262,67.97533191470018,11.890839490890421,9.271172570620175,90.15972677347551
727,2535.6948483730607,148,837.2148566203123,669.4347642771262,676.9592922423875,11.0,0.6461007145991332,0.20232402907541022,167.78009234318608,160.25556437792477,20.04026696569678,19.141509865800522,98.160690644769
728,2522.423132558369,86,747.6694903869541,652.6323700607849,680.1580932811211,11.0,0.35769720782043435,1.0247788364683574,95.0371203261692,67.511397105833,12.711113874257865,9.029577637425419,90.68382875937857
729,2805.8019674689012,130,848.1299873932315,716.6652100558243,746.6830439477168,11.0,0.1070751180176101,0.21739130434782608,131.4647773374072,101.44694344551476,15.500545823343725,11.961249449193142,98.02371541501977
730,2883.3945145955354,150,920.7331176120725,719.510196369664,770.8490215715435,11.0,0.07333333333333333,0.18500754187267057,201.22292124240857,149.88409604052902,21.854641414906588,16.27877754948735,98.318113255703
731,2117.0247424366735,132,686.5297648283937,549.5260172247614,557.8754798844722,11.0,0.43079819220324206,0.1350647638531245,137.0037476036323,128.65428494392154,19.955980734189726,18.739797097665566,98.77213851042615
732,2533.7713212104713,138,764.1177041853647,632.2333317593931,663.406659107039,11.0,0.22432783355310304,0.07437497630440973,131.8843724259716,100.7110450783257,17.259693330437248,13.18004340518389,99.3238638517781
733,2579.621284216488,98,842.5524183542623,663.9905478849298,695.7248274656819,11.0,0.2919550373277991,0.7494750018353413,178.56187046933246,146.8275908885804,21.19296871975196,17.4265229901512,93.18659089240599
734,2530.3003368967147,143,859.3800867511985,667.7986992126451,669.6586431945573,11.0,0.21141994489454757,0.14906396816879558,191.58138753855337,189.72144355664125,22.292974958589962,22.076546394490524,98.64487301664731
735,3235.2814294264426,111,1067.2708442010276,849.3966402280134,887.105845493057,11.0,0.5470693123534024,1.0294758839237594,217.87420397301412,180.16499870797054,20.414143715892237,16.88090700564807,90.64112832796583
737,2467.4108372106834,106,793.8064735102141,627.7981105527043,667.4392536241562,11.0,0.6226415094339622,0.47454328064399776,166.0083629575098,126.36721988605791,20.912951518702087,15.919147059517133,95.68597017596365
738,2747.2838958110638,105,853.3924270508592,734.1567236073646,724.7451189135329,11.0,0.603041672821965,0.6607579406114686,119.23570344349457,128.64730813732626,13.971966432318544,15.074812484791284,93.99310963080482
739,2916.9077263075183,119,924.8656369454892,760.374136309356,773.054016013592,11.0,0.3799702974441125,0.5822981366459627,164.4915006361332,151.8116209318972,17.785448400850058,16.41445144759388,94.70638057594579
740,2159.7277269736205,98,583.4752943852042,541.3768331173168,570.4868947804862,0.0,0.0,0.0,42.09846126788739,12.988399604717983,7.215123189105318,2.2260410560148207,
741,2271.2763627160257,114,682.0404597507936,575.7551260730114,601.2425900955087,11.0,0.3829469571503628,0.32291556378385056,106.2853336777822,80.7978696552849,15.583435287199402,11.846492169219273,97.06440396560136
742,2938.695706666198,111,813.2788498699626,760.0939442009502,791.8549929069112,0.0,0.0,0.0,53.18490566901244,21.423856963051435,6.539565817740904,2.6342572374133364,
743,2501.6287230966254,103,783.0240351251606,655.6915335139663,653.6721092764603,11.0,0.4485328463209945,0.5434782608695651,127.33250161119429,129.35192584870026,16.26163385787272,16.51953452846748,95.0592885375494
744,2985.7325814801193,133,982.9182814396056,768.1263016069994,790.2402299180096,11.0,0.24812030075187969,0.3623612536925154,214.79197983260622,192.678051521596,21.852475825153718,19.60265213903592,96.7058067846135
745,2919.0269530129012,102,863.4413303129761,775.1347185518126,788.3410661294366,11.0,0.6992085881515787,1.0375949627456111,88.30661176116348,75.10026418353948,10.22728570673754,8.697784267092876,90.56731852049444
746,2796.3503826330293,138,879.553274343983,697.4769025508617,750.1121182712685,11.0,0.15960466737401197,0.3310240795495362,182.07637179312133,129.44115607271453,20.701005510885448,14.716693104150917,96.99069018591331
747,2790.159525385332,97,785.5565491311357,734.0380466278837,761.976015272588,11.0,0.4357298430024597,1.0869565217391317,51.51850250325208,23.58053385854771,6.55821691770428,3.0017614753042214,90.1185770750988
748,3153.935653524105,146,902.8144117872431,830.4793698378647,841.0059178151646,11.0,0.1506849315068493,0.319793016628059,72.33504194937836,61.80849397207851,8.012171826785682,6.846201518839321,97.09279075792674
749,3204.5588210296387,106,1001.5412792270517,823.9281692174447,874.0269549367105,11.0,0.6226415094339622,0.997165892861353,177.613110009607,127.51432429034128,17.73397798907315,12.731809156059107,90.93485551944225
750,2652.9833159374293,81,668.0838475799707,617.993193968257,719.0202335019127,0.0,0.0,1.2949543746645207,50.09065361171372,-50.93638592194202,7.497659731358464,-7.624250474914357,
751,2481.275382715759,89,724.8234922187785,644.6117112069321,669.6851343673828,11.0,0.12359550561797752,0.8428065139765398,80.21178101184637,55.138357851395654,11.066388144554715,7.607142765559378,92.33812260021328
752,2765.282045141754,141,882.9690195442334,723.1048657635116,730.3786493951549,11.0,0.3072149969023163,0.26728011400717566,159.86415378072184,152.59037014907858,18.105295909842877,17.281508951224804,97.57018078175295
753,3012.5890675294136,146,903.0773953058056,783.3150312820615,804.2732577516568,11.0,0.16242321904130255,0.28218072577591435,119.76236402374411,98.80413755414872,13.261583630181493,10.940827227846963,97.43472067476442
754,2962.0362004828853,94,951.3148337206968,756.6234495353971,794.7317830654632,11.0,0.37768324258539304,1.0435938945420917,194.69138418529974,156.5830506552336,20.465504928987635,16.459645650937667,90.51278277689008
755,2582.2470120268586,125,732.5929679851391,684.1031457086107,678.7294135199793,11.0,0.6232691494993889,0.24657245803047015,48.48982227652846,53.86355446515984,6.618930892810875,7.352453110941201,97.758432199723
756,2456.2378253597217,123,801.372748421997,627.3479999251268,654.8804418488503,11.0,0.26590149535442453,0.29166936827901585,174.0247484968702,146.49230657314672,21.7158305968785,18.280170727243767,97.34846028837258
757,3672.8359470405676,88,1105.8316754210477,973.5921436025234,995.5620814755744,11.0,0.375,2.022423944036807,132.23953181852437,110.26959394547339,11.958378002526821,9.971643641288175,81.61432778148358
758,2533.453851301525,113,779.2492049732701,628.888507508676,677.1300417577183,11.0,0.0,0.2687535504730101,150.36069746459418,102.1191632155518,19.295585610478984,13.104814552753338,97.55678590479081
759,3054.443564497808,132,991.7818432630029,799.6338969118603,816.4352822537414,11.0,0.48830016403495335,0.3930176862177016,192.14794635114254,175.34656100926145,19.37401331314636,17.679952723510656,96.42711194347544
760,2981.9522543778944,154,980.1993588930039,733.1173025964059,782.2126396143549,11.0,0.06524086905088355,0.20515691442437825,247.082056296598,197.98671927864905,25.20732686212345,20.19861750391746,98.13493714159655
761,2280.7550301850383,144,659.3035197284539,571.9874874774456,594.2114023191862,11.0,0.20588564157247602,0.12399723125765716,87.31603225100832,65.09211740926776,13.243677553393162,9.872860596296698,98.8727524431122
762,2192.379938559498,85,730.1525137340432,569.3791568297224,577.7981194291376,11.0,0.6722611334794631,0.6329923273657287,160.77335690432074,152.35439430490555,22.019147216533742,20.866105565501126,94.2455242966752
763,2227.1554289403134,96,717.0752864595179,567.3333919062007,590.1641348805238,11.0,0.14809256927228556,0.2518722506938704,149.74189455331714,126.91115157899412,20.88231143659289,17.698441708346174,97.71025226641936
764,3061.3392637043785,112,957.8235055128293,805.6231140410571,824.138846909071,11.0,0.5011661379000817,0.7958074534161497,152.20039147177226,133.6846586037583,15.890233492472342,13.957128618615602,92.76538678712592
765,2083.8296173293297,89,678.1738171205404,529.17467012607,556.9513478775041,11.0,0.3247146049108121,0.4820999429095976,148.99914699447038,121.22246924303636,21.970642810585957,17.87483771604971,95.61727324627638
766,2751.9407919514765,123,902.0035484047792,720.265037778955,730.3360487506352,11.0,0.414285145994766,0.3247084614206165,181.73851062582412,171.66749965414397,20.14831437717005,19.03179870608527,97.04810489617621
767,2108.0128994551865,78,606.8410119692383,544.2548887848363,560.1785305201755,11.0,0.14102564102564102,0.7633194872250781,62.58612318440191,46.66248144906274,10.313430033561163,7.689408020997127,93.06073193431747
769,3192.759601600154,81,1015.9122692824918,817.9714178596174,869.408105238343,11.0,0.5432098765432098,1.8574447826749894,197.9408514228744,146.50416404414887,19.48404969679853,14.420946421645281,83.11413833931827
770,2598.6370580177518,101,727.1415231280087,688.7502673169809,702.8700294477591,0.0,0.0,0.0,38.391255811027804,24.27149368024959,5.279750171036411,3.337932563091538,
771,3098.1103748089786,138,931.6986476847826,801.2088192883411,819.1311433537328,11.0,0.48558897210834934,0.42691262584693823,130.48982839644145,112.5675043310498,14.005583105728569,12.081964979854115,96.1189761286642
772,3034.2037790929135,92,908.1352308654193,765.7768128544552,826.1570251449474,11.0,0.358695652173913,1.2464105172043076,142.3584180109641,81.97820572047192,15.675905214612342,9.027092324383199,88.66899529814266
773,3509.7122354394787,155,1026.2913061475099,893.764608822219,936.6645731116255,11.0,0.3344313761171983,0.341373872610887,132.5266973252909,89.6267330358844,12.913165738757874,8.733069499762697,96.89660115808285
774,2352.0271681957324,99,679.1760108162365,604.6870146684805,632.0415336262696,11.0,0.3333333333333333,0.5847370463745639,74.48899614775598,47.1344771899669,10.967554059843016,6.939950239602911,94.68420866932215
775,3267.992639100289,81,916.8310321696574,877.9129045352737,892.0558229339601,11.0,0.4056037055426812,2.1739130434782594,38.91812763438372,24.775209235697275,4.244852788445104,2.70226556108898,80.23715415019764
776,3119.5277865815615,104,923.0230462384038,810.964996170403,846.1730178551104,11.0,0.41926692606982824,1.0734175884574806,112.05805006800085,76.85002838329342,12.140330680222023,8.32590569612323,90.24165828675017
777,2438.2213381476063,137,752.4693201245755,612.2938863922886,644.2977271985928,11.0,0.14120307874383559,0.10860793541329856,140.17543373228682,108.17159292598262,18.628724119819264,14.375548614802556,99.01265513260637
778,3058.7033310692455,86,945.4899783089337,792.697612645669,841.1118378298594,11.0,0.5774307103530176,1.4250505561172921,152.79236566326472,104.37814047907432,16.160125349667183,11.039581896548599,87.04499494438825
779,3233.092002019007,83,1024.6872748624585,824.5083508110915,898.4012120346395,11.0,0.6426521174302774,1.8031035652660012,200.17892405136695,126.28606282781902,19.535611396973433,12.324351626672648,83.60814940667271
780,2391.1680277816486,145,726.746663985362,622.7488683629865,636.3859706921183,11.0,0.32310065944079497,0.16297461757646942,103.99779562237552,90.36069329324368,14.310047885471988,12.433589003039952,98.51841256748665
781,3535.17640204085,124,1136.393425723188,900.68566569446,944.9247474624964,11.0,0.5398618124663683,0.9335553997194961,235.7077600287281,191.46867826069172,20.741739145377956,16.848802001722525,91.51313272982277
782,2657.119298874303,105,825.7406382117703,683.583218601146,712.9992293640075,11.0,0.5239316373606039,0.6035807255126001,142.1574196106243,112.74140884776273,17.215747055695527,13.653368095327888,94.51290249534
783,2751.422811158903,137,909.1386832452414,715.830279243739,725.7248396045778,11.0,0.6373652232193471,0.23140873030215212,193.30840400150237,183.41384364066357,21.262807046277356,20.174462600794147,97.89628426998044
784,3220.808549140549,144,1044.318380422796,835.5891624517438,857.9466998561604,11.0,0.26127303797853646,0.2950153244149402,208.7292179710522,186.37168056663563,19.98712479680262,17.84625111081377,97.31804250531873
785,2886.0257708092627,106,858.5261692774994,752.9910197005278,775.4436599711696,11.0,0.5905112614354155,0.7923152394566988,105.53514957697166,83.08250930632983,12.292595537977105,9.677341504481882,92.79713418675728
786,3092.360659307555,122,917.9129901024082,768.0151311799325,823.0907411599072,11.0,0.13650797894461109,0.5621633866617463,149.89785892247573,94.822248942501,16.33029062000225,10.330200134973797,94.88942375762048
787,2746.4960791247427,78,841.1436883546279,716.8145525478094,768.1143087320618,11.0,0.28205128205128205,1.4278265707176354,124.3291358068185,73.02937962256613,14.780962816236586,8.682152720591633,87.0197584480215
788,3430.5434131765733,102,1096.4649501184015,861.131364424974,938.3109505823608,11.0,0.21568627450980393,1.2215769241320846,235.3335856934275,158.15399953604071,21.46293738509517,14.423990435714565,88.89475523516288
789,2701.2749633877283,125,856.3822182996695,705.0965677561721,723.6086794903824,11.0,0.03574434018526501,0.3069652046566012,151.28565054349735,132.77353880928706,17.66566929003642,15.504004633924604,97.20940723039453
790,2667.618696506577,93,838.3937282431555,703.083674795911,733.3875507875875,11.0,0.6313264144669035,1.064031136490527,135.3100534472445,105.00617745556792,16.139201533721536,12.524685469153876,90.32698966826793
791,2640.557607024256,156,770.6898172307385,687.0287875278566,694.2207963178839,11.0,0.1884521413536689,0.11559268355425775,83.66102970288193,76.4690209128546,10.855343853315045,9.92215275240368,98.94915742223402
792,2484.4807575547575,154,754.0892280991924,659.0193663071859,662.921360248039,11.0,0.3840483323595073,0.1273853161564264,95.06986179200646,91.16786785115335,12.607243048895672,12.089798455410529,98.84195167130521
793,2463.2574146254374,98,746.6684999932118,637.3514521518503,666.0293695814499,11.0,0.22083584163877304,0.5379325643300799,109.3170478413615,80.63913041176181,14.640640102315198,10.799857019881639,95.10970396063564
794,2513.6483019520583,109,753.4229263090413,636.301145173713,664.91651812614,11.0,0.028131168686581994,0.2873054806131875,117.1217811353282,88.50640818290128,15.545290307145079,11.747241169907998,97.38813199442556
796,2335.0536013747737,117,672.605739185059,601.7627522157778,612.3633194796629,11.0,0.09139467752390634,0.22253866239978592,70.84298696928113,60.24241970539606,10.532617080418575,8.956572356695446,97.97692125091105
797,2359.4292467983632,87,712.9826810494118,605.1897819163845,636.542685527538,11.0,0.12643678160919541,0.8994221989000799,107.79289913302728,76.43999552187381,15.118585906514737,10.721157407268956,91.82343455545382
798,3142.2141472382173,108,983.4339982765522,802.6792321350774,842.6674677164349,11.0,0.4710519958954579,0.9621032149495875,180.75476614147476,140.7665305601173,18.379959047403666,14.313775078633414,91.25360713682194
799,3166.42724800192,121,1013.9200061583783,821.8856411266879,861.3935749831086,11.0,0.5234141276883082,0.7996130200190893,192.0343650316904,152.52643117526975,18.93979444781701,15.04324110865256,92.73079072709919
801,2710.260822016004,125,847.6335947003009,689.4478556721801,729.2676568877264,11.0,0.44,0.23875384877412398,158.1857390281208,118.36593781257454,18.66204218628814,13.964281094170808,97.82951046568978
802,3041.5118209253437,95,960.528299267708,736.7013716479518,822.6758974371448,11.0,0.3663148043990538,1.229977116704807,223.82692761975625,137.85240183056317,23.302481331408814,14.351727266719754,88.81838984813812
803,3077.449508502943,140,819.4767884416843,721.1737501724516,810.1899302794187,0.0,0.01352315375459974,0.274489577862885,98.30303826923273,9.286858162265617,11.995829492152623,1.133266773782024,
804,2512.835756205706,132,730.7374266457309,654.9323341691314,662.7281703409841,11.0,0.3036059251492891,0.16147812541279377,75.8050924765995,68.00925630474683,10.373779925925513,9.30693486125741,98.53201704170186
805,2537.7794896488585,137,822.6134296368749,656.1420294405693,680.4854940876033,9.134715087661542,0.29393744653520476,0.15745597844013337,166.47140019630558,142.12793554927157,20.236893077443536,17.277609437036652,98.27629020796924
806,2794.832311512479,114,896.6336730558558,740.0918451672308,750.1399019739237,11.0,0.7569807953471435,0.5722356303204061,156.541827888625,146.4937710819321,17.458838831594186,16.338196465749537,94.79785790617812
807,2449.4321959366707,148,793.0338421473634,633.39247128216,636.869599173715,6.989366891426789,0.1889018078763995,0.023868977673325503,159.64137086520338,156.16424297364847,20.13046132217122,19.69200236786738,99.65849585457299
808,2803.5755479182217,108,838.2630657014764,716.4019247039981,754.3339147868151,11.0,0.7837872237649348,0.7414680234375723,121.86114099747829,83.92915091466136,14.537338692776865,10.012268743395925,93.25938160511298
809,3113.871054295357,141,1016.5350599185151,816.9771334219324,811.4252117579432,11.0,0.6525468990816397,0.28332235293945013,199.5579264965827,205.10984816057191,19.631189750856123,20.177351106514063,97.424342246005
812,3586.605814814344,119,1067.5416726638316,931.2499265133501,980.360604206725,11.0,0.27529726582303077,1.058811052127479,136.29174615048146,87.18106845710656,12.766878299972435,8.166526018564134,90.37444498065929
813,2783.384374882864,121,828.4457196939424,716.5385217819393,743.4180942193099,11.0,0.23146203111614252,0.38181078559041043,111.90719791200308,85.02762547463249,13.508090542533749,10.263511954174227,96.52899285826899
814,2593.0009816761467,136,817.903181683034,681.0839358997949,695.9873633140639,11.0,0.2332655345971483,0.2854322715918029,136.819245783239,121.91581836897001,16.72804909521201,14.905898534114842,97.40516116734725
815,3334.7704614839668,101,1058.1720128760933,865.3858329769052,906.0142057493593,11.0,0.32673267326732675,1.2779810589754645,192.78617989918803,152.15780712673393,18.218794066873734,14.379307454292958,88.38199037295033
816,3463.6607801612076,146,1001.5976157812823,849.8011037016821,924.7879549531724,11.0,0.5298623579595049,0.4134902269958779,151.79651207960023,76.80966082810994,15.155438640016477,7.668714423625662,96.2409979364011
817,2874.563624611328,104,909.5102148375096,728.4586915185306,763.7157762277565,11.0,0.3946491936876254,0.7894029024254183,181.05152331897898,145.79443860975312,19.906485970729324,16.029994631319266,92.82360997795074
818,2988.3358964334516,120,995.5196732817285,759.4596374792718,783.356451642069,11.0,0.4511376655243737,0.45252171567786476,236.0600358024567,212.16322163965947,23.712242172400803,21.311806017882486,95.88616622111033
819,2656.7480981139042,151,842.1466831040042,690.817019828518,698.9117991634083,11.0,0.32614970149229766,0.1523215365648213,151.32966327548615,143.23488394059586,17.969513662122576,17.008305894248416,98.61525875850162
820,2548.2073726270446,120,818.9287043322246,645.695460354098,676.1834716456126,11.0,0.1923465710014375,0.20539227529704282,173.23324397812655,142.74523268661198,21.15364171040816,17.430727721653145,98.1327974972996
821,2952.7087994796266,131,928.8865266800915,750.560171572879,790.8394158288418,11.0,0.14121544543865128,0.37022307902643764,178.32635510721252,138.04711085124973,19.197862169942756,14.861568866182203,96.6343356452142
822,2631.8038085067674,149,759.5880376987699,675.1105933433557,685.0573964781947,11.0,0.0,0.10807969101146231,84.47744435541415,74.53064122057515,11.121481666739385,9.811981958848566,99.01745735444125
823,3101.7314952921715,154,860.5740840648189,813.1739488362211,821.9897417878553,11.0,0.4979061322514114,0.25147451190250264,47.40013522859772,38.584342276963525,5.507966845191159,4.483558474677159,97.71386807361361
824,3394.9957806216325,117,1006.0981188172029,912.8423550162655,908.6256917874698,11.0,0.6206909500380262,0.9593743771277514,93.25576380093742,97.47242702973313,9.269052596040185,9.688163133067421,91.27841475338407
825,2093.32507770753,110,595.8885596219084,536.2719244847721,546.9874855492008,11.0,0.2,0.20129359601420407,59.61663513713631,48.901074072707615,10.004661807060552,8.206412639258485,98.17005821805269
826,2968.886527204374,93,925.5804511875508,768.8230462263156,794.2239455160587,11.0,0.5096659898365666,1.0647150781956138,156.75740496123524,131.35650567149207,16.936118817128236,14.191797752746101,90.32077201640351
827,2533.8019763379434,120,710.9772909979895,657.5160533695539,683.356704822204,11.0,0.19125920715111283,0.31911261720077644,53.46123762843558,27.620586175785434,7.519401576580982,3.8848760045506907,97.09897620726566
828,3567.083037835717,150,1069.0919929485385,916.2922599050344,958.0991977224493,11.0,0.24565618540269166,0.45108695652173925,152.79973304350415,110.99279522608924,14.292477546491106,10.381968619928852,95.899209486166
829,2565.6653800732447,116,842.5548218528573,641.279357872057,676.2947955714354,11.0,0.20725079648267822,0.31721715706422654,201.2754639808004,166.26002628142191,23.88870833807309,19.732843723545546,97.11620766305249
830,2956.428079442719,105,824.4467248853966,686.9554502019703,779.2082817295758,0.0,0.18671281469414558,0.8417486107547513,137.49127468342635,45.238443155820846,16.676793118747426,5.487127523262256,
831,3194.295728985112,86,975.0466153763183,798.718791228446,861.22176479604,11.0,0.8531720625992181,1.4282103134479287,176.32782414787232,113.82485058027828,18.084040431217616,11.67378551807471,87.0162698777461
832,2703.207324731378,108,865.391069638846,699.4958817508965,737.7493056710964,11.0,0.3055555555555556,0.5711553945249596,165.89518788794953,127.64176396774963,19.169967625987017,14.749604941153184,94.80767823159127
833,2847.414756417954,96,887.5384425791096,744.9971630382826,762.0148527277889,11.0,0.7862448002571032,0.945218649661018,142.54127954082708,125.52358985132071,16.06029358307168,14.142890474305547,91.40710318489984
834,2922.1882388075555,155,937.237687354809,732.3884680179378,766.3101619925294,11.0,0.06124002347226872,0.16623881272293858,204.84921933687122,170.92752536227965,21.85669890367113,18.237372191540118,98.48873806615511
835,2676.9182687779166,119,843.771108356201,708.7162342601165,702.2822607884236,11.0,0.5033816496590323,0.23739699492757457,135.05487409608452,141.48884756777738,16.006103166911306,16.768629094615477,97.84184550065841
836,2813.9667956200014,88,826.8306042252211,759.4497006342322,772.7803031071755,11.0,0.5599146024495828,1.1769751494003822,67.38090359098896,54.05030111804558,8.149299656624105,6.537046505274588,89.30022591454198
837,3352.3671921359714,83,908.5399919265617,892.9338157120204,935.2163690876079,0.0,0.0,0.0,15.606176214541279,-26.67637716104616,1.7177203373786925,-2.936180839379324,
838,2914.2995964265797,145,913.6068446527445,751.8131969125025,781.4572624517455,11.0,0.22546653532818897,0.2781005840059236,161.79364774024202,132.14958220099902,17.709329640775476,14.46460071686833,97.47181287267342
839,3007.5216616091384,151,896.1158905906677,754.48924468189,799.2936663221949,11.0,0.21389809958841796,0.22859385240932625,141.62664590877773,96.82222426847284,15.804501113737157,10.804654318165614,97.92187406900612
840,2068.247052493603,138,666.6920771489384,539.4923115735423,550.341750079727,11.0,0.07667450349460776,0.1476843100189036,127.1997655753961,116.3503270692114,19.079237617365564,17.451883869203208,98.65741536346452
841,3234.434361450415,87,905.2930061514576,858.5732942000305,891.8401573231404,11.0,1.0554074576075223,1.902173913043478,46.71971195142703,13.452848828317201,5.160728254163793,1.486021513134998,82.70750988142292
842,2663.953621548083,85,851.9271939034105,701.1562088482276,715.775042108134,11.0,0.2964436384300058,1.15525103378187,150.7709850551829,136.1521517952765,17.69763732559956,15.981665190360516,89.49771787471028
843,2999.9787541854744,93,981.7896541715763,792.5544930214991,805.2193001291997,11.0,0.4731182795698925,1.2155212716222548,189.23516115007726,176.5703540423766,19.274511637602444,17.98454009900571,88.94980662161586
844,2220.067247156946,137,674.6852963283071,570.143362231937,583.5708437824362,11.0,0.30541583030476,0.08675097524934858,104.54193409637014,91.1144525458709,15.494918099637852,13.504733694616327,99.21135477046047
845,3382.034839587267,138,1002.3633689761914,833.8004603787535,917.1426063501825,11.0,0.2266461694642232,0.5119722747321992,168.56290859743785,85.22076262600888,16.816547153913568,8.501982939884655,95.34570659334365
846,2630.429762288221,144,767.5777778020948,673.3571091248585,685.7411109418638,11.0,0.27576801553779823,0.11523908023266727,94.22066867723629,81.83666686023105,12.275064677749084,10.661677451705884,98.95237199788485
847,3149.2829758905277,85,929.2069470856868,803.8426166723942,856.3779773286589,11.0,0.5593449604003393,1.3682864450127892,125.36433041329258,72.82896975702795,13.49154037283926,7.83775562434662,87.56103231806556
848,2405.025153010831,90,691.8369558655658,632.4359221864669,650.0292646695178,11.0,0.24444444444444444,0.6897645954178951,59.40103367909887,41.80769119604793,8.585987373973323,6.042997680536133,93.72941276892823
849,3560.7135661657944,149,1127.714346156359,912.9675808213899,946.7098027186023,11.0,0.3691275167785235,0.45144761384596704,214.74676533496904,181.00454343775664,19.04265615374145,16.050566710859254,95.89593078321849
850,2342.6156467050046,151,747.4088594759215,608.9508997933663,610.7128962167466,5.863055331881696,0.2621799072559276,0.16606719354056854,138.45795968255527,136.69596325917496,18.525062678497168,18.289315349436094,97.16756564384545
851,2721.6913649121566,135,894.5155351695101,704.4289012324941,715.3530261713881,11.0,0.32464857934182106,0.2063183368751176,190.08663393701602,179.162508998122,21.250232831450457,20.028999156976163,98.12437875568075
852,3259.384313146258,86,1044.773887695481,849.4234691532479,916.812183645689,11.0,0.22320295241056537,1.7536653185035396,195.35041854223323,127.96170404979216,18.69786571457381,12.247789263956891,84.05758801360419
853,3499.3585242229483,83,1060.2202725562854,942.7412518295457,979.0896215201983,11.0,0.8392075975635221,2.1739130434782594,117.47902072673969,81.1306510360871,11.08062388238317,7.652244834035655,80.23715415019764
854,2707.5251812743686,82,805.9536462923398,696.3677918847372,717.5949123446486,11.0,0.13414634146341464,1.0571314952279962,109.5858544076026,88.35873394769123,13.597041828861336,10.963252583342898,90.38971367974548
855,3111.2547756512704,132,998.7045358831203,810.3325723035766,827.1135813474158,11.0,0.27635414811436254,0.4508399209486167,188.37196357954372,171.59095453570455,18.861630924002245,17.181353280224418,95.90145526410349
856,2935.08184324609,144,889.5307033611657,730.4576822571528,767.4829812995275,11.0,0.15492923913526674,0.17472477657729626,159.07302110401292,122.04772206163818,17.88280275238868,13.720461991977423,98.41159294020639
857,3134.1205586849355,127,936.5492344470427,812.2590020767301,841.5365482576583,11.0,0.363151088467753,0.5755460668195925,124.29023237031265,95.01268618938445,13.271083654635207,10.14497505253761,94.7677630289128
858,2569.6241913178937,98,756.3879133272542,686.2811153794822,686.3990816553311,11.0,0.29082359154223486,0.7065943892466612,70.10679794777195,69.9888316719231,9.268630118556636,9.25303411632414,93.57641464321217
859,2726.1564203256758,137,819.0234569040099,704.6374808873458,718.8911794740138,11.0,0.31575614048207096,0.17927489600698554,114.38597601666413,100.13227742999607,13.966141635192535,12.225813141971054,98.37022821811831
860,3179.8063321939935,82,967.7955639327296,831.9445095174514,875.2338972336279,11.0,0.5365853658536586,1.8557794273594919,135.8510544152782,92.56166669910169,14.03716440518021,9.564175549944508,83.12927793309552
861,3436.985521764684,143,1066.0258623052052,890.0283414015287,909.1669978127998,11.0,0.4230727816529104,0.6197542093992421,175.99752090367656,156.85886449240547,16.50968584599762,14.714358257051035,94.36587082364325
862,3500.036396790839,148,1052.7882428775463,922.7174595327176,916.167683783401,11.0,0.39744108616072477,0.47991758439809273,130.07078334482867,136.62055909414528,12.354885631065855,12.977021734278251,95.63711286910824
863,2946.237857102294,134,887.4892249744394,728.2092202517211,780.2334470309312,11.0,0.08208955223880597,0.3403678539876995,159.28000472271822,107.25577794350818,17.947260681086654,12.08530480430309,96.90574678193
864,2469.484914098968,147,796.0991800098988,605.5106368845878,652.8914079711318,11.0,0.12421781353677958,0.11903604115223412,190.58854312531093,143.20777203876696,23.940301398494235,17.988684781334193,98.91785417134332
865,3561.4123142599205,124,1119.4402207301102,927.3530990591292,960.4966411722608,11.0,0.2517625092083032,1.0872814937564146,192.087121670981,158.9435795578495,17.159212087779,14.198487477445191,90.1156227840326
866,3564.497230001407,115,1015.4746908092154,905.9053305855936,962.9423994027233,11.0,0.2929643486480979,1.0983993646759826,109.56936022362186,52.53229140649216,10.789964655476327,5.173175843962199,90.01455123021834
867,2990.960640197527,103,884.0280068209388,777.3646577322941,805.5577520313828,11.0,0.6917877930541038,1.0500211059518796,106.66334908864474,78.47025478955595,12.065607454249982,8.876444432088023,90.45435358225564
868,2408.2273133167237,150,787.6450226946497,626.768026226201,634.2734112222217,11.0,0.14666666666666667,0.11289197487441259,160.87699646844874,153.37161147242796,20.425063554399774,19.472174273090822,98.97370931932352
869,2689.102228943943,133,856.5767172528989,698.3792247201582,719.1589589788513,11.0,0.0,0.20789586069452573,158.19749253274074,137.41775827404763,18.46857255706075,16.04266792526838,98.11003763004976
870,2998.1200511672596,93,833.1296641427267,788.6054765381716,827.9024699059214,0.0,0.0,0.0,44.524187604555095,5.227194236805303,5.344208653327639,0.6274166509464021,
871,2277.1537703460476,153,711.0605201470174,588.0406506684888,602.2401212671798,5.177563017519531,0.1776311308334609,0.06950434714742708,123.01986947852868,108.82039887983763,17.30089999274511,15.303957370230334,98.65758568438004
872,3743.541926011732,82,1037.4707353184372,973.8551284953035,1052.6393303727384,11.0,0.605155757121106,2.477350270957414,63.6156068231337,-15.16859505430125,6.131797713176726,-1.462074498867234,77.47863390038715
873,2986.6712175656635,124,944.5272916321783,773.6715352794678,803.4576332586877,11.0,0.5446894689562072,0.6859938167822947,170.8557563527105,141.0696583734906,18.08902271711656,14.935477208892184,93.76369257470641
874,3365.0558101349707,93,994.2279043063876,881.6835388905032,927.1464760122221,11.0,0.0680621295921331,1.554859404573638,112.54436541588439,67.08142829416545,11.31977536824414,6.747087665072534,85.86491450387602
875,3498.6608357401956,130,1107.339639464882,913.7856947931995,939.7971163594171,11.0,0.4481929623553498,0.8038413847556842,193.55394467168264,167.54252310546497,17.479185046172184,15.130183832887017,92.69235104767559
876,2597.1947917155544,110,839.8285952669141,636.3212967931391,693.7919812504349,11.0,0.13330891050265486,0.5256269463584456,203.507298473775,146.03661401647923,24.232003961367422,17.38885944578559,95.22157321492321
877,2544.097657748977,112,700.2562868064891,659.3491222472293,680.7353578158912,0.0,0.0,0.0,40.907164559259854,19.520928990597895,5.841741849375821,2.787683503653051,
878,3003.568573154158,131,948.0558670920352,782.7759872583978,796.7075945540424,11.0,0.2125457081849084,0.32978784124259924,165.27987983363744,151.34827253799278,17.43355909400141,15.964066864774775,97.00192871597638
879,2979.975667970904,137,814.1242006311463,694.6591924671831,799.7849892428118,0.0,0.0,0.293570669719664,119.46500816396326,14.339211388334547,14.67405195317232,1.761305139586581,
880,2749.601269396931,108,859.047579566108,717.76807869143,738.5431171507421,11.0,0.5617881543169742,0.7297831336072321,141.27950087467798,120.50446241536588,16.44606238760793,14.02768196800355,93.36560787629789
881,3051.3636898884556,156,860.14921960483,779.0092756864461,788.9436639132309,11.0,0.2773134312509136,0.18025395280283063,81.13994391838389,71.2055556915991,9.433240427243685,8.278279404161102,98.36132770179245
882,3281.7491073742935,117,908.2367358817257,859.6869564621112,887.2471092385261,0.0,0.0,0.0,48.54977941961454,20.989626643199585,5.345498315753756,2.311030352986398,
883,2960.679216114996,90,871.5844175961599,790.6440010840556,810.0718888386164,11.0,0.5195221707078631,1.470928399386742,80.94041651210432,61.51252875754358,9.286583706411243,7.057552603704854,86.62792364193871
884,2416.53059065715,78,777.347568658497,614.0829972129235,635.164460299888,11.0,0.5641025641025641,1.056723143368627,163.26457144557355,142.18310835860905,21.00277636776126,18.290802478996714,90.39342596937612
885,2613.411063070901,93,752.1462216987476,656.7713848793271,700.7909987052243,11.0,0.23655913978494625,0.798868562722871,95.37483681942047,51.355222993523284,12.680358428712596,6.82782436605688,92.73755852070117
886,2515.0913375407454,132,761.8104893112919,651.4389002785388,656.9058388148234,11.0,0.3971298131438827,0.22027338603425556,110.37158903275315,104.90465049646855,14.488063708932863,13.770439232374795,97.99751467241586
887,2270.250762392221,120,647.8213862291105,541.7347733616122,611.3999516406471,0.0,0.15939776002298023,0.15109868181956132,106.08661286749839,36.4214345884634,16.375904705001428,5.622141436309804,
888,2647.6250992805935,104,840.5451807453281,692.7697043303692,700.0088256570502,11.0,0.4776121827647239,0.6222290133548215,147.77547641495892,140.5363550882779,17.58090817722891,16.71966698609366,94.34337260586526
889,3025.790748504389,116,947.0140492382492,795.1829763632851,802.5613361329468,11.0,0.40871075728441436,0.7387031765774759,151.8310728749641,144.45271310530234,16.03261039232656,15.253492091431584,93.2845165765684
890,2514.2092975029627,144,829.3032373370429,644.9519082142303,666.4720477200086,11.0,0.20818075776128486,0.18159461556737033,184.35132912281256,162.83118961703428,22.229664714053087,19.634698417420616,98.34913985847845
891,3552.5025505712056,123,1020.7758365270745,911.2470709661359,942.8470865761903,11.0,0.5235254025935797,0.8892906906812441,109.52876556093861,77.92874995088414,10.729952810558474,7.6342667177562245,91.91553917562504
892,2586.7671404752527,82,679.3878005623327,629.9048259762199,692.5218687532258,0.0,0.2682926829268293,1.1432926829268304,49.482974586112846,-13.134068190893117,7.283465282296141,-1.933221082277601,
893,2151.5601642005095,81,680.9276088751462,556.8321142340924,578.4047345586137,11.0,0.44129015466906196,0.7858624686388787,124.09549464105385,102.52287431653258,18.224476878834825,15.056354446531337,92.85579573964655
894,3017.6393061804365,116,868.9802165789644,787.6281515617086,798.5641394407136,11.0,0.4875212134526114,0.5317653673163417,81.35206501725577,70.41607713825078,9.361785627010681,8.103300373795342,95.16576938803325
895,3061.0441601596485,109,840.0278630938102,805.4417508695924,810.8869032398916,0.0,0.0,0.0,34.5861122242178,29.140959853918616,4.117257741527484,3.4690468178749323,
896,2682.272278012404,145,904.902344570466,702.0715487295587,700.9771709322831,11.0,0.6566481184937604,0.15737419800701108,202.83079584090729,203.92517363818286,22.414661323171384,22.535600096713303,98.56932547266354
897,2391.4840833956005,124,786.4491784761764,610.7247829631889,639.739257828553,11.0,0.08870967741935484,0.1959895326841097,175.72439551298748,146.70992064762333,22.344024295819217,18.654723618872413,98.21827697559901
898,2263.5514905043597,137,666.0302720063395,586.3767694927373,596.8240605309913,11.0,0.13108754088635743,0.06563212990571639,79.65350251360223,69.20621147534814,11.959441764359333,10.390850744197017,99.4033442735844
899,2605.7037598415127,124,784.9926580463473,669.8539578796425,684.6511867708573,11.0,0.10227454415711563,0.26747668301824923,115.13870016670478,100.34147127549,14.667487521890529,12.78247258072644,97.56839379074319
900,2862.4118563794204,105,936.1666556937256,745.7107371376436,764.7105085052387,11.0,0.1774437401537435,0.693696328145462,190.455918556082,171.45614718848685,20.344232236614843,18.314703492769997,93.69366974413215
901,2316.408518558137,129,655.9755701794385,588.4606206772588,602.650138413847,11.0,0.30260625518404477,0.12209244266706534,67.51494950217966,53.325431765591475,10.292296324954803,8.129179528896877,98.89006870302669
902,2502.6990141368733,127,753.7827222210524,644.6128181354158,664.7746583203452,11.0,0.16866048827367885,0.2872553449072783,109.16990408563663,89.00806390070716,14.482940622990526,11.808185737985765,97.38858777357021
903,2623.669152512466,134,723.9428126343962,691.8526544590992,694.3174188482476,0.0,0.0,0.0,32.090158175297006,29.625393786148607,4.432692419242664,4.092228456325589,
904,3449.3265250036693,92,954.1460437494233,911.1764789254277,945.0810380624137,11.0,0.7310732379349633,1.7146213791739926,42.9695648239956,9.065005687009602,4.503457841227523,0.9500647984021032,84.41253291660007
905,2988.6600326021185,128,842.4864186193137,773.9391352989979,789.5577766741521,11.0,0.33701358283043603,0.4619193785565236,68.54728332031573,52.92864194516153,8.13630722174164,6.282432663057314,95.80073292221343
906,2810.6500177245116,100,844.4122009891827,700.6703553243691,757.4003856356204,11.0,0.0,0.9413750019265776,143.74184566481358,87.01181535356227,17.02271064965995,10.30442421978658,91.44204543703111
907,2189.2759137463663,140,703.0336742891793,556.9600454861649,579.8236693426413,11.0,0.19998202715984728,0.10413862806339282,146.07362880301446,123.21000494653799,20.777614806389757,17.525477008069736,99.0532851994237
908,2731.4406085281794,141,828.6391907393909,687.3560571221227,712.2675736816365,11.0,0.23404255319148937,0.23897625655257476,141.28313361726816,116.3716170577544,17.05001829459718,14.043701813562132,97.82748857679478
909,2832.5142871935327,127,932.0354120169405,739.4493056679094,756.6004745849602,11.0,0.29516025511616023,0.4490161624062335,192.58610634903118,175.4349374319803,20.66296021223824,18.822775955726414,95.91803488721607
910,2827.409764728613,152,857.49224683301,742.0395611408799,748.7581788687648,11.0,0.2777558640668571,0.15519708282478972,115.4526856921301,108.73406796424513,13.463991787509844,12.68047243177235,98.58911742886555
911,3057.5552277693782,120,1004.5608238779605,807.5351301395259,817.8517932696618,11.0,0.7365874438057636,0.7237149863260037,197.0256937384346,186.7090306082987,19.61311739968573,18.58613497264762,93.42077285158179
912,3589.148184835283,79,1028.0069573153955,928.743539414404,1011.6960846882458,11.0,0.7643403344007165,2.177352779306548,99.2634179009915,16.310872627149706,9.655909154565887,1.586650023239627,80.20588382448592
913,3437.860313343132,125,1136.5802845685737,925.8476193754481,917.4411608361103,11.0,0.36546650017595794,0.8739130434782616,210.73266519312563,219.13912373246342,18.540939699047843,19.280567040246073,92.05533596837944
914,3149.4075462021074,139,997.3432587483663,822.4837781142795,826.9285759478586,11.0,0.11694726690738699,0.3436475561178446,174.85948063408682,170.41468280050776,17.532527452336705,17.08686365558561,96.87593130801959
915,3155.7807227885746,85,989.7564735212591,810.3441330454813,884.5126936951106,11.0,0.7772441956319727,1.6016624040920733,179.4123404757778,105.24377982614851,18.12691760807404,10.633300477613696,85.43943269007205
916,2441.4283704900135,86,737.1939632602644,645.8551756422866,659.2970371205972,11.0,0.10299168329678988,0.9244021989691864,91.3387876179778,77.89692613966713,12.39006179785155,10.566679872847226,91.59634364573466
917,2552.4314988058245,99,728.3690260919872,664.1145754478541,696.5787684823634,11.0,0.40476953288012685,0.8471748106924678,64.25445064413304,31.790257609623723,8.821689053540043,4.3645812041448435,92.29841081188665
918,2682.0820207123097,144,898.1551799733709,690.0393873880116,720.7284382690815,11.0,0.20479422687620666,0.2009952290262655,208.11579258535926,177.42674170428938,23.171473841695107,19.754575340705586,98.17277064521576
919,3187.9460195320844,119,898.7137198613442,826.946612173058,851.2408361682647,11.0,0.4295712673457171,0.7626963829009872,71.76710768828616,47.47288369307955,7.985536005765949,5.282314339254083,93.06639651908193
920,2387.5671550778834,155,673.1937129229893,620.9725869659428,623.6788867216638,11.0,0.14507235715313607,0.12392674887876311,52.221125957046524,49.51482620132549,7.757221280380616,7.355212214673459,98.87339319201125
921,3107.7959915394576,146,997.3744746455258,820.998188884049,834.0508227566069,11.0,0.40008056688476357,0.36161813452432723,176.37628576147677,163.3236518889189,17.684058520162367,16.3753591094223,96.7125624134152
922,2968.803822508026,121,896.125942242371,765.3008053931109,792.3110456210507,11.0,0.4022239380260336,0.5053000359324469,130.82513684926016,103.81489662132037,14.59896769888138,11.58485562437183,95.40636330970503
923,2812.66835796248,131,880.2294058377855,737.8530418464857,730.1976532825871,11.0,0.47090735247847115,0.3064077254028525,142.37636399129985,150.0317525551984,16.174915658014033,17.044619454902335,97.21447522361044
924,2325.2408154871355,104,755.5599413493312,605.3570640846128,624.8816744312736,11.0,0.15004357784906727,0.2833202839078112,150.20287726471838,130.6782669180576,19.879677183053897,17.2955525784868,97.42436105538353
925,2323.176650255455,85,702.6083186820244,599.7067671266899,612.6536859290413,11.0,0.5696033248850473,0.8929858056650304,102.90155155533455,89.95463275298312,14.645649477700553,12.80295583771666,91.881947221227
926,2386.131597929357,109,782.3227524034176,616.3943949425368,641.4737821158083,11.0,0.5375172632096838,0.41838430281878486,165.92835746088076,140.8489702876093,21.209706217941758,18.00394656232345,96.19650633801105
927,3395.9058787503545,124,951.8746039505388,905.863708309017,905.2535820183807,11.0,0.6314780259078987,0.7594349380422315,46.010895641521756,46.6210219321581,4.8337139630119355,4.897811301895036,93.09604601779789
928,2647.3478133908566,92,715.2824335603601,669.9931271902941,714.3236991543963,0.0,0.0,0.0,45.289306370066015,0.9587344059638099,6.331667638562832,0.13403578236804353,
929,3078.122434166956,95,864.5285377800293,793.9883744176262,837.0494679705438,11.0,0.2549346542414736,1.176230864547022,70.54016336240306,27.47906980948551,8.159379393482938,3.1785034974145967,89.30699214048161
930,2696.833540108686,79,794.7457863806673,695.0072125880722,736.292308321953,11.0,0.5216602481864966,1.333064576487306,99.73857379259505,58.45347805871427,12.549745528920903,7.35499062221089,87.88123112284268
931,2766.0590546866256,135,824.8614372743959,686.4531190120746,727.28684589494,11.0,0.006022375145218335,0.2953780836237701,138.40831826232136,97.57459137945591,16.77958406198093,11.82920997032827,97.31474469432936
933,3352.1064432064577,143,1054.3306241470236,875.4133565836839,883.7660992362895,11.0,0.40110312093741174,0.5054892412358735,178.9172675633397,170.56452491073412,16.96974966539435,16.17751784917796,95.40464326149205
934,3301.3439895811584,108,1089.1682619493433,861.3331361716802,893.2176815795658,11.0,0.5092592592592593,1.2001811594202916,227.83512577766317,195.95058036977753,20.918267060949272,17.99084560351347,89.08926218708825
935,2305.395081212195,124,700.842136404361,593.7471324004183,616.9280294143963,11.0,0.2970510454497678,0.2456669657142543,107.09500400394268,83.9141069899647,15.280902565788749,11.973325037287603,97.76666394805224
936,3335.720908319627,153,1048.8460071772104,848.7275498298229,897.0943826321044,11.0,0.2986792941176297,0.32753761636825185,200.11845734738745,151.75162454510598,19.07987025530774,14.468437073381205,97.02238530574317
937,2470.1762996465,124,793.9520038013517,639.797434488655,660.8321508748397,11.0,0.26053254926459357,0.22662940962712208,154.1545693126967,133.11985292651195,19.41610683953466,16.766738075998205,97.93973263975344
938,3124.729938717547,101,981.4080468704384,817.8357889871786,829.6888964336237,11.0,0.10891089108910891,1.0042557177922493,163.5722578832598,151.71915043681474,16.667099725223057,15.459334261689023,90.87040256552501
939,2163.8537151627515,104,656.376078997276,561.7072620763889,577.073494679549,11.0,0.3291447684514791,0.2749402772023282,94.66881692088702,79.302584317727,14.422953539914108,12.08188214885511,97.50054293452429
940,2431.3496112971943,135,777.3734651640548,636.8241277048277,638.9364644288335,11.0,0.08148148148148149,0.15314005025313945,140.5493374592271,138.43700073522132,18.08002765177558,17.808300249353888,98.60781772497145
941,3214.171422959579,113,1045.5966426243717,845.0487227257871,851.4876147299906,11.0,0.6814159292035398,0.799961228940801,200.5479198985846,194.10902789438114,19.180237552716683,18.56442723526556,92.72762519144726
942,2439.5997975249747,144,783.6245728802278,617.0511178700424,632.6138883913173,7.414853544119664,0.25576185477943997,0.14555647708877434,166.5734550101854,151.01068448891044,21.25679321131308,19.2707949335825,98.03696086210351
943,2564.1747524927873,146,799.8418133541801,616.780077205716,691.102426795547,11.0,0.2615074563802642,0.15727874881623796,183.0617361484641,108.7393865586331,22.887242588729485,13.595111526193982,98.57019319257965
944,2983.584986165802,80,816.2442268587757,784.6898180913008,830.9255719996817,11.0,0.644222993574355,1.902173913043479,31.55440876747491,-14.681345140905933,3.8658048325693537,-1.7986461230366604,82.70750988142292
945,2788.9816642890564,135,882.2704373114392,709.9637230167295,732.4657319686746,11.0,0.24444444444444444,0.2076941803211834,172.30671429470965,149.80470534276458,19.52992041984127,16.9794542588628,98.11187108798924
946,2895.418901085032,107,855.1776693502102,750.1362482917849,777.3080083097025,11.0,0.37769189079405374,0.7339496139780581,105.04142105842527,77.86966104050771,12.282993911456892,9.105670532729816,93.32773078201765
947,3544.4869735828834,119,1013.3785953072485,920.9574248646692,967.0951271401427,11.0,0.6313190944471381,1.0298684691267828,92.4211704425793,46.28346816710575,9.12010287868355,4.567243514066228,90.63755937157471
948,2944.3888832652315,98,924.2875543972091,752.9356220226053,799.4490704753264,11.0,0.43849105556060125,1.1063664596273304,171.35193237460373,124.8384839218827,18.538812035217113,13.506455142447352,89.942123094297
949,2905.417035782158,107,824.7554910486147,762.5042694183661,786.9848303106191,11.0,0.3786411036261148,0.8167760081364771,62.25122163024855,37.77066073799551,7.547839608936801,4.579619189921725,92.57476356239567
950,3159.672847064016,104,902.9591376128637,821.9233652440494,859.6616031727956,11.0,0.7408333963902141,0.9734992584649208,81.03577236881438,43.29753444006815,8.974467281326499,4.795071297969589,91.150006741228
951,2299.8779285790088,81,689.862472974597,567.7824466074865,609.9312078757648,11.0,0.2452167830624654,0.9077234926706245,122.08002636711058,79.93126509883223,17.696284571143206,11.586550686570764,91.74796824844887
952,2700.769963105876,139,853.2551572812137,695.7219700411446,711.2135525200455,10.119564928885458,0.15827338129496402,0.19447918056906335,157.53318724006908,142.04160476116817,18.462611786845574,16.64702563460211,98.0781863456013
953,2707.7236458294187,89,889.4847786077376,695.1037861863753,729.9344341119908,11.0,0.6179775280898876,1.0395616261049465,194.3809924213623,159.5503444957468,21.85321178015169,17.937388961897955,90.54943976268231
954,3638.0281298853397,107,943.3093248599171,832.0072272373626,997.2992894596207,0.0,0.102803738317757,1.37647297846404,111.30209762255447,-53.989964599703626,11.79910923058913,-5.723463468117547,
955,3618.564629501352,93,1041.9830743526718,953.9057342910229,1008.9389476275428,11.0,0.23655913978494625,1.852501168770453,88.0773400616489,33.04412672512899,8.452857078927757,3.17127288710112,83.15908028390497
956,3199.732875681857,90,875.4783947534204,740.7132896048464,893.6466682702721,0.0,0.12222222222222222,1.5942028985507255,134.76510514857398,-18.16827351685174,15.393310212587341,-2.0752395062780344,
957,2615.239721163521,107,722.8575412619257,667.1648355649336,696.5339909332843,0.0,0.0,0.0,55.69270569699211,26.32355032864143,7.7045202571680695,3.641595864475205,
958,3048.378082438839,150,967.7313178918107,803.6034554433917,820.7036816923129,11.0,0.29632320831856007,0.26840639274180467,164.12786244841902,147.0276361994978,16.960065197225333,15.193022431039585,97.55994188416541
959,2953.019628285318,152,851.9372088713295,738.2189870359849,781.1737969103526,11.0,0.07236842105263158,0.11362130693662073,113.7182218353446,70.7634119609769,13.348192877501114,8.30617693699824,98.9670790278489
960,2961.5365487474796,108,905.5639731884779,772.5015131051504,784.6856226758168,11.0,0.3778344878283495,0.8153673926315871,133.06246008332755,120.87835051266109,14.693877409324987,13.348405423754892,92.58756915789466
961,2727.053602916158,117,787.4527668189405,699.297046846362,712.361062064591,11.0,0.3390589084406328,0.36750418480374275,88.15571997257848,75.09170475434951,11.195048603194275,9.536026529908098,96.65905286542052
962,2466.9563848537714,155,789.0826936061394,625.0057020398938,649.7836431466748,6.299834395888985,0.274188206319,0.14957390056864936,164.07699156624562,139.29905045946464,20.793383620721325,17.653289267169505,97.6257486916441
963,2246.5272863102796,96,717.297354402981,578.8932814675236,598.6067261022197,11.0,0.10738199385412399,0.3278303634193414,138.4040729354574,118.69062830076132,19.295215866319975,16.546921241546972,97.01972396891507
964,3535.451314335654,152,1020.8055608154665,920.3359875787891,953.7094202648898,11.0,0.41903095483249275,0.5436148186588861,100.46957323667743,67.0961405505767,9.842185142135953,6.572861975494845,95.05804710310105
965,2576.358238221567,86,737.6118919950278,684.2243064709479,684.9459801630852,11.0,0.3786356664915181,1.1916606832772771,53.387585524079896,52.665911831942594,7.237896528441515,7.140057312456889,89.16672106111567
966,3529.515857772078,95,1036.615957831765,939.5973551333566,970.6266584416512,11.0,0.4250892277215558,1.8352722940831117,97.01860269840836,65.98929939011373,9.35916546194572,6.365838659105738,83.31570641742626
967,2647.687635632137,104,831.0945279149947,693.4709316449444,692.0833179087209,11.0,0.586701555957399,0.6131718192308792,137.62359627005037,139.0112100062738,16.55931926483899,16.726281468248583,94.42571073426474
968,2895.1565175506075,80,861.6658594939242,740.1526756098167,803.6195018625066,11.0,0.6292045715948722,1.4854102620336724,121.51318388410755,58.04635763141766,14.102123525640783,6.736527505628411,86.49627034514843
970,2467.082632703782,145,783.1851547686344,596.7722862444022,646.3790153774448,11.0,0.10336376288101971,0.12379582446899562,186.4128685242323,136.80613939118962,23.801889934864978,17.467917842697663,98.87458341391823
971,2542.9885911711517,108,801.6602453752093,671.3029635126753,665.1366957375039,11.0,0.33680316662609266,0.37331301648534915,130.35728186253402,136.5235496377054,16.260913849048553,17.030101021637524,96.60624530467864
972,2534.1619447676458,144,771.7107120687059,662.2521202786772,667.989964682603,11.0,0.1128977481682398,0.15804972728449154,109.45859179002866,103.72074738610286,14.183889128168989,13.440366417625746,98.56318429741371
973,3233.493457572383,139,1034.5415934202763,840.108683435468,856.8083797597043,11.0,0.36381831185850744,0.5240267661888725,194.43290998480825,177.733213660572,18.79411240895571,17.179900237067507,95.23612030737388
974,2465.36071874271,141,747.6186271764118,640.8792218593861,643.8416607351533,11.0,0.21280317447195105,0.10179219378279736,106.73940531702567,103.77696644125854,14.277253326359258,13.881003317587325,99.07461642015639
975,2797.7378638559,141,898.1828662085984,736.4649087848084,739.0189263944039,11.0,0.07801418439716312,0.23268751942054136,161.71795742379004,159.16393981419446,18.005014736746478,17.720660881236345,97.88465891435871
976,2788.772412566509,123,788.800998652009,721.5106049340416,744.6806610048444,11.0,0.4007236911210702,0.3517719865029287,67.29039371796739,44.12033764716455,8.530718626492705,5.593342011808086,96.80207284997337
977,2991.4817478134,86,800.0899398636445,780.7128535010012,813.4397730982269,0.0,0.0,0.0,19.377086362643354,-13.34983323458232,2.4218635177372305,-1.6685415688213086,
978,3028.629794415696,150,829.7721030536449,836.9810967139147,851.6510869565218,0.0,0.0,0.0,-7.208993660269812,-21.87898390287694,-0.8687920012904736,-2.636746140580055,
979,2343.9732055722275,126,721.7412327552984,591.5471717114165,606.8105383076064,11.0,0.0,0.1376459963593156,130.1940610438819,114.93069444769196,18.038883624101235,15.92408597870124,98.74867276036986
980,3664.909037534358,149,1159.2855365888547,955.819327271836,969.4395877856724,11.0,0.39064863473654104,0.47011533338043515,203.46620931701875,189.8459488031823,17.551000413212165,16.376116393360295,95.72622424199604
981,3130.4865484650045,153,918.2772092754099,817.1206176191774,827.6305649425078,11.0,0.290717482171016,0.2582904514916247,101.15659165623242,90.64664433290204,11.015910079708133,9.871381258000413,97.65190498643977
982,3356.8694852076646,92,949.5307004200027,868.8623680139744,927.0635953976064,11.0,0.7426207891241844,1.539936830630451,80.6683324060283,22.467105022396368,8.495600233920456,2.3661272892449468,86.0005742669959
983,2661.34203405834,109,796.5931573393805,691.1929886009251,715.6125525078176,11.0,0.4036697247706422,0.6165317271860566,105.40016873845536,80.98060483156291,13.23136757670524,10.165867492766065,94.39516611649039
984,2515.5907312404734,93,727.44943215954,647.2124190563916,667.1540959886598,11.0,0.4753165977621715,0.6311360448807852,80.23701310314846,60.295336170880205,11.029909373212808,8.288594850075652,94.26239959199286
985,3628.637940977128,82,1007.8180879565739,945.0213641125996,990.626071225143,11.0,0.6865727282756418,2.217484206718439,62.79672384397429,17.19201673143084,6.23095820509625,1.7058650699839029,79.841052666196
986,2533.133936195091,154,769.344943241814,631.2616908631279,667.1817361705255,11.0,0.3215392903332717,0.13158139218825105,138.0832523786861,102.16320707128853,17.948158831959066,13.279245931064429,98.80380552556134
987,2432.0464488098205,150,702.9755091726539,636.8734950314389,631.9909205351554,11.0,0.07333333333333333,0.10530331849560016,66.10201414121502,70.98458863749852,9.40317454572661,10.097732810214358,99.04269710458546
988,2944.2960810226364,151,974.9271065313621,765.5805743779177,776.4461769063884,11.0,0.28605420057008546,0.1763507741376063,209.3465321534444,198.48092962497378,21.47304457440583,20.358540479106978,98.39681114420358
989,2951.3478773218458,147,887.1413386658222,757.7980011691126,784.3505117530889,11.0,0.2220821716114507,0.2697544316259901,129.34333749670964,102.79082691273334,14.579789246573712,11.586747503765425,97.54768698521828
990,2730.807750503408,129,822.0649059440066,708.8193874112692,727.2108962622953,11.0,0.6047274378958862,0.1938587545370016,113.24551853273738,94.85400968171132,13.775739325922629,11.538506144206103,98.23764768602726
991,3250.959872206162,119,1033.3440696250266,832.3434385752565,870.3120847899619,11.0,0.7763790742188683,0.7793112031671623,201.00063104977005,163.0319848350647,19.45147187254947,15.777124931313994,92.91535269848035
992,3077.291699092036,156,858.4747289190785,759.7206862894785,819.0465162774392,11.0,0.13744585312384033,0.28841577902036986,98.75404262960001,39.428212641639334,11.503430363517287,4.592821583843723,97.3780383725421
993,2294.0151953561663,121,694.0698168525222,607.2185548915749,603.7866499231338,11.0,0.18181818181818182,0.19654356276192042,86.85126196094734,90.28316692938836,12.513332211275474,13.00779327053952,98.213240338528
994,3315.7847349622707,128,1072.5277050875059,858.4058958773342,892.8314218461136,11.0,0.5739954545319143,0.6275863471628123,214.1218092101717,179.69628324139228,19.964221734738484,16.754465398796494,94.29466957124716
995,2927.7938141687446,94,812.7004900688067,777.9121766326049,788.2141367724518,11.0,0.47718250120169764,1.1621184088806673,34.78831343620186,24.48635329635499,4.2805823130802505,3.0129615517128423,89.43528719199394
996,2872.379979787043,136,835.3135377363934,740.3339735248951,753.628116324127,11.0,0.1019926717034663,0.34345145593890203,94.97956421149831,81.68542141226646,11.370528540562427,9.779013235392407,96.87771403691907
997,2203.3631005319953,142,648.9244274674777,564.1343960007096,585.7780959501744,11.0,0.16008330607841728,0.14212007204660806,84.79003146676814,63.14633151730334,13.06624128755233,9.730922252956498,98.70799934503084
998,3660.793455184648,131,1140.8505028488673,967.8918533295115,987.4955603762647,11.0,0.16793893129770993,0.9576827849742655,172.95864951935584,153.3549424726026,15.160500791948927,13.442159344248289,91.29379286387032
999,2611.2095485119253,117,747.3647479151641,648.982989891203,675.886814651207,11.0,0.5086962157034886,0.33106708155261516,98.38175802396108,71.47793326395708,13.163821052358324,9.563995821765838,96.9902992586126
