driver_id,model,ac_kW,annual_km,annual_kWh,sessions,location,plugin_hour,window_h,has_solar,pv_kwp,cost_fix,cost_unc,cost_po,cost_sm,cost_sm_ext,peak_kwh_unc,peak_kwh_sm,peak_kwh_sm_ext,sc_kwh_total,solar_value_total,ere_revenue_ext,ere_revenue_grid_only,value_baseline_smart,value_extended
0,Renault Megane E-Tech,22.0,9324.599314145613,1242.9690885756102,40,public,10,6,True,5.81036510515088,430.98602093002165,300.1958531926909,277.7835246394245,282.3867565533744,192.52521644288262,0.0,0.0,0.0,415.47771647880916,103.45395140322347,143.90437196595775,101.72797605682524,250.32724043347247,485.8191278563202
1,Kia EV3,11.0,12974.34348824048,1737.2645930754004,40,private,19,12,False,0.0,602.3776143381004,504.39222195646306,432.7758765567542,437.54699529720693,437.54699529720693,1320.0,11.536119188880457,11.536119188880457,0.0,0.0,154.54615935439375,142.18246660604234,307.01308564693585,319.37677839528726
2,Peugeot e-208,11.0,11025.80000446571,1371.6095205555341,45,private,13,12,False,0.0,475.59069245349525,331.0874041645129,313.52411069267833,334.15029143882566,334.15029143882566,0.0,140.7744987117491,140.7744987117491,0.0,0.0,122.01767328978138,112.25625942659893,253.69666044126853,263.458074304451
3,Skoda Enyaq,11.0,10330.677309366822,1461.7908392754052,40,private,16,14,False,0.0,506.86008448788476,442.55506045363427,348.8000724553061,358.1635586238983,358.1635586238983,1148.9030861689198,6.026924980309924,6.026924980309924,0.0,0.0,130.04015674407108,119.63694420454537,268.3334700685318,278.73668260805755
4,Tesla Model Y,11.0,10717.461571936557,1766.2376670551448,40,private,18,14,True,6.74073842257417,612.4237128158602,536.3663438172156,443.2993068935945,448.5569117915312,442.5705660285042,1760.0,10.054347826086957,45.92123196850964,28.365958654997225,7.063123705094308,159.39916511624935,144.55370190319815,308.42050292752714,336.31543560869966
5,Cupra Born,11.0,11438.637220309503,1576.2442089586496,46,private,18,12,True,2.4577991718528445,546.5455463671834,504.92404020740673,392.5210596457018,396.6017112088187,395.3905451417552,1713.308922781141,3.2784548430682765,22.643939567849234,6.773960116028398,1.686716068891072,140.76529043716317,129.00411975040112,278.94795490876584,293.6070077314825
6,Renault Megane E-Tech,22.0,12300.823097320617,1639.6997188728385,46,private,18,14,False,0.0,568.5480546961254,520.4542508092165,396.49086433789336,398.67259319325393,398.67259319325393,1782.282303122649,0.0,0.0,0.0,0.0,145.86683862455138,134.19749153458736,304.07295303745883,315.7423001274228
7,Renault Megane E-Tech,22.0,8760.630219214056,1167.7920082212336,40,workplace,10,7,True,3.173361327307971,404.91918545931884,277.60194947285515,237.46929757990225,242.1114736185079,189.20542493786343,0.0,0.0,0.0,267.51378943380143,66.61093356901655,125.34668439293704,95.57527901825617,258.38299085906715,407.671378483409
8,Tesla Model Y,11.0,8668.923084559414,1428.6385243353914,40,private,21,15,False,0.0,495.36487963368467,399.2504935330105,311.00196175629634,332.7004121500413,332.7004121500413,440.0,0.0,0.0,0.0,0.0,127.09094395972693,116.92366844294875,279.58813592659214,289.7554114433703
9,Kia EV3,11.0,13369.247481731541,1790.1422378038533,40,private,20,12,True,5.711663274269732,620.712362890684,510.2529895281319,446.56537786993187,452.77108903563504,451.33814401923127,880.0,3.8043478260869565,10.896621321385126,8.257391023478622,2.056090364846176,159.91255232125062,146.51011708932316,314.45139094437206,331.3428615575495
10,Tesla Model 3,11.0,10046.98224987164,1175.4969232349818,40,private,21,13,True,4.371212907126933,407.5907809912603,310.3776927863601,264.63529073666024,272.02556639514313,265.39811702211756,440.0,0.0,0.0,32.777637968906625,8.161631854257747,107.20108826333974,96.20587025116983,231.771084847287,257.5553840867402
11,Ford Mustang Mach-E,11.0,7847.115817212845,1190.4074694711887,40,public,17,6,True,4.853653030601231,412.7608508275102,367.65246835039983,326.87037466484924,334.63424248192194,324.65082789834696,1293.9211624686836,876.264117161386,876.8297405022121,37.86756020094744,9.429022490035914,108.93584687005861,97.42618997146894,175.55279831705718,206.47489228925775
12,Hyundai Kona Electric,11.0,11921.949833548999,1484.2827542768503,40,public,17,5,False,0.0,514.6589115372991,472.14468233485513,442.20267442255863,447.86114708402255,447.86114708402255,1613.3508198661427,1613.3508198661393,1613.3508198661393,0.0,0.0,132.04102586547847,121.4777437962401,188.27550824951666,198.83879031875503
13,BMW iX1,11.0,11964.779875211585,1665.4973586294527,42,public,17,5,True,2.7064463354355026,577.4931058726039,541.4144417237643,505.5426946195134,511.86067203620075,505.6962322495917,1810.3232159015786,1810.3232159015752,1810.3232159015754,20.634535842902444,5.137999424882708,149.81712861243943,136.30884064503934,201.9412744814425,226.75200166033437
14,Kia EV3,11.0,7597.733586607813,1017.3365272467861,40,workplace,10,9,False,0.0,352.7503828170918,245.47416704713513,232.89379893715017,239.92694604261857,239.92694604261857,0.0,9.366115611238374,9.366115611238374,0.0,0.0,90.50173110280134,83.26159261457721,196.08502938905045,203.32516787727457
15,Volvo EX30,11.0,11452.564956865297,1540.3699866983825,40,workplace,9,9,True,6.298401506209935,534.1065497356345,360.77983571979826,337.1236437032551,347.39714218613,226.74780368897368,0.0,13.58695652173913,36.966575725499524,572.8055145692072,142.6285731277327,182.98216456564154,126.06807567923941,312.77748322874396,632.969483740035
16,Volkswagen ID.4,11.0,12560.926972418138,1787.4199081751012,40,private,18,13,False,0.0,619.7684246824535,553.2994232217304,455.1082795829881,460.34659023120287,460.34659023120287,1760.0,16.164125444298982,16.164125444298982,0.0,0.0,159.0079502357394,146.2873142168802,305.70914866813087,318.42978468699005
17,Tesla Model Y,11.0,11769.906329236715,1939.6805630582107,43,public,2,6,False,0.0,672.5631517560537,490.06570659823956,483.98803245609594,488.15616502603456,488.15616502603456,0.0,0.0,0.0,0.0,0.0,172.5529793158018,158.74874097053777,343.1557277005569,356.9599660458209
18,BMW iX1,11.0,12334.039449437456,1716.898291361694,44,private,0,14,True,5.949529908677938,595.3158205917175,436.7397038753742,370.65925851944013,392.2999740733821,315.70484970112767,0.0,0.0,0.0,370.6308997128801,92.28709402850711,182.4671638960049,140.51563299598675,343.5314795143222,554.3652288151019
19,Volkswagen ID.3,11.0,7874.650675181259,1069.377561689615,40,private,20,15,False,0.0,370.79504584672515,310.6514831640191,239.5348761466198,251.12771376729555,251.12771376729555,880.0,0.0,0.0,0.0,0.0,95.13127460125668,87.52077263315616,207.18810471258575,214.79860668068628
20,Renault Megane E-Tech,22.0,11674.97793944167,1556.2745593275745,44,workplace,7,9,True,3.2694554396119284,539.6212874190179,435.4860473644875,328.4604614513269,335.62233992318056,276.8587557861323,0.0,0.0,0.0,288.9944276915287,71.95961249519065,161.6291125367032,127.36974922726833,331.3686967231057,496.35125666477944
21,Tesla Model 3,11.0,10287.262726759722,1203.6097390308873,40,private,18,12,False,0.0,417.3385942944058,364.90231848934894,290.58867886107487,293.1757030818142,293.1757030818142,1308.2714554683564,1.1850472562741123,1.1850472562741123,0.0,0.0,107.07249964697499,98.50669967521696,222.66959088780857,231.2353908595666
22,MG4 Electric,11.0,9892.689552393027,1406.7404543502885,40,private,18,14,True,6.92682281084111,487.77196188885,468.4993849565782,359.4248949995116,363.55139307247015,358.05380697198916,1529.065711250314,8.15217391304348,41.32239372697267,27.032400887531857,6.73106782099543,127.31149830218513,115.13147074502528,239.35203956140515,263.76072104004135
23,Audi Q4 e-tron,11.0,12856.5167846292,1914.335349231288,42,private,13,15,False,0.0,663.7749743530227,484.8598334577733,427.15959006965954,445.01520111955034,445.01520111955034,232.79929264270456,66.10614381276275,66.10614381276275,0.0,0.0,170.298282207152,156.67441963057996,375.4341928640523,389.05805544062434
24,Renault Megane E-Tech,22.0,14189.611178376565,1891.475170077596,53,private,21,12,False,0.0,655.8484557116883,517.6658498589665,435.201033480021,438.62675039805265,438.62675039805265,1166.0,2.445652173913044,2.445652173913044,0.0,0.0,168.26465249729765,154.80348029751377,372.0251856111494,385.4863578109333
25,Volvo EX30,11.0,14879.670419574786,2001.3156714328088,53,public,9,6,True,2.0249248264723647,693.9344556381152,467.7294281526468,436.47823727830684,446.72906007475666,407.0965479772719,0.0,0.0,0.0,194.33507490534674,48.38943365143136,193.62596981585943,163.7931261339501,410.99852169730866,528.8533111281341
26,Kia EV3,11.0,13829.429238597932,1851.760575048263,40,private,21,12,False,0.0,642.0778515656474,496.7572360721405,454.39992161847124,461.8399505364297,461.8399505364297,440.0,8.743493887181062,8.743493887181062,0.0,0.0,164.73166267147428,151.5531296577563,331.791030686974,344.969563700692
27,Tesla Model Y,11.0,10709.682142229898,1764.9556170394872,40,public,19,6,False,0.0,611.9791759082573,513.939301440225,481.03503175539964,484.5444239438558,484.5444239438558,1320.0,644.7983626430321,644.7983626430321,0.0,0.0,157.0095385191441,144.44877543761248,271.88352740201395,284.44429048354556
28,Tesla Model Y,11.0,11722.457157027691,1931.8609394781636,43,private,15,15,True,3.8985966324083288,669.8517822755803,571.8854403090425,463.36755305195,479.55044712097134,456.08909830611645,1153.8488472588729,16.768476730995033,61.96627833995895,108.66349185180391,27.057209471099185,180.57456054968696,158.1087616760921,348.41009683070104,421.39445399025
29,Hyundai Kona Electric,11.0,12629.342089207494,1572.353090106333,41,public,8,3,False,0.0,427.29093000000034,333.598231659,333.1763831880001,333.368027349261,333.368027349261,0.0,0.0,0.0,0.0,0.0,109.62587351628005,128.68565998411978,222.6085626348591,203.54877616701938
30,Skoda Enyaq,11.0,11215.379708965822,1586.976228818664,40,private,16,14,False,0.0,550.2667576012543,514.0869547168589,402.1922343186697,408.6052275833056,408.6052275833056,1284.9741617594182,4.076086956521739,4.076086956521739,0.0,0.0,141.1765842280074,129.88245748976678,271.54398750771554,282.83811424595615
31,MG4 Electric,11.0,11236.373571526283,1597.8123218710375,42,public,14,3,False,0.0,437.71266000000037,303.51422296800007,303.51422296800007,303.7549116646957,303.7549116646957,0.0,0.0,0.0,0.0,0.0,112.29967530936005,130.76931286269053,264.72706119799517,246.2574236446647
32,Tesla Model 3,11.0,12754.019358808839,1492.220264980634,42,private,15,14,False,0.0,517.4111570965457,402.6134416226789,350.1545809786366,366.8201927170129,366.8201927170129,697.9785488919938,8.967391304347828,8.967391304347828,0.0,0.0,132.74714271088803,122.12737129401692,272.71833567354975,283.33810709042086
33,Tesla Model 3,11.0,10820.171005203209,1265.9600076087754,40,private,23,15,True,6.877021619131108,438.9578722034775,326.86084325502935,265.93657781056413,281.0978893201505,201.191530865296,0.0,0.0,0.0,396.70700683739045,98.7800447025102,144.44380693241874,103.60961549776293,261.46959838108995,480.9901929731104
34,Kia EV3,11.0,9352.861609341682,1252.3481694908512,40,private,14,12,False,0.0,434.23811529084963,348.2917079853187,299.39010415461127,316.1891421277613,316.1891421277613,41.248010316142434,81.02556650690912,81.02556650690912,0.0,0.0,111.4082452038532,102.49558558754498,220.54455875063334,229.45721836694156
35,Volvo EX30,11.0,10042.30398581947,1350.6898860927186,40,private,20,12,False,0.0,468.33703659084455,396.9696051606924,345.93121849754726,350.7644581243992,350.7644581243992,880.0,3.8043478260869565,3.8043478260869565,0.0,0.0,120.15667343160638,110.54413955707783,228.11671802352316,237.72925189805173
36,Tesla Model Y,11.0,12338.263727236896,2033.3458622486403,46,private,11,13,True,6.5933230753064755,705.0405761492569,453.0507212857359,444.93429714133475,465.8384789312577,339.26568193944564,0.0,318.56362855004164,340.5917313676976,601.8325779493885,149.8563119093977,229.16565467770295,166.41456420055752,405.61666141855676,744.796860796912
37,Kia EV3,11.0,10956.555307727904,1467.0827557047662,40,workplace,19,8,True,3.2433733101808664,508.6949989889353,436.2276910230815,383.01782964096395,387.3330214552688,386.874326337286,1320.0,100.87162565657502,111.9450894003631,3.31436348537609,0.8252765078586466,130.77680801105097,120.07004906030464,241.43202659397116,253.42275717055895
38,Volvo EX30,11.0,11695.05984934166,1572.985549736453,41,public,10,3,False,0.0,427.29093000000034,286.78902071600004,286.56433460600005,286.6671889356958,286.6671889356958,0.0,0.0,0.0,0.0,0.0,109.62587351628005,128.73742220306883,269.3611632673734,250.24961458058462
39,Hyundai Kona Electric,11.0,12417.473540422796,1545.975455782638,41,workplace,10,8,True,2.487723533864913,536.0501852115883,326.45001893428423,317.5479861170273,326.5868678723082,280.562340800677,0.0,19.47112702983234,30.931215688829212,228.35313369250883,56.85993028943469,155.84813911808453,126.52684253839267,335.9901598776728,468.19591381843054
40,Kia EV3,11.0,10129.097196254235,1356.286114578442,40,private,18,13,False,0.0,470.2774679896992,434.559267484043,339.3538585429304,343.3796815352876,343.3796815352876,1474.2240375852634,4.891304347826087,4.891304347826087,0.0,0.0,120.65451102225636,111.00215014047583,237.8999365948874,247.55229747666795
41,BMW iX1,11.0,12606.183478349276,1754.7807401862194,45,private,9,12,False,0.0,608.4511479558739,434.64523259992706,408.4361836612109,423.22865018379537,423.22865018379537,0.0,249.1635980856251,249.1635980856251,0.0,0.0,156.10438673866997,143.6160357995765,328.83853357165503,341.3268845107485
42,Skoda Enyaq,11.0,11779.665301573883,1666.8226401727045,40,public,19,4,True,5.07303109626213,555.8256000000002,468.35656581999996,467.61031671199993,467.97918104539144,466.3424923470034,1320.0,1304.429565217388,1304.429565217388,5.680564643835787,1.4144605963151105,143.0584689861808,136.417305296606,224.2637242512148,233.95603723549277
43,Tesla Model 3,11.0,8245.759339663862,964.7538427406719,40,public,12,3,False,0.0,334.5179085155155,210.5833986733369,210.01512600499052,211.11433263101495,211.11433263101495,0.0,0.0,0.0,0.0,0.0,85.82400269496105,78.95808247936424,202.3616583638648,209.2275785794616
44,BMW iX1,11.0,14108.647492697875,1963.9237309835444,50,private,18,15,False,0.0,680.9692067214676,617.9876489214847,478.667719603257,490.10267708245806,490.10267708245806,2134.69970759081,8.423913043478262,8.423913043478262,0.0,0.0,174.70963899123544,160.73286787193652,351.599397510946,365.576168630245
45,BMW iX1,11.0,9853.369011172354,1371.5889663551916,40,public,17,6,False,0.0,475.58356550794105,466.27119354283406,393.2922593381971,400.93969552536015,400.93969552536015,1490.8575721252078,1056.3795353006947,1056.3795353006947,0.0,0.0,122.01584479875352,112.25457721485326,186.89844719743417,196.6597147813344
46,Tesla Model 3,11.0,7325.341198424448,857.0649202156604,40,private,18,13,True,3.0778535516510916,297.1779451617342,270.19720139506285,211.3024633267119,212.649879600289,210.86061417851244,931.59230458224,0.0,23.277799059551956,10.327779799255216,2.5716171700145485,77.07256780041529,70.14452771529234,154.67259327673753,165.96151595365163
47,Volvo EX30,11.0,8661.354276005997,1164.9521501228066,40,public,6,6,True,3.34949671978171,403.9344955317121,342.14135043013147,279.996827726368,298.288866026783,278.0644935331838,0.0,0.0,0.0,89.6591106990072,22.325118564052797,110.82618053140064,95.34285729570745,200.98848680063657,259.0213010939818
48,Hyundai Kona Electric,11.0,8713.911098114475,1084.8819317152522,40,public,9,4,False,0.0,376.1710176273535,263.0975764518442,240.4989111230487,245.11968846306922,245.11968846306922,0.0,0.0,0.0,0.0,0.0,96.51053533691108,88.78969250995826,219.8410216742425,227.56186450119532
49,Tesla Model Y,11.0,11064.25956786,1823.389976783328,41,workplace,8,9,True,4.2095053687253525,632.2406549933493,430.81281424212744,387.7328894626952,402.18145592887845,323.1134166968928,0.0,0.0,0.0,377.65360125182144,94.03574671170348,192.5039848298238,149.23120261424435,379.29040167871517,595.6669698379837
50,Volvo EX30,11.0,10350.26739285374,1392.1109643388281,40,private,16,12,False,0.0,482.6993452435721,440.19658796927536,349.70787808408215,356.6359807733876,356.6359807733876,1073.1640916726387,18.592987192327612,18.592987192327612,0.0,0.0,123.8414711214746,113.93415343175658,239.9975179019411,249.90483559165912
51,Tesla Model Y,11.0,10212.337990867101,1682.9933008948983,40,private,10,13,True,6.4140466607229,583.5596336798612,409.509615727598,394.95009933518634,410.57812687209696,275.5897638188594,0.0,355.5697419694156,356.98023687508356,591.0901040985268,147.18143592053312,197.1366885353509,137.74075621899016,310.72226302675443,652.2879943168858
52,Renault Megane E-Tech,22.0,12307.14730440663,1640.5427356774037,46,private,21,14,False,0.0,568.8403616098828,459.73291098803685,366.3911361160312,374.075388167129,374.075388167129,1012.0,0.0,0.0,0.0,0.0,145.94183296331613,134.26648632625074,329.0314597690046,340.70680640607
53,Hyundai Kona Electric,11.0,11694.327041012022,1455.9437166059965,40,public,16,3,False,0.0,416.8692000000003,367.838225293,367.780262905,368.0661932386524,368.0661932386524,866.7999999999996,869.9943478260859,869.9943478260859,0.0,0.0,106.95207172320004,119.15839975771883,167.96140651906677,155.755078484548
54,Skoda Enyaq,11.0,11642.144836710986,1647.3634943946047,40,private,19,15,False,0.0,571.2053855563904,474.6082405814886,390.7150156291338,401.13801458097225,401.13801458097225,1320.0,8.423913043478262,8.423913043478262,0.0,0.0,146.5486041297968,134.8247157994132,304.89208677483134,316.61597510521494
55,Renault Megane E-Tech,22.0,11847.524321549838,1579.2749920625931,44,workplace,9,8,False,0.0,547.5964374651818,391.3218149619461,336.43074353381456,343.6140808173807,343.6140808173807,0.0,0.0,0.0,0.0,0.0,140.49148619074035,129.25216729548103,333.23452394328217,344.4738428385415
56,Kia EV3,11.0,12299.334922924902,1646.8809461796443,40,public,12,4,True,5.658135077151167,555.8256000000002,370.19475680000005,370.16091745600005,370.4363389396523,300.7599348019865,0.0,0.0,0.0,327.6991780207181,81.5970953271588,168.89147066191563,134.7852227390395,320.1744837993875,505.5542311870882
57,Volkswagen ID.4,11.0,6333.5821815074,901.2687444285029,40,private,18,13,False,0.0,312.5051407311874,290.86042460063294,219.05134257664605,220.95798207727407,220.95798207727407,979.6399395961995,0.0,0.0,0.0,0.0,80.17640119574841,73.76228910008852,165.30944775400184,171.72355984966174
58,Tesla Model Y,11.0,10151.88022754083,1673.029861498729,40,private,16,15,False,0.0,580.1049193674937,543.7469744709322,392.1754817130328,401.25040238732794,401.2504023873279,1378.510719020357,3.260869565217391,3.260869565217391,0.0,0.0,148.83187086782473,136.92532119839873,315.77983817856455,327.68638784799055
59,Tesla Model Y,11.0,6175.339958768052,1017.6960252049751,40,workplace,9,7,False,0.0,352.87503482650743,255.11384225935723,232.02294221569582,240.42250442987208,240.42250442987208,0.0,0.0,0.0,0.0,0.0,90.53371185516075,83.29101490674783,195.7435453033832,202.9862422517961
60,Hyundai Kona Electric,11.0,11028.971239687173,1373.106919341053,40,private,18,15,True,6.0788180579770685,476.1098992062995,454.08404041601176,334.42888649335623,339.64697854918563,332.94488997814386,1492.507521022883,0.0,30.32403663421072,34.68155750948519,8.63570781986181,124.93310765332437,112.3788106221201,248.84173127923395,276.7338247013418
61,Kia EV3,11.0,10939.853790828683,1464.8464225919608,40,private,18,15,False,0.0,507.9195747900389,455.31523141856934,357.1370847686927,362.8767067642144,362.8767067642144,1592.2243723825677,3.8043478260869565,3.8043478260869565,0.0,0.0,130.31197985497954,119.88702146658125,264.9298894924057,275.354847880804
62,Volkswagen ID.4,11.0,13239.7156817894,1884.0115415186315,41,private,23,15,True,6.345459352592645,653.2605236352643,488.97724259201425,383.68831376314444,412.4112285469072,345.42395677101007,0.0,0.0,0.0,357.23838890346167,88.95235883696195,196.25909714703965,154.19263660532394,395.04193169368114,593.0480228482559
63,Renault Megane E-Tech,22.0,13550.919320059254,1806.3375453638987,51,private,14,15,False,0.0,626.3279097511785,391.333040669635,361.4046802222622,369.2119002570117,369.2119002570117,0.0,0.0,0.0,0.0,0.0,160.69085345223368,147.83558517605508,404.9515946702219,417.8068629464005
64,Volkswagen ID.3,11.0,11394.077355672685,1547.3157049003505,45,workplace,10,9,False,0.0,536.5149020252295,366.3643612060604,352.8253769148953,362.6886566871523,362.6886566871522,0.0,52.32042765459784,52.32042765459784,0.0,0.0,137.64840454024437,126.63653217702486,300.46277751510206,311.47464987832166
65,Volkswagen ID.4,11.0,9854.20924050079,1402.2539749232624,40,private,10,14,True,5.054793392083493,486.2163239136091,338.3788476885199,313.31802115663214,324.4448054532588,220.95025371995945,0.0,234.84385801421908,213.1547662543015,471.58452656618493,117.42454711498009,162.57527782577682,114.76428504754752,276.53580350789775,545.2658951344065
66,Volkswagen ID.4,11.0,12012.502836475165,1709.3791536304159,40,private,17,13,True,5.0440390460279705,592.708641313155,543.8799080394942,431.29808339258557,436.99541729640856,428.4342812400721,1858.0208191634943,6.7934782608695645,63.92798487948334,38.53666297708478,9.595629081294108,155.1569761951859,139.90024628192776,295.6134702986742,329.02696534956294
67,Volvo EX30,11.0,9793.860374259753,1317.2742203379366,40,private,19,13,True,3.336498344052985,456.7505177041319,389.80369193247316,319.0458884867184,322.1606030471077,321.41083544633796,1320.0,1.358695652173913,14.649818072528507,6.439395393090132,1.603409452879443,117.70061476165435,107.80931044743296,242.39922510445712,254.64370647232772
68,Tesla Model Y,11.0,10946.950093339066,1804.0573753822782,40,private,12,15,True,3.109761257235336,625.537285594507,417.7760858485443,389.2116885651983,412.7595057025423,369.4661954591201,0.0,98.64909991607041,107.69110752394025,211.66711817530174,52.705112425650135,177.46838635136893,147.64896985357623,360.426749745541,486.24458891240596
69,Kia EV3,11.0,13109.638534144082,1755.3805997218924,40,private,18,13,True,2.5695362740951104,608.6591427296567,546.6249729316354,434.35210760119674,439.73298962348713,438.65857734533233,1760.0,3.950559775051426,25.122690028459502,7.604329656169004,1.8934780843860812,156.7677850442077,143.66512993799336,312.5912830441629,328.6618285129181
70,Volvo EX30,11.0,9728.480752283162,1308.4806611820852,40,workplace,10,8,False,0.0,453.70144664900585,313.59011615301193,295.05977627901717,303.67453226970355,303.67453226970355,0.0,15.176104923426232,15.176104923426232,0.0,0.0,116.40176262224233,107.08962161246293,257.1165359917652,266.42867700154466
71,Tesla Model 3,11.0,12714.436219941077,1487.589037733106,42,private,6,12,True,5.904594955153899,515.8053293878925,431.4252676957927,355.90113746287017,371.5210835452931,226.1131681504878,0.0,0.0,30.074768057275,614.2464817313707,152.94737395111133,181.6112790712912,121.7483390406162,266.0325848832156,624.2508142598072
72,Peugeot e-208,11.0,12433.508997436142,1546.7285192810562,51,private,22,13,False,0.0,536.311301794192,403.7425812514149,339.69826229177824,358.49138824080467,358.49138824080467,0.0,0.0,0.0,0.0,0.0,137.5961688113566,126.58847530644819,304.4083888598355,315.41608236474394
73,Volvo EX30,11.0,8859.005920483502,1191.5362963050309,40,public,15,4,True,3.581376885924872,413.1522592622878,352.26939426635175,347.20103043972387,352.3126668660449,326.2450646709008,415.1481481576418,499.9787439627766,500.52222222364617,95.744502314226,23.84038107624227,113.67927517001104,97.51857623447488,158.35816863071784,224.42685083764036
74,Tesla Model Y,11.0,13082.828140796108,2156.0500776031986,48,private,20,13,True,3.026299252326011,747.5869290819778,594.8778909780342,529.0845927591682,537.5059473191702,535.2430146904321,1056.0,10.601228098043384,16.503651305506736,12.566290411080711,3.129006312359097,192.80919328641448,176.4570114314572,386.5379931942648,408.28211399031926
75,Volvo EX30,11.0,12479.860296363597,1678.5412098609036,44,workplace,10,8,True,4.268070892273109,582.0159195061176,395.014356597151,386.95092507353286,396.6262163349764,306.4326901568309,0.0,30.757964914076272,43.85288634989167,404.14909669240427,100.63312507640867,181.7438371167894,137.37638496127204,322.76608813241324,557.9601915424847
76,Volvo EX30,11.0,11173.21769334612,1502.797779755053,40,private,22,14,False,0.0,521.0787953715886,410.92422261373304,350.25592048837746,371.25659478116467,371.25659478116467,0.0,0.0,0.0,0.0,0.0,133.68811295250603,122.99306391630562,272.8152645067296,283.51031354293
77,Hyundai Kona Electric,11.0,9280.511626919442,1155.4236975514705,40,private,16,13,False,0.0,400.63060817273777,333.8761461929415,272.5481816278279,278.5483807765698,278.5483807765698,815.8953234255114,1.6304347826086958,1.6304347826086958,0.0,0.0,102.78589432800487,94.5630227817645,216.6452501779325,224.86812172417285
78,Volkswagen ID.4,11.0,9068.338819319502,1290.4246139891652,40,private,17,12,True,6.3741157713702705,447.4407085462434,406.061932649397,320.4160065039265,323.7173196861132,314.2755733580547,1402.6354499882225,5.434782608695652,64.69063450350883,42.329843769507214,10.540131098607299,118.1912939499475,105.61186552552181,229.33525438565198,261.8965602367435
79,Renault Megane E-Tech,22.0,9772.51895658238,1302.6767769124313,40,public,19,5,False,0.0,451.6890128642014,407.6719360027771,340.7271894183744,343.31504903209725,343.31504903209725,1415.9530183830786,222.35946822279618,222.35946822279618,0.0,0.0,115.88545208049327,106.61461591405372,214.98857974615788,224.25941591259743
80,Hyundai Kona Electric,11.0,12138.281874609393,1511.2160933888692,40,public,13,3,False,0.0,416.8692000000003,279.741106854,279.729706839,279.89473464078264,279.89473464078264,0.0,0.0,0.0,0.0,0.0,106.95207172320004,123.68204163558347,260.65650699480113,243.92653708241772
81,Tesla Model 3,11.0,8857.180883390938,1036.2901633567396,40,private,17,15,True,6.822906022181556,359.322350120435,359.40019122196935,258.21330720959935,260.80747026210224,250.14188539041476,1126.4023514747169,0.0,61.77236251144868,51.06031146541438,12.714017554888175,96.28400095165841,84.81280982352058,183.32768968185331,218.17848323656682
82,BMW iX1,11.0,11908.151824477514,1657.61473396727,42,private,23,15,False,0.0,574.7598914516943,430.68552343230704,362.7097708090093,380.2520471402281,380.2520471402281,0.0,0.0,0.0,0.0,0.0,147.46054909827893,135.66370517041673,330.17154948188295,341.96839340974515
83,Tesla Model Y,11.0,8230.555391756321,1356.3955285614418,40,private,18,12,True,2.237367487165472,470.3154060990214,416.96086152133114,336.77448569424,339.9848235441304,339.0700478356217,1474.3429658276543,0.0,18.822806281492614,6.198412907749698,1.5434048140296746,121.16149398493894,111.01110487888822,241.3416874337792,253.9502570623683
84,Tesla Model Y,11.0,10503.08980007892,1730.909199053006,40,private,19,13,True,2.417810160742391,600.1739505412052,529.8031117755211,446.2136171173557,452.141196669969,451.4921708244628,1320.0,11.190717339837287,18.35482536641767,4.376065430531104,1.0896402922022446,154.3318438439362,141.66232384715627,289.69507771839244,304.10326385288084
85,Tesla Model Y,11.0,11190.128582517078,1844.1331903988146,41,workplace,13,7,False,0.0,639.4331388448063,484.1965344379083,479.89109809898605,488.79029374015676,488.79029374015676,200.49259825958083,516.9087221202303,516.9087221202303,0.0,0.0,164.0531344794017,150.92888372104966,301.5717288256992,314.69597958405126
86,Skoda Enyaq,11.0,16304.835017679028,2307.1341550015823,50,workplace,15,8,True,3.2884354563649865,799.9736907016356,709.3570152835579,640.5439534595,654.2220922188263,625.0284897059554,1407.7545163060677,1307.0599204357447,1308.6903552183533,110.90924450168129,27.61640188091864,214.1388305793075,188.82214387876775,334.57374236157705,416.7004334559064
87,Kia EV3,11.0,7933.6787144103955,1062.319579859552,40,public,20,3,True,2.8497029568053365,368.3477673643445,298.11268592934294,294.16631474006135,294.4913623568197,294.27946738804843,880.0,718.2695538005314,718.2695538005314,0.7757472974433001,0.19316107706338176,94.56563224804499,86.9431281742413,160.7995331817661,168.8270933014045
88,Tesla Model Y,11.0,14173.711900613393,2335.8277212210874,52,private,18,15,False,0.0,809.9228729016592,705.1132732552276,582.1167634873086,592.3161387432485,592.3161387432485,2288.0,22.19539551047424,22.19539551047424,0.0,0.0,207.79402554287654,191.17050349944645,408.7772376578571,425.40075970128714
89,Kia EV3,11.0,11278.154886632143,1510.1449393200442,40,workplace,9,7,True,2.9770979420531125,523.62634309032,335.13561881197023,309.4572771285497,319.0779125334331,271.285182572684,0.0,0.0,0.0,246.12710592939848,61.285649376420224,154.08653986357947,123.59437546876715,328.14280602565407,467.7133497576357
90,Tesla Model Y,11.0,11850.466500454959,1952.9568792749772,44,private,2,14,False,0.0,677.1665700964318,530.9082955120065,450.34715067610335,473.7930004832559,473.7930004832559,0.0,0.0,0.0,0.0,0.0,173.73403353739494,159.8353108544033,363.20888046757915,377.10760315057075
91,Skoda Enyaq,11.0,11209.181930320168,1586.0992431403038,40,private,18,14,False,0.0,549.962672349736,490.6039483136608,388.42858141726873,393.93076470584793,393.93076470584793,1724.0209164568503,5.328783780986512,5.328783780986512,0.0,0.0,141.0985680358051,129.8106825929408,285.8425902368288,297.1304756796931
92,Kia EV3,11.0,11923.951731847561,1596.6171368943885,40,public,19,3,False,0.0,416.8692000000003,371.0757590100001,370.45744296,370.74448521,370.74448521,1306.8000000000002,1306.7999999999984,1306.7999999999984,0.0,0.0,106.95207172320004,130.67149566851768,176.796210458518,153.07678651320037
93,Tesla Model 3,11.0,10613.429621447181,1241.7712657093202,40,private,18,15,False,0.0,430.5706888709488,392.0912316293627,305.18071192440215,311.2409185605294,311.2409185605294,1349.7513757710012,1.9503061334054395,1.9503061334054395,0.0,0.0,110.46732931584631,101.62994297057858,220.959713280998,229.79709962626572
94,Volvo EX30,11.0,14134.369897391833,1901.0727511992015,50,workplace,8,7,False,0.0,659.1763126440702,500.3510606039822,446.0169902866859,460.9271905267739,460.9271905267739,0.0,0.0,0.0,0.0,0.0,169.11844834817043,155.58897248031695,353.83809459761324,367.3675704654667
95,Volkswagen ID.3,11.0,9950.328194147858,1351.2545687652791,40,workplace,9,9,False,0.0,468.53283416970027,326.03918253737993,296.8751486194768,307.3863420802183,307.3863420802183,0.0,10.122530911156481,10.122530911156481,0.0,0.0,120.20690730999546,110.5903547251958,271.73684681467773,281.35339939947744
96,Tesla Model 3,11.0,13429.593713072552,1571.2624644294885,44,public,16,5,True,2.9334605914063268,544.8181806010945,505.30553858571017,475.4391152630593,482.1519924398725,467.59732582019257,1223.89398307553,1330.6916714857607,1331.2351497466304,48.303737921551026,12.027630742466206,143.65372201273814,128.59640020786247,191.26258836908443,232.90220753610626
97,Tesla Model Y,11.0,9538.83600673348,1572.0001739096776,40,private,20,14,True,6.688527162679898,545.0739733447683,453.928939270932,383.3169490537566,395.1384352510646,384.4141516150419,880.0,2.717391304347826,10.000042532258103,49.377853258255605,12.295085461305646,143.80551602858515,128.65677636124178,278.5923144549455,316.7604232196172
98,Tesla Model Y,11.0,10818.048456381182,1782.814385611619,40,private,12,15,False,0.0,618.1715097935939,449.0089389244714,402.8723573967203,430.32592961634356,430.3259296163435,0.0,75.1529557397619,75.1529557397619,0.0,0.0,158.59824533134937,145.91038570484133,333.7559658820917,346.44382550859984
99,MG4 Electric,11.0,8602.40201048442,1223.2615658908846,40,public,17,4,False,0.0,424.15265165129557,391.930723354,376.44610700398204,381.3773849823129,381.3773849823129,1329.6321368379176,1329.632136837918,1329.632136837918,0.0,0.0,108.82071599675595,100.11505871701551,142.8903253859982,151.59598266573863
100,Audi Q4 e-tron,11.0,11946.501947561068,1778.834139991843,40,public,19,4,True,5.555813990970788,555.8256000000002,480.6251701240001,479.77393706,480.2234774805218,478.6156078357278,1320.0,1304.3478260869533,1304.3478260869533,5.362580352028374,1.335282507655065,143.0329596261566,145.58463156112978,221.1867540806082,221.57823429808408
101,Skoda Enyaq,11.0,14114.82584566911,1997.2478571621791,44,private,22,12,False,0.0,692.5239852551467,514.218839099114,476.5873231419038,489.14946715386594,489.14946715386594,0.0,0.0,0.0,0.0,0.0,177.67413601447365,163.4602051333157,366.8347232345965,381.0486541157544
102,Volvo EX30,11.0,10780.58996619233,1449.9893504528684,40,public,8,6,True,4.256494591716526,502.76804651572303,366.7438951340429,326.0674984630523,335.23900474903144,282.0041277308525,0.0,0.0,0.0,244.6568036488544,60.91954410856475,148.61717910064132,118.67107821205342,286.200119978745,430.3006419940766
103,MG4 Electric,11.0,10518.820319838438,1495.776249481026,40,private,21,13,False,0.0,518.6441560700516,412.63384770496555,359.2624979294708,370.20709310547915,370.20709310547915,440.0,3.2608695652173916,3.2608695652173916,0.0,0.0,133.0634812522074,122.41840275203079,270.85546571660325,281.5005442167799
104,Renault Megane E-Tech,22.0,8508.98885088124,1134.2482138224693,40,private,18,15,True,2.797465358804281,393.2882393580082,354.9847670281298,261.6938466647653,263.7177239726498,261.20943188002684,1232.8784932852925,0.0,19.92386415357637,16.086145304207893,4.005450180747765,102.19259822262535,92.82996351136536,222.4004788967237,238.27685588135446
105,Skoda Enyaq,11.0,10447.849088720446,1478.3706460539431,40,public,19,4,True,5.366641537009775,512.6089522730517,432.76753716636824,427.1762180282827,427.81781281137455,426.0430410855865,1320.0,1172.142006580372,1172.142006580372,6.2496868084122745,1.5561720152946559,132.0164506269626,120.99388075469459,205.78502021637178,220.13853382972252
106,Kia EV3,11.0,7461.780571209854,999.1324184849996,40,private,6,15,True,3.3530534759759694,346.43830597469025,286.2571093726705,207.01164208175908,216.31889985044472,155.93449730925988,0.0,69.22275150692931,81.90018829877701,303.34047424977194,75.53177808819322,113.21690558514162,81.77171876552033,211.89112488976588,379.2524923387652
107,Volvo EX30,11.0,8950.797209085767,1203.8822246220357,40,private,18,15,True,3.3641798833822865,417.43307571133596,377.4265525690891,294.3100203529738,298.6502097668914,295.25764516363887,1308.5676354587338,4.725060451685754,25.94619741290661,18.657419154554503,4.645697369484069,108.59347672156234,98.5290006382473,217.31186658269183,235.41460463874353
108,Tesla Model Y,11.0,11446.661440979007,1886.4098054733404,42,public,17,4,True,2.810899674718923,583.6168800000002,545.1076692599999,544.064287712,544.6227116765219,537.9789921164175,1829.5199999999984,1829.5199999999973,1829.5199999999973,21.64432740935558,5.389437524929543,151.4692532908823,154.38891706024833,193.38308538372655,202.49657869939446
109,Audi Q4 e-tron,11.0,13838.638903053657,2060.5733326646896,45,public,12,4,True,3.661885675180823,625.3038,455.03881407600005,455.01003785600017,455.35202573252184,400.37584012139735,0.0,0.0,0.0,229.8366368887634,57.22932258530208,178.86607973687484,168.64293454703642,338.5947088145146,461.0233622007796
110,Kia EV3,11.0,17102.17178609261,2289.9808021578006,48,public,15,6,True,3.656255301556641,794.0259520525419,721.1984481458642,696.3154741481351,704.3513524112368,669.6886579548093,1433.1095675628276,1541.1972482336141,1541.1972482336141,124.47384212816893,30.993986689914063,213.70105736702183,187.41826675629952,277.09286639760467,369.0323381546685
111,Volvo EX30,11.0,9665.378663694728,1299.9934302669408,40,private,18,12,True,4.270895058511346,450.758591581689,415.56509323221087,327.9282748358139,330.7994776550098,328.77199473152217,1413.0363372466757,1.358695652173913,23.913043478260843,10.237459994248285,2.5491275385678236,116.46801324495604,106.3950035151505,226.35411744182971,241.00373763369072
112,Tesla Model 3,11.0,14093.307343053513,1648.9169591372608,46,public,17,3,True,2.9520975233317475,479.39958000000047,444.79869636400014,444.52051603300015,444.7493037589132,436.945623845154,1502.8200000000006,1502.8199999999974,1502.8199999999974,26.603100833143134,6.624172107452642,125.12903845855215,134.95185558559015,169.60213182667744,174.20716672085126
113,Volkswagen ID.3,11.0,11483.817932079608,1559.5024751764108,45,private,5,13,True,2.9650376807938317,540.74053215356,438.97861345489986,338.6055684682143,356.30741912834645,294.99311997070623,0.0,0.0,16.64263165103434,287.55411536043243,71.60097472474773,161.80072141523112,127.63393065317987,312.0670436783935,479.14910832283266
114,Tesla Model Y,11.0,10618.767653625437,1749.9729093174722,40,private,17,14,True,4.708692858316142,606.7840848611668,537.1202576706773,417.1128027443835,422.5479501784187,416.0215326134614,1902.1444666494249,14.130434782608695,60.59414528769995,31.990892496251554,7.965732231566639,158.2430604012583,143.22254982474695,327.45868450749504,356.97134488053035
115,Peugeot e-208,11.0,11897.381849280273,1480.0343020504658,49,private,14,12,True,2.6443870233523756,513.1858069066293,361.62158051345887,334.94558124675194,355.8366427356653,328.7183344012494,0.0,86.24242942444968,111.39270485487825,130.5837992915541,32.515366023596975,142.13878922466722,121.13003889324894,278.4792030642129,359.1216277536441
116,Renault Megane E-Tech,22.0,11085.59709925911,1477.7100933312395,41,public,21,4,True,5.444485039944175,512.3799127963758,414.0059720823557,383.44928475693416,386.84964517931354,386.84964517931354,902.0,67.25585471848237,67.25585471848237,0.0,0.0,131.4563253483944,120.9398193205229,246.4700869375852,256.9865929654567
117,Skoda Enyaq,11.0,11191.766639090758,1583.6349794313421,40,public,22,6,True,6.719735629312983,549.108215694128,429.5308061526178,411.36284776318274,415.21770071232646,415.21770071232646,0.0,0.0,0.0,0.0,0.0,140.8793484112445,129.60900053834504,263.4995155201466,274.7698633930461
118,Kia EV3,11.0,10055.750373409595,1346.464974999545,40,workplace,9,7,True,4.133978108321891,466.8720945922336,335.5729252692794,311.0025669099541,319.82447751130354,242.70367299527302,0.0,0.0,0.0,344.55821083268995,85.7949944973398,147.42200250253393,110.19836132455468,257.2459784054848,457.3854185968343
119,Volkswagen ID.3,11.0,7888.139845040517,1071.2093909565021,40,workplace,8,7,False,0.0,371.4302127338306,292.09661708314377,247.22888902897537,256.15525842453087,256.15525842453087,0.0,0.0,0.0,0.0,0.0,95.29423318506646,87.67069453026112,202.94564883956087,210.5691874943662
120,Volkswagen ID.3,11.0,7569.460806476642,1027.932777519528,40,private,14,13,False,0.0,356.4245174225318,256.93057346781217,237.30472878576245,252.10505076341013,252.10505076341013,0.0,10.269912432595868,10.269912432595868,0.0,0.0,91.4443680446567,84.12881860108415,188.4482852602058,195.76383470377834
121,Hyundai Kona Electric,11.0,12380.606294385887,1541.3854836510427,40,private,18,12,False,0.0,534.4586622659591,482.75408937584535,387.41532133065147,391.92998948694515,391.92998948694515,1675.4190039685252,7.065217391304348,7.065217391304348,0.0,0.0,137.12085512615093,126.15118671605883,268.6798594950728,279.64952790516486
122,Tesla Model Y,11.0,10344.026802712287,1704.695617086985,40,private,21,12,False,0.0,591.0846759247262,459.1869424363901,417.52993339540797,425.4871961629436,425.4871961629436,440.0,8.679109624292668,8.679109624292668,0.0,0.0,151.64884010136925,139.51693289325985,305.11441265504243,317.2463198631518
123,Tesla Model 3,11.0,9644.565309752996,1128.4141412411004,40,private,18,12,False,0.0,391.26533810425127,370.38891758948006,286.3149139644945,288.52574416400364,288.52574416400364,1226.537110044674,0.0,0.0,0.0,0.0,100.3831381731439,92.35248711929242,195.09208105954005,203.12273211339152
124,Tesla Model Y,11.0,10968.627322523706,1807.6297827519065,41,private,6,12,True,6.215291204828756,626.7759790194111,502.5464590928347,424.2875068037919,442.8763731163095,301.0925809186275,0.0,9.782608695652176,36.23753400720856,622.5171275655184,155.00676476381406,210.74542654054125,147.94134540394427,331.8409513070459,691.4355894051389
125,Kia EV3,11.0,12690.901633885223,1699.3117287772316,40,public,4,6,False,0.0,589.2178711738443,463.5906242415804,439.3631500464368,449.5137654524499,449.5137654524499,0.0,0.0,0.0,0.0,0.0,151.16989218291062,139.07630080827786,278.7804065296723,290.87399790430504
126,Tesla Model 3,11.0,11344.997035227812,1327.3646531216539,40,workplace,8,7,False,0.0,460.2492655932695,335.2047234584942,295.7525077088569,304.74069115537645,304.74069115537645,0.0,0.0,0.0,0.0,0.0,118.08167277477308,108.63513895279128,264.14371339068435,273.59024721266616
127,Tesla Model Y,11.0,9513.23968875628,1567.781900707035,40,public,20,5,False,0.0,543.611332962548,431.1222888548621,414.52635543880484,417.06391711000356,417.06391711000356,880.0,459.18188097274395,459.18188097274395,0.0,0.0,139.4690667301754,128.3115413917613,254.8589572443057,266.01648258271985
128,Tesla Model Y,11.0,13635.5815728712,2247.143843209174,50,private,18,14,False,0.0,779.1727021562241,698.918972078209,580.9155007195827,588.6191459064997,588.6191459064997,2200.0,23.307474852373346,23.307474852373346,0.0,0.0,199.9047536392041,183.91237334806775,374.46592959779207,390.45830988892845
129,Volkswagen ID.3,11.0,14408.416251529774,1956.6629269577431,57,private,18,14,False,0.0,678.4516018473039,597.6059750965677,467.0096273151739,472.7859729973882,472.7859729973882,2126.807529301896,2.989130434782609,2.989130434782609,0.0,0.0,174.063721621777,160.13862389203476,365.80425274195045,379.72935047169267
130,Tesla Model Y,11.0,12033.07907515705,1983.0514315858818,44,private,16,14,False,0.0,687.6015289955399,606.1178997568556,492.49817601348576,503.00348537800573,503.00348537800573,1671.4906865063922,26.041361036503098,26.041361036503098,0.0,0.0,176.41122934031316,162.29833099308826,346.8963746106224,361.0092729578473
131,Ford Mustang Mach-E,11.0,13082.323089843558,1984.5884127292677,40,private,21,13,False,0.0,688.1344605006917,560.4327532988707,521.9943239956568,532.3287108706735,532.3287108706735,440.0,27.570337302425756,27.570337302425756,0.0,0.0,176.5479583876083,162.4241217165996,318.2298713466178,332.35370801762656
132,Volkswagen ID.3,11.0,13669.892393022246,1856.371386972421,54,private,17,15,True,6.135040073039997,643.6766004828282,583.558292672361,463.581080134223,469.5385749636844,453.99474665725654,2017.7949858395903,6.521739130434783,94.61897168665962,71.72823947892594,17.86033163025257,170.8960263934779,151.93049106548108,326.0685165846249,378.43821184930215
133,Tesla Model 3,11.0,13424.917502925884,1570.7153478423281,44,private,20,12,False,0.0,544.6284738714154,447.1914446015647,377.5158949923715,382.5259480831706,382.5259480831706,968.0,2.9326913992669983,2.9326913992669983,0.0,0.0,139.73002466959085,128.55162269602368,290.6541484842685,301.8325504578356
134,Volkswagen ID.3,11.0,12294.877197876645,1669.6443234716485,48,private,21,12,True,5.675402221309335,578.9310208559297,453.2093095204454,406.4732124377566,413.9415517036185,409.36264284695454,528.0,1.939409498905081,1.939409498905081,22.43170544325979,5.5854946553716855,150.33021313546232,136.64823954405688,301.63770869636807,325.4840857998091
135,Tesla Model Y,11.0,12260.380033093994,2020.51062945389,45,workplace,10,9,False,0.0,700.5900986910775,465.2404875428771,458.8999502611541,469.9402270248772,469.9402270248772,0.0,82.50025675009397,82.50025675009397,0.0,0.0,179.74358020158812,165.36409378546102,396.01396545166136,410.3934518677885
136,MG4 Electric,11.0,12088.056655628841,1718.9216564304213,45,private,21,12,False,0.0,596.0174004362003,464.37424209015734,419.52850857694125,427.0117560622265,427.0117560622265,495.0,0.0,0.0,0.0,0.0,152.9143812009323,140.68123070485782,309.6868750788317,321.92002557490616
137,Kia EV3,11.0,8546.830492741974,1144.4206029781503,40,private,16,12,True,2.9189603492805416,396.815404728293,344.3179036436247,288.3233132469945,296.8741067250851,287.9446572748524,803.935438019729,10.869565217391305,42.7026982418698,40.23764265198366,10.019173020343937,105.03501195455601,93.66249954945435,193.6037975526623,223.92493242834058
138,Renault Megane E-Tech,22.0,12484.583713522492,1664.1950090125483,47,private,19,12,False,0.0,577.0415302989154,535.3429259414459,409.8589755977107,411.98487549673985,411.98487549673985,1808.9076184919018,0.0,0.0,0.0,0.0,148.0459269617301,136.20225280479153,301.2589076069671,313.1025817639056
139,Tesla Model Y,11.0,7980.767403232847,1315.2304680527732,40,private,8,12,True,4.9926424452163305,456.0418688139504,339.11092150917034,297.768370885061,308.84834341866434,204.82419146655295,0.0,59.25165587243334,98.01832099116726,476.7883199521913,118.72029166809565,155.25117078828436,107.64204419323396,254.83556958852,525.1891398037775
140,Kia EV3,11.0,9209.827193276129,1233.1958611796736,40,private,18,12,False,0.0,427.59726056121286,390.21731099768857,306.06404495521826,308.9280413127048,308.9280413127048,1340.4302838909489,1.9021739130434785,1.9021739130434785,0.0,0.0,109.7044657657286,100.92810850447036,219.5973277529784,228.37368501423666
141,Kia EV3,11.0,13804.807498499711,1848.4637240491115,40,private,14,14,False,0.0,640.9347043170284,486.9622107929508,425.7181506511517,440.7147618411451,440.7147618411451,689.199700053382,84.69911543745175,84.69911543745175,0.0,0.0,164.43837651235165,151.28330639136362,351.5032488672469,364.6583189882349
142,Ford Mustang Mach-E,11.0,12790.082156300292,1940.2554631107541,40,private,7,14,False,0.0,672.7624921003595,510.66835224094723,439.60410077619747,460.8184315079754,460.8184315079754,0.0,150.3203326569369,150.3203326569369,0.0,0.0,172.60412212702778,158.79579235686566,370.7398529492498,384.5481827194119
143,Volkswagen ID.3,11.0,14207.40225441204,1929.365226149155,56,private,0,12,False,0.0,668.986420806065,481.12662148460896,437.4706039529471,456.48124261170267,456.48124261170267,0.0,0.0,0.0,0.0,0.0,171.63533228143783,157.90450569892292,370.4096838932852,384.14051047580017
144,Kia EV3,11.0,10355.03309972483,1386.5389320531547,40,public,13,6,True,2.351166854433516,480.7673036140824,314.18718760781525,314.17433561273583,320.2139787486116,292.95137578923215,0.0,146.50937632456964,150.4809993738255,126.77501007385634,31.566977508390224,133.51594050530773,113.47812313128112,274.03144799675187,352.89884583854814
145,Volvo EX30,11.0,8426.57503760388,1133.3743425577218,40,private,18,12,True,2.284566010642254,392.9852339955575,354.7344879638341,276.7560285411951,279.0187264638838,277.98079934500294,1231.9286332149147,8.33556209552836,25.943686058764698,6.300936313190976,1.568933141984553,101.32986930769349,92.7584435066331,206.7249510383068,217.90323710023262
146,Tesla Model 3,11.0,10423.44253841595,1219.5427769946662,40,private,18,14,False,0.0,422.86320202315034,387.1702886825973,305.31649983070855,308.1295417371131,308.1295417371131,1325.589974994201,4.607140679202885,4.607140679202885,0.0,0.0,108.48989446061731,99.81070290376803,214.5443631898053,223.22355474665457
147,Volkswagen ID.4,11.0,11173.448540956857,1589.981727378161,40,private,16,15,True,3.560513746768481,551.3088815582973,498.2228919053966,380.32151044282625,387.93241371417156,378.00093534871525,1288.2410080197403,6.521242591797856,41.03161561837825,46.44333075124424,11.564389357059818,145.16973223406083,130.1284356788541,293.5049035229799,330.0420678007028
148,Kia EV3,11.0,11122.985288784621,1489.3677301682608,40,private,23,14,False,0.0,516.4220716561682,385.7717546690265,316.79000416507427,334.9887171798049,334.98871717980495,0.0,0.0,0.0,0.0,0.0,132.49338268985596,121.89391207466747,303.3272665510308,313.92673716621925
149,Tesla Model Y,11.0,13432.760248477176,2213.7188889490385,50,private,22,13,True,6.821835041651999,767.5829625812427,592.3383881517358,528.4293086104415,546.9682189606615,516.033431008044,0.0,0.0,0.0,140.76339676970466,35.050085795656464,208.2236189156804,181.17678404184286,401.7915276624241,494.82323628453554
150,BMW iX1,11.0,10158.817769242454,1414.1074334785496,40,public,8,3,True,2.712856411635569,416.8692000000003,309.336900752,309.02996283499994,309.1880073374783,299.7042617855004,0.0,0.0,0.0,40.690631542514886,10.131967254086211,110.21635865929167,115.73440438453332,223.41559704705531,237.5132641278778
151,Audi Q4 e-tron,11.0,11720.955493248404,1745.2502729446874,40,private,17,12,False,0.0,605.1465620319079,558.6291059546992,454.9456748472095,461.5042878564602,461.5042878564602,1897.0111662442268,30.319315729186478,30.319315729186478,0.0,0.0,155.25656130384436,142.83603639953674,286.47831057498445,298.8988354792921
152,Tesla Model Y,11.0,8784.906542738212,1447.7525982432574,40,workplace,13,9,False,0.0,501.9924769995644,350.11335605641705,343.86257761572364,356.6505056780351,356.6505056780351,0.0,580.4499228628168,580.4499228628168,0.0,0.0,128.79132208511504,118.48801631830582,263.82998763983517,274.1332934066444
153,Volkswagen ID.4,11.0,11936.19483891595,1698.5205255777398,40,private,19,13,True,5.453235365525768,588.9435300644554,502.87654844662296,417.3735779940244,423.33511675475745,421.28568834906457,1320.0,3.804347826086957,20.76310060627607,11.637676694467151,2.897781496922321,152.0331057398925,139.01154658319393,304.6199598928919,322.5887289522057
154,Tesla Model Y,11.0,10956.807724906545,1805.6819130645986,40,private,17,12,False,0.0,626.1005763778335,546.58653692201,427.6720803877283,434.0134332820926,434.0134332820926,1962.697731591954,26.9392344056847,26.9392344056847,0.0,0.0,160.63252874210636,147.78192644273798,339.86906953847887,352.7196718378473
155,Hyundai Kona Electric,11.0,9307.908789156907,1158.834644250035,40,private,19,14,False,0.0,401.8133168649575,357.37304852917174,293.640553393937,297.3056418040437,297.3056418040437,1259.6028741848204,2.413984898098776,2.413984898098776,0.0,0.0,103.08933038151501,94.84218395099381,199.34985901190763,207.59700544242884
156,Volvo EX30,11.0,10433.533696837072,1403.3102822245862,40,private,9,14,True,2.3831933072544076,486.5825869887426,317.890207362781,295.3885078322677,307.19018402034294,264.56071931263125,0.0,226.26498399790577,247.2656961973866,213.35653081864876,53.12577617384355,141.9536604765919,114.85073611446894,294.2431390828686,417.1013043265468
157,Hyundai Kona Electric,11.0,10546.655115131665,1313.0585618338923,40,private,17,12,False,0.0,455.28878394022985,426.53751570548377,323.23197668707877,326.85517865403034,326.85517865403034,1427.2375672107523,1.0869565217391304,1.0869565217391304,0.0,0.0,116.80901029566097,107.4642894720082,235.8978947582077,245.2426155818605
158,Skoda Enyaq,11.0,10358.360266751759,1465.7079777453737,40,public,18,3,False,0.0,416.8692000000003,380.20878818999995,379.7968184010001,380.0057808976958,380.0057808976958,1306.8000000000002,1306.7999999999984,1306.7999999999984,0.0,0.0,106.95207172320004,119.95753348721279,156.82095258951733,143.81549082550458
159,Renault Megane E-Tech,22.0,14829.237320566226,1976.7373348314782,55,workplace,13,7,True,5.359922688289707,685.412184577436,454.8795233919249,452.3792487064597,458.76986000602767,368.9244669213107,0.0,114.28703575076814,170.48637713727769,412.4600627310437,102.70255562002995,208.93793305927488,161.78156811510829,388.42389268651664,628.1282063354301
160,Tesla Model Y,11.0,10734.403254945744,1769.0296564150588,40,public,20,3,False,0.0,416.8692000000003,340.28402567499995,339.914900776,340.0787491907828,340.0787491907828,880.0,869.6265217391291,869.6265217391291,0.0,0.0,106.95207172320004,144.7822059177925,221.57265672701004,183.74252253241758
161,Ford Mustang Mach-E,11.0,10415.86751871163,1580.0871025885542,40,private,6,14,True,6.922925207716405,547.87802796277,420.9134270941645,338.08907808173,357.6763421553892,207.505629271791,0.0,23.913043478260864,71.48632664968564,711.9818892155387,177.28349041466907,197.68039635022336,129.31863263311476,319.5203184404956,715.3362854558716
162,Volvo EX30,11.0,6356.58240283379,854.9603331811446,40,public,9,3,True,5.390057770858981,296.4482024834618,198.12693102990127,188.78059913996765,191.74116386444095,168.23182205478432,0.0,0.0,0.0,113.99290802280186,28.384234097677663,85.2015766216189,69.97228257949247,174.67932119851332,241.80219114797404
163,Tesla Model Y,11.0,8991.685899164944,1481.8298361823827,40,private,6,14,False,0.0,513.8083888501957,385.90831430709227,303.9376331708105,320.50928036940206,320.50928036940206,0.0,25.271739130434778,25.271739130434778,0.0,0.0,131.822815540913,121.27699029763998,314.5760987784336,325.1219240217066
164,Volkswagen ID.4,11.0,10373.869200440588,1476.2015872226955,40,workplace,8,7,False,0.0,511.8568547000429,371.8587431010261,327.4843918005056,338.25007252661857,338.25007252661857,0.0,0.0,0.0,0.0,0.0,131.3221294254663,120.81635907142902,294.42314124485335,304.92891159889064
165,Tesla Model 3,11.0,9447.982639173153,1105.413968783259,40,public,0,6,False,0.0,383.29027830636943,287.22562446467657,278.78090979158276,281.2385330681236,281.2385330681236,0.0,0.0,0.0,0.0,0.0,98.33705473138352,90.4700903528729,192.5218355911187,200.38879996962933
166,BMW iX1,11.0,13975.939629497376,1945.4507964260347,50,workplace,11,9,True,2.021818107573577,674.5639174564188,428.26194850223607,426.65158778382073,439.61637099650227,396.24466839195344,0.0,172.47950364857195,190.09265100848944,209.28707866133792,52.112482586673146,189.85574022092277,159.2209925874762,394.16853904739276,520.2874718720614
167,BMW iX1,11.0,10588.786271882282,1473.9590490460137,40,public,16,4,False,0.0,511.07927896269354,430.1744656562363,428.7137572839907,429.9519052689709,429.9519052689709,1162.1294011369716,1172.1583338762005,1172.1583338762005,0.0,0.0,131.1226343895385,120.63282363837538,201.76019733209802,212.25000808326112
168,Tesla Model 3,11.0,13771.692906006972,1611.2880700028159,45,workplace,13,8,False,0.0,558.6966242727157,414.51272481520266,404.5635328157401,417.37238991786296,417.37238991786296,0.0,493.67045507328027,493.67045507328027,0.0,0.0,143.33935304101422,131.87220479773316,273.19643915258587,284.6635873958669
169,MG4 Electric,11.0,11085.133148570307,1576.3059337266977,41,private,17,12,False,0.0,546.5669487595827,486.2817583348482,399.270797890165,404.93685202679944,404.93685202679944,1713.3760149203226,12.597237571052313,12.597237571052313,0.0,0.0,140.22736029734386,129.00917147355645,270.6392682063397,281.85745703012714
170,Volvo EX30,11.0,11031.528961763253,1483.7406453571575,40,workplace,2,7,False,0.0,514.4709411618845,360.93195642781706,354.9938991541407,360.62872001344687,360.62872001344687,0.0,0.0,0.0,0.0,0.0,131.99280013646498,121.43337612554775,275.2755972739854,285.8350212849026
171,Volkswagen ID.4,11.0,10755.535779509622,1530.5127414242193,40,private,19,14,True,2.868884438911954,530.688657080789,441.0522181334348,363.99243571963365,370.5466827134552,368.4894300683747,1320.0,5.462648990446702,16.882617155783286,11.950963210711672,2.9757898394672058,137.11235268207784,125.26133187486577,285.40330624219956,302.28736953395935
172,Volvo EX30,11.0,10958.313791050996,1473.8932048963588,40,public,5,3,False,0.0,416.8692000000003,331.38364331599996,331.28249264000004,331.42512643517404,331.42512643517404,0.0,0.0,0.0,0.0,0.0,106.95207172320004,120.62743477380818,206.07150833863446,192.39614528802633
173,Ford Mustang Mach-E,11.0,14714.161056679191,2232.138232298233,41,public,20,5,True,2.4027247335655657,712.15155,564.3192833300001,563.45554419,563.9138745134784,563.6984353980174,902.0,891.3043478260855,891.3043478260855,0.7729866304133423,0.19247367097292217,182.77179978601205,182.68427327583223,330.92194876235385,331.41738805896756
174,Tesla Model Y,11.0,5870.052508414832,967.3846533867644,40,private,2,13,False,0.0,335.43011351128,245.33635903973843,209.71272828500045,219.20927766547197,219.20927766547197,0.0,0.0,0.0,0.0,0.0,86.05803824887896,79.17339518896864,195.39423103477668,202.278874094687
175,Tesla Model Y,11.0,6566.614819679294,1082.1781222831478,40,private,18,12,False,0.0,375.2335010960043,351.2359568108929,271.55036864813485,274.6047146829486,274.6047146829486,1176.2805676990736,2.7173913043478257,2.7173913043478257,0.0,0.0,96.27000584875861,88.56840538085794,189.19719179391365,196.89879226181432
176,Kia EV3,11.0,9760.45587998711,1306.9250423302742,40,private,21,14,True,2.7164941962624556,453.16205272104077,357.82632714336916,291.6619532990554,307.602819469134,299.8242329717816,440.0,3.2608695652173916,2.989130434782609,40.32674187434357,10.041358726711552,119.49847052552484,106.96230552812497,252.52153878003176,282.87764900149557
177,Cupra Born,11.0,10981.816061443276,1513.2942532668833,44,private,18,14,False,0.0,524.7183334697129,456.21000298689256,363.6438352272613,368.2507298886668,368.2507298886668,1644.8850578987847,3.532608695652174,3.532608695652174,0.0,0.0,134.62187380533427,123.85212390090766,280.31972748195375,291.0894773863804
178,Audi Q4 e-tron,11.0,12461.328690233187,1855.4918419757219,41,private,18,14,True,2.9751473382241365,643.3716278154948,580.4821366800722,479.79187700512995,486.03468396706046,484.1003958412003,1804.0,22.832498461710546,44.149969234210886,10.866352652307048,2.7057218104244547,165.93531561513205,151.85850670707066,309.195450555505,327.912269399851
179,Renault Megane E-Tech,22.0,11986.060963680171,1597.7419264585667,45,workplace,13,7,False,0.0,553.9996462394377,351.24351910198936,350.4417853296094,355.3722557495532,355.3722557495532,0.0,84.54008773654188,84.54008773654188,0.0,0.0,142.13429511997472,130.7635515103768,329.39094200026125,340.7616856098592
180,Audi Q4 e-tron,11.0,10108.501450791551,1505.155866022862,40,private,9,14,False,0.0,521.8964361535792,367.19832019235076,342.13192920284007,359.3923562887213,359.3923562887213,0.0,242.2766122313671,242.2766122313671,0.0,0.0,133.897887086837,123.18605611989011,285.690135984748,296.4019669516949
181,Audi Q4 e-tron,11.0,13181.70568819946,1962.7559769728996,43,public,18,6,True,5.499610850688238,680.5643007112553,586.0891757166758,549.817015717421,554.3376868716468,548.8690203808417,1892.0,1199.1912793183683,1199.1912793183683,19.16748264462552,4.772703178511755,176.14341144807995,160.63729570274342,286.8639095423519,312.61139495700536
182,Volkswagen ID.4,11.0,13206.127932904481,1879.2320048523077,41,private,21,13,False,0.0,651.6032712477022,518.0977337686783,479.3667048557626,489.06837657849843,489.06837657849843,451.0,13.858695652173914,13.858695652173914,0.0,0.0,167.17550685336332,153.80146630509412,316.3363609742979,329.71040152256705
183,Tesla Model 3,11.0,11353.086650484729,1328.311138106713,40,private,22,15,False,0.0,460.57744897395827,355.999793539238,294.8376067076468,313.3927909804925,313.3927909804926,0.0,0.0,0.0,0.0,0.0,118.16587158934092,108.71260186219362,255.89725985565937,265.35052958280664
184,Renault Megane E-Tech,22.0,13058.220083746182,1740.660737163366,49,private,17,14,True,4.7750512296995264,603.5551903859929,549.5983259463836,425.3647410313026,429.6161480881708,420.7195477238348,1892.0225403949626,64.69966142775878,121.94235531804816,43.81774959876675,10.910619650092926,158.36342941378513,142.46041628929794,316.39945858712,352.10969172603615
185,Hyundai Kona Electric,11.0,11547.093126916363,1437.613094301087,40,public,13,4,False,0.0,498.4767142196163,340.5487619331031,340.5140127127957,341.39729544048566,341.39729544048566,0.0,0.0,0.0,0.0,0.0,127.88931706051066,117.65817169566985,274.7375904748005,284.96873583964134
186,Tesla Model 3,11.0,9720.352171345485,1137.2812040474216,40,private,19,15,True,2.7715185936134223,394.33989575122513,351.55562382670666,265.16526618725817,272.7815656072562,268.1754429174605,1236.1752217906756,0.0,8.946142954112048,24.195814566192,6.0247578269818085,103.112985967664,93.07819169324084,214.63652183720978,235.30219662841046
187,Tesla Model Y,11.0,12478.21887741001,2056.41047099717,46,private,18,15,False,0.0,713.0379785305411,634.2356801586295,510.9563043380055,519.1676065874104,519.1676065874104,2024.0,10.820190713543711,10.820190713543711,0.0,0.0,182.93721153101242,168.30223460853142,362.17260655166206,376.80758347414303
188,Renault Megane E-Tech,22.0,11192.242738447305,1491.9259570350257,42,private,15,12,True,5.807538739099484,517.3091090154059,379.00128037688035,339.61539452636174,345.8576340128263,311.96261266581547,0.0,7.089181082686994,70.54004209706152,159.7051644681036,39.76658595255779,145.53284106987172,122.1032843300535,293.55475933263307,390.64592337201987
189,Volvo EX30,11.0,10952.934264392326,1473.1696585607676,40,public,9,6,False,0.0,510.80556639226637,345.5524923459314,322.58411061404223,331.03239104525267,331.03239104525267,0.0,0.0,0.0,0.0,0.0,131.05241062039477,120.56821777076317,300.3413931177769,310.8255859674085
190,Ford Mustang Mach-E,11.0,14175.768323095168,2150.464054613537,40,private,12,12,False,0.0,745.650036327955,533.4560145227232,500.0233853794411,521.1448190016623,521.1448190016623,137.46092892775678,391.6391378551002,391.6391378551002,0.0,0.0,191.3041696670181,175.99983609365668,400.5050534199494,415.8093869933108
191,Volvo EX30,11.0,5582.59003849721,750.8583601778747,40,workplace,10,7,True,5.246963085538703,260.35197488776333,180.11479927243138,168.61137325567012,173.47334947476853,82.26497963514795,0.0,0.0,0.0,420.7139191077762,104.75776585783626,100.54651522675928,61.45229353513041,148.3309189481252,383.3912763372109
192,Tesla Model Y,11.0,7845.271667350542,1292.9007707793694,40,workplace,8,7,True,6.641193240560826,448.2992889984985,337.43672319497074,300.6298381455357,311.7330843130852,208.07965027958332,0.0,0.0,0.0,461.19519806451615,114.83760431806455,152.01381986288317,105.81452094228322,242.38072562769653,507.0710628998629
193,BMW iX1,11.0,8350.31576624013,1162.363954660626,40,public,1,4,False,0.0,403.03706688776015,279.4405359881601,277.4230002347246,279.57564879052075,279.57564879052075,0.0,0.0,0.0,0.0,0.0,103.4032960096067,95.13103232883815,218.59245042607756,226.86471410684612
194,Tesla Model Y,11.0,10154.459181824315,1673.454873164647,40,private,6,15,False,0.0,580.2522875429593,465.57709117786254,371.9012912671538,393.0434487134849,393.04344871348496,0.0,110.96344764034365,110.96344764034365,0.0,0.0,148.86967968572733,136.96010531086924,324.16894414034357,336.0785185152016
195,Tesla Model Y,11.0,10392.408108212394,1712.6688562334027,40,private,22,14,False,0.0,593.8493099331031,445.65863087823186,390.79405395338944,409.24553900696,409.24553900696,0.0,0.0,0.0,0.0,0.0,152.35813533055008,140.1694845041061,324.7732554302492,336.96190625669317
196,Volkswagen ID.3,11.0,7648.956831377026,1038.728337701,40,private,7,14,True,2.547436628504076,360.16776057241196,281.5309729014496,227.65859050566948,238.01923899273814,187.19348475677816,0.0,69.46154926910327,88.99221061967384,240.73161404136667,59.942171896300316,111.71672533010067,85.01235665344177,207.1608782331156,344.6331730420348
197,Peugeot e-208,11.0,8792.50390923929,1093.7874863093678,40,private,7,12,True,2.4767672659143014,379.25892188335655,297.3941558725172,234.1340763498477,243.97059783584058,196.4915592377885,0.0,4.347826086956522,27.182062241166864,229.18597208076923,57.06730704811153,115.6885433363445,89.51854735667139,224.80687140418735,355.52321303002407
198,Volvo EX30,11.0,9064.756724033381,1219.2097793824896,40,workplace,10,8,False,0.0,422.747738720668,297.7911855458392,287.6437897650518,294.8873566887745,294.8873566887745,0.0,6.207053227309221,6.207053227309221,0.0,0.0,108.4602711653283,99.783449472102,227.6438315039955,236.3206531972218
199,Tesla Model 3,11.0,16331.758761646202,1910.8157751126055,54,private,15,13,False,0.0,662.5546002836104,546.5105519945787,468.59794814884333,483.8678603383033,483.8678603383033,888.9736686006572,23.290637591848377,23.290637591848377,0.0,0.0,169.9851827145511,156.38636809738708,335.07310804269423,348.6719226598582
200,Renault Megane E-Tech,22.0,14895.814865566252,1985.6121215799815,56,private,22,13,False,0.0,688.4894204174058,542.8352205183423,438.54349081768174,447.8001357746265,447.8001357746265,0.0,0.0,0.0,0.0,0.0,176.6390269973099,162.5079048375249,403.1971894803042,417.32831164008917
201,MG4 Electric,11.0,10048.268775270619,1428.8638198434821,40,private,21,13,False,0.0,495.4429984022505,391.7347336755285,338.6436248896251,347.9642912511264,347.9642912511264,440.0,1.599560321833755,1.599560321833755,0.0,0.0,127.11098613156062,116.94210724103586,264.42081439215997,274.5896932826847
202,Kia EV3,11.0,10153.75259422811,1359.587472367144,40,private,17,12,False,0.0,471.42217791860736,436.1977043486509,346.91707692445607,351.133562378769,351.133562378769,1477.812469964286,10.869565217391305,10.869565217391305,0.0,0.0,120.94819810304539,111.27234225480183,231.5609577946402,241.23681364288376
203,Tesla Model Y,11.0,8433.243246157635,1389.7984869667782,40,private,18,15,True,5.7395080107408765,481.8975188504373,434.04313056865277,343.32350754154476,347.80292756227277,340.3772745921008,1510.6505293117152,1.6304347826086958,34.78260869565213,35.73791857710616,8.898741725699436,126.5027243510871,113.74489398443966,247.83948527260418,276.92171033512307
204,Tesla Model Y,11.0,6771.194395036666,1115.8928363020425,40,workplace,9,8,True,3.774009595687995,386.92371171777324,261.88282449198766,230.75751435682312,238.811213009502,171.82845551614795,0.0,0.0,0.0,323.3479830561658,80.51364778098528,125.20889583535809,91.32770941504526,239.4402081233165,420.81779981796865
205,Volvo EX30,11.0,10694.032391765333,1438.3473566924374,40,private,4,13,False,0.0,498.731311722704,389.5984185764021,303.4451710578408,320.92750893395873,320.92750893395873,0.0,0.0,0.0,0.0,0.0,127.95463666294432,117.71826572990874,295.522068518654,305.7584394516896
206,Tesla Model Y,11.0,8764.704156695583,1444.4232450234322,40,public,12,3,False,0.0,416.8692000000003,261.71832068800006,261.680195524,261.76240800073924,261.76240800073924,0.0,0.0,0.0,0.0,0.0,106.95207172320004,118.21553298163717,273.32232498089826,262.0588637224611
207,Hyundai Kona Electric,11.0,10764.177335660199,1340.1400782896949,40,workplace,8,9,True,3.6530027707048895,464.6790054069699,343.1358826091602,295.82315625512916,308.4955688550191,242.86122829523157,0.0,0.0,0.0,305.3216818593857,76.02509878298704,143.71170715439965,109.68071454880192,265.86415110075274,441.554583049125
208,Tesla Model Y,11.0,7445.549190594785,1227.0265066100205,40,private,8,13,True,3.3712276760905144,425.4581039223876,333.6178235123949,286.631209149409,298.71742710460614,225.56774186251403,0.0,124.13331593587179,149.5445260731027,319.8017669214598,79.63063996344346,134.81080482609036,100.42319172116811,227.16386853894954,414.33180684940737
209,Volkswagen ID.4,11.0,9281.275936300535,1320.7255657355663,40,private,18,13,False,0.0,457.94723420613605,454.05622828243804,333.10431647706696,336.4602409726993,336.4602409726993,1435.5712671038775,2.7371077645534307,2.7371077645534307,0.0,0.0,117.49106299591294,108.09177795623984,229.5787711896766,238.9780562293497
210,Skoda Enyaq,11.0,11275.493338713199,1595.4823074279175,40,private,8,14,False,0.0,553.2161479016366,398.34205065372527,343.3574518734945,360.96895600498385,360.96895600498385,0.0,287.57863708063866,287.57863708063866,0.0,0.0,141.9332805801154,130.57861813370624,322.82581003035904,334.18047247676816
211,Volkswagen ID.3,11.0,11751.999019146822,1595.9214668001387,46,private,8,12,True,5.477760152063207,553.3684216404835,394.7493942809565,339.7902017191711,353.3614689385427,208.41330515248185,0.0,93.38442345937693,130.94046633274897,685.474705969101,170.68320178630623,196.9625519289819,130.61456013299895,330.6215128349397,712.6008702032898
212,Volvo EX30,11.0,11864.263589645012,1595.743452807254,42,private,18,14,False,0.0,553.3066972233847,494.2999439204052,394.533971457793,399.9702932559524,399.9702932559524,1734.5037530513637,1.9021739130434785,1.9021739130434785,0.0,0.0,141.95651193794694,130.59999098291115,283.93639495034347,295.29291590537923
213,BMW iX1,11.0,8058.129124696088,1121.6915741576954,40,public,15,6,True,6.03916954853141,388.934361039462,301.12464103020955,293.4407506454556,304.78983012129663,266.207229293934,339.22997191053827,630.1292598011096,633.2103236140277,158.2901126550503,39.41423805110753,112.48346353106395,91.80229391691383,175.94682483507916,274.62483332769943
214,Skoda Enyaq,11.0,12821.76174899688,1814.2792874830586,40,workplace,8,8,False,0.0,629.0816225077124,439.67397225776557,399.35006848256296,412.4521182683032,412.4521182683032,0.0,0.0,0.0,0.0,0.0,161.39734672216608,148.48555898439267,365.1150632238018,378.0268509615753
215,Skoda Enyaq,11.0,9197.536384441948,1301.4513983985357,40,private,0,12,True,2.9741884324069594,451.2641261838399,339.0606037122713,301.088352770622,315.6696789903321,297.5143608722237,0.0,0.0,0.0,86.26490684310858,21.47996180393404,122.69679295479796,106.51432759854542,242.10877479205323,297.9265200703482
216,Tesla Model Y,11.0,12335.958832990002,2032.9660156767525,46,private,13,12,True,5.240469651407582,704.908868479222,465.7699798175128,443.72001614594143,468.00313368737466,400.66962079462775,185.7456692138609,272.92278327318127,299.4012324377961,333.8533819038066,83.12949209404788,207.63401629160958,166.38347652241217,403.28921131425943,595.0027560702517
217,Tesla Model Y,11.0,10926.701298206157,1800.7203739443748,40,private,15,12,False,0.0,624.3802166176691,529.7854058952809,456.30893433143245,467.7325690202853,467.7325690202853,1077.3047542873642,159.31743195047554,159.31743195047554,0.0,0.0,160.19115278902848,147.3758605659063,304.0235081632901,316.8388003864123
218,Ford Mustang Mach-E,11.0,7935.711377019295,1203.847415893827,40,public,19,5,True,4.196750309281125,417.42100616318567,382.00067243734867,344.7820282492,348.5942312315607,347.2405152947082,1308.5297998845942,502.7178371364063,502.7178371364063,4.753578068638821,1.1836409390910658,107.4749851588244,98.52615179711172,167.3529267287367,178.83911696639294
219,Tesla Model 3,11.0,10257.527026967198,1200.130662155162,40,private,21,13,False,0.0,416.1322622038006,328.97167140188674,279.5571832994167,288.75457188667895,288.75457188667895,440.0,0.0,0.0,0.0,0.0,106.76300276815452,98.2219625467022,225.59965286382388,234.1406930852762
220,Volvo EX30,11.0,11750.146595119651,1580.3947170435931,41,workplace,9,7,True,4.591521379225827,547.9846899314197,370.6866091334462,335.7913046628258,345.95827702895707,272.12575733813674,0.0,0.0,0.0,357.3121972451995,88.97073711405466,169.25542258884542,129.3438086380569,331.37022154051954,534.085092296183
221,Kia EV3,11.0,12292.394183239372,1645.951581135752,40,public,14,5,False,0.0,570.7158199807661,435.3132261642558,433.59273500114307,438.5042992484982,438.5042992484982,469.07780558233924,542.6235715780584,542.6235715780584,0.0,0.0,146.423001056801,134.70916097225697,266.9206817045249,278.6345217890689
222,Hyundai Kona Electric,11.0,10641.236504596724,1324.8339448222919,40,private,19,12,False,0.0,459.37176999816467,403.17729990482036,329.3348226673252,332.8126804258975,332.8126804258975,1320.0,2.717391304347826,2.717391304347826,0.0,0.0,117.85654227382842,108.4280188919221,234.98710846418925,244.4156318460956
223,MG4 Electric,11.0,14304.595770416305,2034.1135185531987,53,private,19,13,False,0.0,705.3067526287723,595.710543902312,500.81805891560856,507.3332610368174,507.3332610368174,1749.0,3.8043478260869565,3.8043478260869565,0.0,0.0,180.95368617784615,166.47739128361835,364.45088287557326,378.927177769801
224,Volvo EX30,11.0,13156.448588460564,1769.5423351479458,46,private,12,15,True,6.770541395350038,613.5695705567335,385.45335421657035,366.25113456608256,394.84124149771066,282.6495712408768,0.0,50.9147371394076,92.18464108902808,556.6645527512323,138.6094736350569,202.07435664625976,144.82416494182885,363.55249400085177,671.6038295971734
225,Ford Mustang Mach-E,11.0,10387.927485084541,1575.848599487325,40,public,7,3,True,3.4243234522194506,416.8692000000003,341.11922152,340.634643019,340.8835231421305,334.59851105241694,0.0,0.0,0.0,24.351584151347858,6.063544453685616,108.90560635770991,128.97174199362772,204.95741885149752,197.23983975897892
226,Tesla Model Y,11.0,12592.766768579908,2075.287963461969,47,private,17,12,True,3.7760216179800388,719.5835438525739,623.2320835395341,509.7637116000073,515.5862348102121,509.2230070588807,2255.747786371703,34.576224026918084,84.75164484475592,31.39900370329884,7.818351922121412,187.1354367550407,169.84722001414005,373.84452905650187,405.31432547085535
227,Volkswagen ID.4,11.0,15185.00773256213,2160.826600343591,47,workplace,12,7,False,0.0,749.2431364234849,526.9158440341727,526.5636641631456,533.9818825913362,533.9818825913362,0.0,201.90291412747035,201.90291412747035,0.0,0.0,192.2260163736727,176.84793506377886,392.10918889592756,407.48727020582135
228,Volkswagen ID.3,11.0,15243.46127571483,2070.062041242074,60,public,8,5,True,6.491252225890719,717.7715121263282,554.1581351792078,511.62486759225135,522.8291869112211,424.3190313600282,0.0,0.0,0.0,419.01162357765287,104.3338942708355,217.76563046832518,169.41951630425172,364.3618415193588,615.5520055054607
229,Tesla Model Y,11.0,8260.68026099873,1361.3601070125908,40,public,12,3,True,4.814829556674442,416.8692000000003,272.66103337,272.62805518299996,272.6855733221305,225.64052285581258,0.0,0.0,0.0,223.70955026026866,55.7036780148069,124.89851626610513,111.41741950284195,255.60104618071176,371.83087142509976
230,Tesla Model Y,11.0,8920.892486565841,1470.1630817860507,40,private,16,15,True,6.595799494666559,509.76306857581505,446.9548826324735,369.08201477343647,377.52489663408505,355.39738803015535,1158.0033497674465,2.717391304347826,66.6514236511646,98.4244196367537,24.50768048955168,138.6807583784481,120.3221513376052,252.5603232793352,317.55411941365946
231,Tesla Model 3,11.0,14201.972142947134,1661.6307407248146,47,private,15,12,True,3.499624529139478,576.1523981426257,449.34116828162183,396.85712076480536,414.59900330578165,392.7516136862103,772.12037035306,85.16722342101794,116.56770993051681,102.81680637037209,25.60138478622265,156.0659886363045,135.9923861030566,297.5457809399006,365.0681578789425
232,MG4 Electric,11.0,8632.364498665575,1227.5222317102448,40,workplace,10,9,True,2.574173372159745,425.6299912125741,274.7511205305883,263.7900664167373,271.42821411952906,225.1494684777094,0.0,25.34148628072648,44.298311241357545,226.86187134351337,56.48860596453481,127.39907290803636,100.46376321372564,254.6655403067707,384.3682016074359
233,Volkswagen ID.3,11.0,8053.634918091223,1093.683621876788,40,private,19,14,True,4.781092263620873,379.2229080203212,332.3560192848372,259.5181145664826,264.30323423541216,260.7803722721262,1188.7865455182477,0.0,15.932206352776737,19.549485953981595,4.867822002541418,98.86182948772462,89.51004680858235,204.42972059349137,222.17218723846102
234,Ford Mustang Mach-E,11.0,9885.234853769087,1499.5901273167703,40,public,16,3,True,3.7276849589500873,416.8692000000003,375.96729980699996,375.90143527199996,376.21489640947846,361.5885677997683,866.7999999999996,869.6878260869553,869.6878260869553,52.91416892300987,13.175628061829459,111.19695620401858,122.73054090311132,163.38484449363318,179.65321646608004
235,BMW iX1,11.0,11870.296493749343,1652.3452719299084,42,private,13,12,False,0.0,572.9327627670007,421.6376493266258,397.9209186446036,412.17634949472773,412.17634949472773,0.0,256.7743834223414,256.7743834223414,0.0,0.0,146.9917804818092,135.23243804326447,295.98885131553743,307.74819375408214
236,Kia EV3,11.0,10725.751212521698,1436.1780873566554,40,private,8,12,True,6.397117044558293,497.97914115953563,385.72872810879153,336.8097969440202,349.7872476819651,197.34152619280928,0.0,59.574896051992155,102.63773163423717,667.6933679120748,166.25564861010656,181.32540769053264,117.54072681837866,265.73262029594923,648.2186712673656
237,Renault Megane E-Tech,22.0,9525.265671311754,1269.717913985857,40,public,19,4,True,4.362867554535359,440.26088539292226,397.24435793291923,353.9764463139602,356.02259326397524,354.8883166089391,1380.1281673759322,657.1606527628999,660.9190083040725,5.074022699107905,1.2634316520778688,113.36049732176775,103.91717279220026,188.15546492114728,199.9964977578288
238,Tesla Model Y,11.0,9473.474708823325,1561.228632014084,40,private,18,13,False,0.0,541.3390582744483,462.57168908620747,365.18795046478107,369.14667536531374,369.14667536531374,1696.9876434935688,8.695652173913043,8.695652173913043,0.0,0.0,138.88609133785448,127.77520403082627,299.9675869399609,311.0784742469891
239,Tesla Model Y,11.0,9389.981828936168,1547.4690054086805,40,private,7,14,False,0.0,536.5680573101832,394.1412208174043,306.9206191353159,321.6501450855165,321.6501450855165,0.0,121.4640223270305,121.4640223270305,0.0,0.0,137.662042074149,126.64907870821717,341.5669909328839,352.5799542988158
240,BMW iX1,11.0,9023.873913236916,1256.1232487225786,40,private,15,13,True,3.354601966931562,435.5470829809813,343.3024175109103,299.0166601203597,312.1925818031246,294.1228072841441,485.3513573071501,10.597826086956523,45.67485653856805,83.20045806262819,20.716914057594412,118.41858776904948,102.80454835518537,226.1590495330421,280.5597775234811
241,BMW iX1,11.0,15946.776001234575,2219.791219371853,57,private,20,14,False,0.0,769.6884771517624,611.6167822156182,515.6027182016114,530.8807466309702,530.8807466309701,1254.0,5.7065217391304355,5.7065217391304355,0.0,0.0,197.47147837464553,181.67376010467407,420.48149062546634,436.2792088954379
242,Volvo EX30,11.0,11601.549245896365,1560.408373573061,41,public,19,4,False,0.0,541.0546425758764,460.60111780269733,455.57922124351364,456.10882534694946,456.10882534694946,1353.0,1247.8899356726663,1247.8899356726663,0.0,0.0,138.81312157133576,127.70807184562895,212.6538890745559,223.7589388002627
243,Volkswagen ID.4,11.0,12892.002329146377,1834.5319314375295,40,private,21,13,False,0.0,636.1040066614911,479.47574663877816,430.64218588055525,442.9133842735437,442.9133842735437,440.0,11.65934409986573,11.65934409986573,0.0,0.0,163.1990114498138,150.14309053382868,343.33371292177605,356.38963383776115
244,Volkswagen ID.3,11.0,9878.920344819557,1341.5573828264958,40,private,18,13,False,0.0,465.1704403496222,439.92875333194917,340.403770827166,344.40099658980654,344.40099658980654,1458.2145465505378,1.9021739130434783,1.9021739130434783,0.0,0.0,119.34425066612083,109.79671061283126,230.5661543726469,240.1136944259365
245,Peugeot e-208,11.0,10542.754876962554,1311.5187066941417,43,private,17,13,False,0.0,454.7548559080773,410.6520115214589,323.8474708208014,327.7453742866872,327.7453742866872,1425.5638116240677,0.0,0.0,0.0,0.0,116.67202557913656,107.33826353280561,234.3477451541957,243.68150720052665
246,Volkswagen ID.3,11.0,9387.316780798923,1274.7976188324938,40,public,15,6,True,4.826582735024717,442.0222178343102,351.9135999938702,339.55022064509774,350.09021468561394,318.8108675064377,505.64958568749273,763.6183358102547,764.9880304389236,124.81899109762739,31.07992878330921,123.41857519221307,104.33290967396502,196.26491282266127,277.70985430339476
247,Tesla Model 3,11.0,5142.758746526948,601.7027733436529,40,private,13,12,False,0.0,208.63389640937524,139.42644227401613,135.32271083775058,142.4920077563751,142.4920077563751,0.0,19.206823189527487,19.206823189527487,0.0,0.0,53.52716740086862,49.244994008799154,115.38688266179929,119.66905605386876
248,Tesla Model 3,11.0,7932.159683703173,928.0626829932712,40,public,18,4,False,0.0,321.7956476900579,297.0619368330932,271.67921391772154,275.4143205345347,275.4143205345347,1008.7637858622518,1008.7637858622504,1008.7637858622504,0.0,0.0,82.55997610751939,75.9551780189178,122.336505174441,128.94130326304258
249,Kia EV3,11.0,6984.7450908429355,935.2573676638691,40,public,17,6,False,0.0,324.29032639649375,291.82108887968303,257.7990878118186,262.7499156740205,262.7499156740205,1016.5840952868132,626.0530027329226,626.0530027329226,0.0,0.0,83.20001153334837,76.54401061068059,138.08442133315384,144.74042225582164
250,Hyundai Kona Electric,11.0,6022.9735262859795,749.8602040226044,40,private,11,14,False,0.0,260.0058750904464,178.45067751742462,163.4748224941487,172.70828809055234,172.70828809055234,0.0,32.04622337263646,32.04622337263646,0.0,0.0,66.70717577870188,61.370601716405716,148.66818871629977,154.00476277859593
251,Peugeot e-208,11.0,8332.163846287154,1036.521182478122,40,public,20,3,True,4.385414331236882,359.4024534896969,303.1532103013602,297.95292645467265,298.5593867445094,298.2186083465065,880.0,693.1468732111039,693.1468732111039,1.1981541998837826,0.29834039577106175,92.30450652348998,84.83171705771059,145.67478380289805,153.78669206245138
252,Kia EV3,11.0,13851.65293784577,1854.7363283775487,40,workplace,9,9,False,0.0,643.1096616874325,443.7283743661371,424.8257682116704,436.8966634825492,436.8966634825492,0.0,37.628704575476874,37.628704575476874,0.0,0.0,164.9963841480185,151.79667341617713,358.00967162106053,371.2093823529019
253,Volvo EX30,11.0,10852.684792727463,1459.6861046218435,40,private,6,12,True,3.140397039782082,506.1302906243128,396.3004607390131,325.25191500595383,341.4006969319893,272.22606861375766,0.0,0.0,17.663043478260864,320.2704595135509,79.7473444188742,155.54568178191263,119.4646869872007,284.19428067952424,469.197248211342
254,Volvo EX30,11.0,13776.334639483372,1852.9170090105135,49,private,17,12,False,0.0,642.478832472124,591.6672119986604,451.29328972163995,457.81257123919863,457.81257123919863,2014.0402271853402,17.531810515107086,17.531810515107086,0.0,0.0,164.83453843842713,151.64777536335302,336.31403659627847,349.5007996713525
255,Renault Megane E-Tech,22.0,11850.051843412917,1579.611910726942,44,public,20,4,False,0.0,547.7132603498853,463.6560062218749,423.9700946799831,427.03117434622527,427.03117434622527,1716.96946818146,325.33108899105764,325.33108899105764,0.0,0.0,140.52145830080207,129.27974163673778,249.96182764039784,261.2035443044621
256,BMW iX1,11.0,12663.803828316199,1762.801492901615,45,public,21,5,False,0.0,611.2322567778428,486.64330168959435,470.8064914850375,473.8989509338887,473.8989509338887,495.0,213.02572292309543,213.02572292309543,0.0,0.0,156.8179087503641,144.27247605033486,281.60578189428895,294.1512145943182
257,Tesla Model Y,11.0,8977.03558028298,1479.415463630635,40,public,16,3,False,0.0,416.8692000000003,398.596851334,398.47112773599997,398.7913352916088,398.7913352916088,866.7999999999996,869.7491304347813,869.7491304347813,0.0,0.0,106.95207172320004,121.07939147125413,139.15725617964566,125.02993643159157
258,Tesla Model Y,11.0,12097.452589681949,1993.6601867795853,45,public,22,6,False,0.0,691.2799995463994,525.5119298919753,508.78501348333157,512.7139474105278,512.7139474105278,0.0,0.0,0.0,0.0,0.0,177.3549787134674,163.16658041639008,341.73263255226163,355.921030849339
259,Volkswagen ID.3,11.0,12545.884172622818,1703.7310706421788,49,private,21,12,False,0.0,590.7502299291903,461.6619214649502,418.8135085146801,425.50131824940667,425.5013182494066,539.0,1.358695652173913,1.358695652173913,0.0,0.0,151.56303454868743,139.4379917847924,304.68690346457595,316.8119462284711
260,Tesla Model Y,11.0,9687.142430008213,1596.4410724653533,40,public,19,6,False,0.0,553.5485892570085,472.6941352978149,435.1524665483188,439.2278597006878,439.2278597006878,1320.0,509.0552221184947,509.0552221184947,0.0,0.0,142.01857182178898,130.65708607604594,244.97781563236666,256.33930137810967
261,BMW iX1,11.0,12175.393411649404,1694.814762901597,43,public,20,3,False,0.0,448.1343900000004,373.7863045730001,373.385738792,373.5616801730002,373.5616801730002,946.0,934.7826086956505,934.7826086956505,0.0,0.0,114.97347710244006,138.7082568712809,213.2809666982811,189.54618692944027
262,Tesla Model 3,11.0,12189.951191278884,1426.2242893796292,40,private,17,13,False,0.0,494.52776990445784,443.47203312226367,350.00884777452376,353.89412530663174,353.89412530663174,1550.243792803946,0.0,0.0,0.0,0.0,126.87617486716637,116.72608087779315,257.35972547561926,267.50981946499246
263,Tesla Model Y,11.0,9746.479759725118,1606.2198644026994,40,private,19,14,True,6.0990555409284415,556.939279070066,465.29494617048823,380.6074629673036,388.41532538988815,383.46773593946375,1320.0,8.695652173913045,28.0124520987797,26.32854539872112,6.55580780428156,145.00061866301905,131.45740904562757,299.98136272580547,325.02796959790294
264,Ford Mustang Mach-E,11.0,8491.137133326522,1288.1055031256333,40,private,18,13,False,0.0,446.63658206203996,413.2636332891692,311.94054021405896,315.06735486317723,315.0673548631772,1400.1146773104697,3.804347826086957,3.804347826086957,0.0,0.0,114.58919910346987,105.42206317519236,236.9912903740551,246.15842630233266
265,Tesla Model Y,11.0,8356.758953142784,1377.1938754779308,40,public,18,5,True,4.666792937573506,477.52700682332545,430.4673833844407,398.3646174881106,402.7029320092076,398.37337943940213,1496.9498646499237,1064.1456832510678,1064.1456832510678,14.71099495565813,3.663037743958874,123.69460116974957,112.71329824523069,187.53737305934857,206.51126629763178
266,Volvo EX30,11.0,11139.447136808001,1498.255639900676,40,private,12,14,False,0.0,519.5038577481688,326.16097216556864,311.3410204617581,336.835242626678,336.835242626678,0.0,89.98038585607011,89.98038585607011,0.0,0.0,133.28404654112427,122.62132281783444,305.2899379393252,315.95266166261507
267,Tesla Model Y,11.0,11666.1516126486,1922.5817857644893,43,workplace,14,8,False,0.0,666.634336585731,530.2734999044559,502.2833813017998,514.7821645525987,514.7821645525987,670.7628106135744,1144.3870973947085,1144.3870973947085,0.0,0.0,171.03188093451126,157.34933045975026,309.2015024928826,322.8840529676436
268,Tesla Model Y,11.0,9214.368431297167,1518.5279174777731,40,private,22,13,False,0.0,526.5330496471845,413.27754863045385,376.85880029141475,390.61041059644907,390.61041059644907,0.0,0.0,0.0,0.0,0.0,135.08745786568267,124.2804612364282,260.20310028716364,271.0100969164181
269,Tesla Model Y,11.0,11008.221897504156,1814.154968708685,41,private,16,15,True,2.1680498459312547,629.0385163239893,568.4117497511394,438.99582640028433,450.74748970210305,444.1774454885544,1520.907574683352,11.95148296440536,40.21739130434776,30.629383576255062,7.62671651048751,163.84344012540652,148.47538439725358,326.7664110191398,356.3312274713289
270,Tesla Model Y,11.0,12199.476109143283,2010.4736627868128,45,workplace,20,9,True,3.378175255416841,697.1098895967326,558.4969348015486,506.9350266169404,512.8043592382978,512.7891665699824,990.0,26.472157622551357,34.613839736263685,0.8667954414179054,0.2158320649130585,178.920232969702,164.54264109273024,348.84817145116506,363.4567880613653
271,Tesla Model Y,11.0,12303.83766511701,2027.672447211283,45,private,17,13,False,0.0,703.0733811526081,631.8627842844465,510.32067088952493,517.4055570398443,517.4055570398443,2203.9917904470462,20.380434782608695,20.380434782608695,0.0,0.0,180.38069180382348,165.95023645951764,351.6180605722815,366.0485159165873
272,Tesla Model Y,11.0,14348.61746306825,2364.652157913648,53,public,10,5,True,2.9536357866135905,819.9174330157093,540.0884512357455,534.8110382956879,536.9775723814645,483.69721291305444,0.0,0.0,0.0,251.13917081937862,62.5336535340253,230.505138165583,193.52957391613114,476.469434550376,629.2590118022632
273,Volkswagen ID.3,11.0,13746.588022513715,1866.7866534573625,54,private,9,15,True,5.193654564486904,647.2879809270643,484.20875745848133,428.90294503567344,450.4871603102746,309.28278522233506,0.0,262.4569235179567,261.8737169319287,639.2010088166198,159.16105119533842,217.34640674094896,152.7829048457946,349.5837254625843,714.5126536410166
274,Hyundai Kona Electric,11.0,8757.171762263168,1090.2678844017644,40,public,19,6,False,0.0,378.0385381784382,344.07093181445254,301.4473721943699,304.81880301765233,304.81880301765233,1185.0737873932214,215.32658331593655,215.32658331593655,0.0,0.0,96.98966690125812,89.23049354915753,162.45022870994342,170.209402062044
275,Tesla Model 3,11.0,14637.05379888827,1712.5352944699273,48,private,18,14,False,0.0,593.8029988433772,549.2989072043325,429.6018685831951,435.682445574824,435.68244557482404,1861.4514070325306,0.0,0.0,0.0,0.0,152.3462537451751,140.158553445561,298.27910671411416,310.4668070137282
276,Tesla Model 3,11.0,9787.161455022984,1145.0978902376892,40,public,12,6,True,2.450859882447456,397.05024672372025,264.9458239950445,263.1877916658472,269.39858353372796,231.78765437520102,0.0,32.624656017014544,40.77682993005802,168.74856131321928,42.018391766991606,115.40467576241355,93.71793058370551,221.3695937736978,322.6856598779244
277,Volkswagen ID.4,11.0,13238.271459275196,1883.8060286548605,41,workplace,12,9,True,4.166869582297042,653.1892642835875,455.0129543174641,452.42330338707444,466.5079301810805,397.2114788642232,0.0,463.2579647354958,470.63400170844,300.6010367465866,74.84965814990004,191.6972488598416,154.17581687273588,340.85715097524286,522.5246924291059
278,Peugeot e-208,11.0,11098.890711051885,1380.7020044548544,45,private,17,13,False,0.0,478.74341241423787,403.5994945229468,330.50460802795993,335.67597877503965,335.67597877503965,1500.763048320493,5.9046377887645995,5.9046377887645995,0.0,0.0,122.82653595309276,113.00041307684545,256.0678467160437,265.893969592291
279,Peugeot e-208,11.0,10047.392861179242,1249.8956719306975,41,private,18,14,False,0.0,433.38773841944857,408.3889391936435,301.88315883340016,306.40887525490297,306.40887525490297,1358.5822520985832,6.793478260869566,6.793478260869566,0.0,0.0,111.19007228980281,102.29486650661865,229.27372967116423,238.1689354543484
280,Tesla Model Y,11.0,6991.143877092897,1152.1405109449095,40,private,20,12,False,0.0,399.49219890372416,327.5871967895631,269.2989507664325,272.13899346959806,272.13899346959806,880.0,0.0,0.0,0.0,0.0,102.49382374617744,94.29431784648322,221.64752328060933,229.84702918030354
281,Tesla Model Y,11.0,10574.273722626198,1742.6403094887976,40,private,19,13,True,4.457828836684995,604.2415855727454,525.4885624093388,441.0148699735036,446.66508673872295,444.88888484254437,1320.0,8.023929863521612,24.51752586469461,10.365218926650032,2.5809395127358585,155.8558996856711,142.62242988076628,300.19892871478874,317.789539928608
282,Volvo EX30,11.0,7534.950714680716,1013.4508711245563,40,public,19,6,True,4.434910411524976,351.4030737921015,312.7755383427265,266.09181414811866,269.54995933474305,268.9540556047516,1101.57703383104,172.05877899098763,182.6566050779441,4.243564450097522,1.056647548074283,90.49649269439904,82.94357993300665,164.7966943903651,174.00215842982323
283,Volvo EX30,11.0,13068.38532649567,1757.6978264136676,46,private,18,13,True,6.831484436302095,609.4626158977832,537.3667139615533,427.0059048786147,432.31591454949205,426.83341209807264,1910.5411156670314,3.532608695652174,46.067898847849705,27.81849591413589,6.926805482619838,158.59554671361838,143.85477808257374,321.00147943086483,348.15155599594874
284,Volkswagen ID.4,11.0,14271.775919134952,2030.8737132929039,44,private,23,15,False,0.0,704.183385370039,503.9744129628177,426.87566370150347,452.63102946470997,452.63102946470997,0.0,0.0,0.0,0.0,0.0,180.66547477813722,166.2122367958863,417.7645927012153,432.2178306834662
285,Tesla Model 3,11.0,9204.764933440249,1076.957497212509,40,private,15,13,True,4.484897802300639,373.42330609868503,292.3306532350987,254.09157326734976,264.0504623118243,240.26553691191043,290.6059752309877,7.608695652173914,53.13138450611849,108.93897156121723,27.12580391874309,104.5448921995264,88.14113520409417,197.5139789909549,264.8284653050441
286,Tesla Model Y,11.0,11611.315926117204,1913.5448646241152,43,private,15,12,True,4.396113064444888,663.5008824077091,546.5238124630444,474.1613491539735,489.82895442232314,459.22567942361474,1133.940070243604,132.88270296380767,161.71313487368246,137.11860144288116,34.1425317592774,181.22789997145236,156.60972421704886,330.2816522024349,419.64563471482415
287,Tesla Model 3,11.0,9361.392566802533,1095.2829303158965,40,workplace,8,7,False,0.0,379.7774508377944,288.22388123550263,247.0007030837095,256.378454639139,256.378454639139,0.0,0.0,0.0,0.0,0.0,97.43580279103821,89.64093856775517,213.03993476641054,220.83479898969358
288,Volkswagen ID.4,11.0,9573.61844100043,1362.3259041543613,40,private,18,14,False,0.0,472.37169937526227,429.7028526249403,329.9633024043542,334.5755477793442,334.5755477793442,1480.7890262547419,1.9021739130434783,1.9021739130434783,0.0,0.0,121.19180757799555,111.49646297175588,249.29261456767392,258.9879591739136
289,Tesla Model Y,11.0,12646.143401465164,2084.084432561459,47,workplace,13,8,False,0.0,722.6336238990275,514.3091247449145,504.4300217954164,517.3878608369562,517.3878608369562,197.3091658276727,701.8176301020951,701.8176301020951,0.0,0.0,185.39907283350448,170.56714700682414,375.81291006889546,390.6448358955758
290,BMW iX1,11.0,10865.601206562927,1512.4916879535594,40,public,18,5,False,0.0,524.4400526708541,488.6672087747205,447.01235357149193,450.8291298329131,450.8291298329131,1644.0127042973472,1207.1329263030846,1207.1329263030846,0.0,0.0,134.55047801030145,123.78643976947733,197.39736260741836,208.16140084824247
291,Tesla Model Y,11.0,14759.829211828916,2432.4198541094056,55,private,17,12,False,0.0,843.4151450661963,763.4758449075777,607.7611820106077,616.0870316138879,616.0870316138879,2643.934624031965,48.509867006858286,48.509867006858286,0.0,0.0,216.38681170869194,199.0758667719964,426.40398022430475,443.7149251610003
292,Ford Mustang Mach-E,11.0,9893.910871640603,1500.9062792278794,40,private,0,13,False,0.0,520.4229381235796,369.33227733613484,327.53489469038885,343.29485221111594,343.29485221111594,0.0,0.0,0.0,0.0,0.0,133.5198460442546,122.83825836071429,299.9663442731779,310.64793195671825
293,Tesla Model Y,11.0,13138.54656811913,2165.2324744260327,49,private,19,12,True,2.23681886649644,750.7708253716356,635.5643835980856,536.1424791704374,542.7282449017808,542.5688783168882,1617.0,18.072647490063556,28.068039456219097,2.1057308063047095,0.5243269707698724,192.78688674926457,177.20852380028688,385.2511042701417,401.51316077478185
294,Peugeot e-208,11.0,11163.335374377542,1388.7189205725663,46,private,23,13,False,0.0,481.52319093766204,363.46955136988316,320.40357350838207,335.903713330018,335.903713330018,0.0,0.0,0.0,0.0,0.0,123.53971666304169,113.6565393299985,259.27601693764257,269.15919427068576
295,Audi Q4 e-tron,11.0,12692.75384133987,1889.9510469755069,41,private,16,15,False,0.0,655.3199825925942,591.0110388455442,476.17066533875754,485.82768041828496,485.82768041828496,1603.2946162777243,12.604746738481092,12.604746738481092,0.0,0.0,168.12906729470362,154.67874191112747,324.17104408543673,337.62136946901285
296,Cupra Born,11.0,9970.724730447417,1373.9658678556539,40,public,9,3,False,0.0,416.8692000000003,271.472732542,271.04338122400003,271.2277525855653,271.2277525855653,0.0,0.0,0.0,0.0,0.0,106.95207172320004,112.44910930833078,258.09055672276577,252.59351913763504
297,BMW iX1,11.0,10841.466145762033,1509.1320874900748,40,workplace,9,9,False,0.0,523.2751477275365,345.3921781008703,321.11507665781033,331.5045849807507,331.5045849807507,0.0,11.956521739130437,11.956521739130437,0.0,0.0,134.25160969129783,123.51148091599407,315.28204366277987,326.02217243808366
298,Renault Megane E-Tech,22.0,10697.057454335332,1425.9177586628998,40,private,17,12,False,0.0,494.4214837102885,497.1937177667216,363.7778263285026,366.1067676752761,366.1067676752761,1549.910607242282,0.0,0.0,0.0,0.0,126.84890605320254,116.70099356894634,245.01570960395873,255.16362208821494
299,Hyundai Kona Electric,11.0,9119.034918487727,1135.319847351722,40,public,11,5,True,6.684532700113389,393.6598166360863,243.26015123318948,236.63929501898852,242.5908273492921,148.91949477196516,0.0,0.0,0.0,460.6244856563524,114.69549692843178,137.9497187115773,92.91766891852915,243.98665820532335,497.38553750413024
300,Renault Megane E-Tech,22.0,12399.958560734038,1652.9144761458474,46,private,17,15,True,4.730270333740399,573.1301281418748,500.3640494157992,377.2542211050554,380.9380598180255,373.00207474552144,1796.6461697237478,2.445652173913044,61.386461407634556,43.4385925320899,10.81620954049039,150.52715066580024,135.27902326680922,327.4710915906585,361.471413602644
301,Tesla Model Y,11.0,12374.045322216618,2039.2426691012986,46,public,17,4,True,5.083194656979754,639.19944,586.27946564,585.4327473279999,585.9136135332172,573.196232063151,2003.7599999999982,2003.759999999997,2003.759999999997,43.6425283849064,10.866989567841692,167.49427087116618,166.89717493628095,220.18300140306368,244.36446837585686
302,Volkswagen ID.4,11.0,12249.884781843191,1743.1586044562862,40,private,17,12,True,3.459472007626249,604.4212987190818,552.9042497768344,453.24286457236417,459.52138334930174,454.1568361191962,1894.7376135394393,29.977135990659953,66.4906217449225,24.113287542401864,6.004208598058067,157.00490554316357,142.66484855274103,287.56476392252114,313.27357674110726
303,Volkswagen ID.4,11.0,14315.954782079642,2037.1603654899332,44,workplace,9,8,True,2.319862712041367,706.3632136861833,498.6660705070364,479.89446167537176,491.084265385649,437.8101274816846,0.0,0.0,0.0,230.27850684675656,57.33934820484242,199.6981519823528,166.72675353653176,382.005701837066,525.5905863916938
304,Peugeot e-208,11.0,14124.065114707504,1757.0337002696135,58,public,4,4,True,5.687302225959078,609.2323373760942,465.70253140906834,460.0803446365936,464.8220765282637,462.42205304227775,0.0,0.0,0.0,9.363274693443541,2.3314553986674422,157.05595023609325,143.80042418986474,288.21068503769516,306.19768996857715
305,Kia EV3,11.0,10128.871129230394,1356.25584420395,40,public,21,6,False,0.0,470.26697206636976,373.175985718863,349.49765313963496,353.74091746263304,353.74091746263304,440.0,68.13953981586143,68.13953981586143,0.0,0.0,120.65181818540316,110.9996727305709,227.52572733430762,237.17787278913988
306,Tesla Model 3,11.0,11766.984577370851,1376.7371955523895,40,public,14,6,False,0.0,477.3686580230565,353.2493074852901,349.56895585005464,358.02119125536416,358.02119125536416,176.4534734265102,440.7009545879955,440.7009545879955,0.0,0.0,122.4738286044872,112.67592231612826,232.02338908382063,241.82129537217958
307,Hyundai Kona Electric,11.0,9584.314490524514,1193.2471540703018,40,private,17,14,False,0.0,413.74548059611527,395.501681287007,312.92632610465904,316.55262689760417,316.55262689760417,1297.0077761633722,5.434782608695652,5.434782608695652,0.0,0.0,106.15064945039266,97.65859749436122,194.85145119287233,203.34350314890378
308,Volvo EX30,11.0,11001.148142290876,1479.6544251381229,40,public,7,5,True,2.06232829918941,513.0540887163711,411.13314223650696,382.82258018937875,390.7085460323561,377.7216395213443,0.0,0.0,0.0,53.83310831168746,13.404443969610185,135.9478958062508,121.09894873195807,243.4444914159731,284.6847889708878
309,Tesla Model Y,11.0,9636.548706429687,1588.1032268196122,40,private,19,14,True,4.17017807878158,550.6575319081047,457.4154377505395,373.75209053828604,379.51262892111254,376.4456909122238,1320.0,0.0,16.655680472187786,17.507132696965897,4.359276041544509,142.68129991683085,129.97469407610694,301.11959706309915,321.2524169542562
310,Kia EV3,11.0,14497.953977007952,1941.276037521365,40,workplace,16,9,False,0.0,673.1163651840384,594.2823609242992,519.3009651777284,528.07404021995,528.07404021995,1670.0826494797452,701.1216314543848,701.1216314543848,0.0,0.0,172.69491189855958,158.87931894667474,303.9216439107631,317.73723686264793
311,Tesla Model 3,11.0,11746.498949251089,1374.3403770623772,40,private,5,13,True,6.006744657109695,476.5375872640198,392.67290112261605,297.54724738359425,313.23536081792565,187.4241376347173,0.0,0.0,31.33209595617205,599.1243958574736,149.18197456851092,170.3236116896411,112.4797601619721,275.78198660806623,608.6190358874545
312,Volvo EX30,11.0,10472.516209451316,1408.553430171202,40,private,10,15,True,5.021536518994607,488.4005915484931,324.7910306902514,307.893046539143,323.96028602059516,223.5006382656815,0.0,150.229006558957,151.5483932483917,483.8600663604789,120.4811565237593,164.12044339166908,115.27984962475499,279.7201551526529,549.5015531982399
313,Tesla Model 3,11.0,13564.024672365465,1586.9908866667593,44,private,10,13,False,0.0,550.2718400507565,390.1139394069239,363.2626607543469,377.32868619763644,377.3286861976364,0.0,310.2998074769593,310.2998074769593,0.0,0.0,141.17788818259,129.8836571279829,302.826810981103,314.12104203571016
314,Tesla Model 3,11.0,6196.352252548048,724.9732135481215,40,private,18,12,True,4.032511018835551,251.3765816541855,242.9739537503707,177.22397164817167,178.12489779957687,175.94499491362942,788.0143625523065,1.358695652173913,25.114760676508848,12.019207249644502,2.9927826051614805,65.45744773984505,59.333782623811985,132.58546647842059,143.8818170855626
315,Tesla Model 3,11.0,6539.115317245016,765.0764921176668,40,workplace,17,9,True,6.243860425302383,265.28195759297347,236.97203094121895,187.91823840202494,191.43370378452195,181.49066737239883,831.6048827365935,19.711479907291682,75.8360032928441,44.07501653727165,10.974679117780633,71.59659822121772,62.615944183274394,136.4641979917259,166.362567559573
316,Tesla Model 3,11.0,12692.886654931304,1485.0677386269626,42,public,15,5,False,0.0,514.9310963282622,431.6830788216465,422.3461120942478,429.1490411640896,429.1490411640896,690.204063724959,789.3791316677707,789.3791316677707,0.0,0.0,132.1108576671202,121.54198905375067,207.3240442179233,217.89291283129282
317,Hyundai Kona Electric,11.0,11082.425901377035,1379.7620247214406,40,public,13,6,False,0.0,478.4174846588468,292.8760064551768,292.8641184898336,298.5231224617645,298.5231224617645,0.0,133.32044553106115,133.32044553106115,0.0,0.0,122.74291584234568,112.92348257495807,292.81784477204036,302.63727803942794
318,Volvo EX30,11.0,11498.477397571065,1546.5452099733081,41,private,20,13,False,0.0,536.2477412842235,435.39862936220385,379.0894964202915,386.48221511665514,386.48221511665514,902.0,7.880434782608695,7.880434782608695,0.0,0.0,137.57986171018212,126.57347277336754,276.3389989409359,287.34538787775045
319,MG4 Electric,11.0,8045.192533732378,1144.0263782967443,40,public,18,4,True,3.3748543691855826,396.6787116050666,353.9351962750599,334.3665054104841,337.3788349039774,334.22950320566827,1243.5069329312437,1243.5069329312435,1243.5069329312435,11.03433448259363,2.7475492861658144,102.65719192345038,93.63023512766006,152.93011182874926,167.85394960901456
320,Ford Mustang Mach-E,11.0,10899.118173237697,1653.3962268801586,40,private,15,14,False,0.0,573.2971699725769,482.45708320939514,404.34943097327255,417.7957569384737,417.7957569384737,917.1698118262599,14.673913043478262,14.673913043478262,0.0,0.0,147.08527289042854,135.31845105919422,290.8198640932974,302.5866859245317
321,Kia EV3,11.0,15337.685608778938,2053.7161030155,43,private,11,13,True,3.213370214775135,712.1037357195053,484.4821751462227,453.66252238137116,476.84989789399674,411.72412625457866,0.0,328.04804133158495,346.65590617411556,289.32304133781525,72.04143729311599,205.90761696015892,168.08172019345315,403.3355580189617,578.3286637182015
322,Tesla Model 3,11.0,12754.99716735294,1492.334668580294,42,public,13,6,False,0.0,517.4508253012109,353.7518071714909,353.4711605563402,359.8084153282856,359.8084153282856,0.0,203.8434787065903,203.8434787065903,0.0,0.0,132.75731999592233,122.1367343962485,279.77914436917376,290.3997299688476
323,Volkswagen ID.4,11.0,11321.657333862759,1611.0718386086705,40,private,20,13,False,0.0,558.6216483871366,444.00039825023566,385.9707489446644,392.4543494975712,392.4543494975712,880.0,1.358695652173913,1.358695652173913,0.0,0.0,143.32011720806722,131.85450783142198,298.0218067209874,309.4874160976326
324,Peugeot e-208,11.0,9988.471936870186,1242.5659089466512,41,private,19,15,False,0.0,430.8462227760673,366.2627071533853,288.4353236972564,296.18264779226644,296.18264779226644,1350.6151184202722,0.0,0.0,0.0,0.0,110.53802036709769,101.69497873772993,236.35855372153077,245.20159535089854
325,Hyundai Kona Electric,11.0,10085.885454406027,1255.6927390735502,40,private,19,13,True,6.415634410179617,435.3978084396335,385.4933376747938,315.4292380088445,318.81902938871224,316.3844819526751,1320.0,2.989130434782609,21.8897258855544,13.337488639861974,3.3210346713256325,112.77573741079507,102.76931427280061,219.34809332372186,235.11009856907907
326,BMW iX1,11.0,6287.056622651961,875.158281873153,40,private,20,12,False,0.0,303.45162164949534,253.2407031992215,207.55506393309633,209.96311794140541,209.96311794140541,880.0,0.0,0.0,0.0,0.0,77.85362795615072,71.62533771965867,165.11384142774858,171.34213166424064
327,Volkswagen ID.4,11.0,11514.232521817341,1638.4752878546078,40,public,12,6,True,4.603853039795844,568.1234965495872,391.72820674363595,391.4615820924422,397.3281834534379,324.95991520728643,0.0,74.83427041897912,82.98644433202257,317.387945875523,79.02959852300522,171.2194337901897,134.09728076470526,304.8925938608546,493.41261365549576
328,Volkswagen ID.3,11.0,12801.60800757526,1738.4583674287203,50,private,17,14,True,3.7006947684423968,602.7915426193066,544.5063541453674,431.49091392403903,436.43389674915716,429.1740239585747,1889.6286602486073,4.36866016149392,56.917586546645204,34.10249122597363,8.491520315267431,157.38812954613607,142.28016835095937,308.6378142211088,339.4971685221354
329,Volvo EX30,11.0,7499.393673496353,1008.6684490852593,40,private,5,14,True,6.108865296866002,349.7448209328238,270.96407810351025,212.29002662525585,223.40115718355335,109.21107163678005,0.0,0.0,41.2681643773168,563.8775711094122,140.40551520624362,134.96605271857482,82.55217348599295,208.8958372352634,515.9053172208622
330,Skoda Enyaq,11.0,9501.497005848072,1344.4618263275022,40,private,21,14,False,0.0,466.1775245635573,381.76098481777734,332.92901998759305,342.91038058636246,342.91038058636246,440.0,0.0,0.0,0.0,0.0,119.60262845723659,110.03441818065772,233.30156215785257,242.86977243443144
331,Volvo EX30,11.0,8415.152455408806,1131.8380052524844,40,private,18,13,True,2.5175513415502926,392.4525257342855,362.5975677730693,279.424069222488,281.50135111130857,280.32955160131337,1230.258701361396,0.0,15.556852678925852,6.899729313940566,1.7180325991712007,101.24123395352152,92.63270547658965,203.58388009956656,215.08224068566483
332,Skoda Enyaq,11.0,8835.880883368807,1250.2771449966863,40,workplace,9,9,False,0.0,433.5200100586332,302.13325863933375,272.4092365166768,281.59500384367357,281.59500384367357,0.0,7.359549863860299,7.359549863860299,0.0,0.0,111.22400793638236,102.3260873014718,254.25109351643144,263.149014151342
333,Peugeot e-208,11.0,11067.12476273996,1376.750320484851,45,public,6,4,True,5.359437928827459,477.37320895072565,358.0218424194474,345.8386507636624,350.2356779530745,339.80675087999083,0.0,0.0,0.0,44.43850002415682,11.065186506015051,126.0399449179522,112.67699649635324,239.81452749400438,274.67158949470206
334,Tesla Model Y,11.0,6385.159280575241,1052.2742494387996,40,public,18,6,False,0.0,364.86465822932297,334.87961414815106,283.2140548463116,286.9850153645077,286.9850153645077,1143.7763580856517,409.017377503891,409.017377503891,0.0,0.0,93.60977279252918,86.12099096912685,164.00063383394212,171.48941565734444
335,Volkswagen ID.3,11.0,12295.25226000197,1669.6952569082673,48,public,18,4,False,0.0,578.9486814714534,546.6642896003299,528.2219160028696,530.0980864829386,530.0980864829386,1814.8861488133334,1814.8861488133327,1814.8861488133327,0.0,0.0,148.53522616875262,136.65240807525245,185.50300306376724,197.3858211572674
336,Tesla Model Y,11.0,12600.942603154765,2076.635340999905,47,private,19,12,True,5.869248806595003,720.0507323684446,618.3848503839486,520.2440070389648,526.845304573123,525.3552701801758,1551.0,10.869565217391305,33.574454972219314,9.753674776925804,2.4286650194545243,185.51886554151767,169.95749306210115,363.16292085742276,382.64299274924105
337,Skoda Enyaq,11.0,10400.085332199162,1471.6120745061814,40,public,10,3,True,3.963550292804619,416.8692000000003,268.96256370500004,268.634275217,268.7731419402176,240.58646388671832,0.0,0.0,0.0,136.89104996966586,34.085871442446795,117.93375593758643,120.44074084887687,268.5367989086596,328.30236349331517
338,Tesla Model Y,11.0,5517.248363133854,909.2425302444591,40,private,21,15,True,2.164338351332345,315.26996429128525,249.26612049388433,193.40200616524982,203.07505619748375,192.0775790311784,440.0,1.358695652173913,1.358695652173913,56.807991633736876,14.14518991680048,85.44300007861739,74.41488545185894,186.60979354566044,222.78057525552472
339,Ford Mustang Mach-E,11.0,8767.843209054767,1330.0818148136082,40,private,19,14,False,0.0,461.19141187558836,413.72399968459075,336.86478370515044,342.8896269682534,342.8896269682534,1320.0,1.0869565217391304,1.0869565217391304,0.0,0.0,118.32339007305363,108.85751886720927,227.15930377454418,236.62517498038858
340,Tesla Model Y,11.0,13650.055235684906,2249.529102840873,50,workplace,13,8,True,2.193613006144981,779.9997650067799,541.1674129500848,532.9466717844471,548.4135226009306,515.8557181789536,245.14032917486162,789.9205213562025,791.2792170083763,147.2127067754063,36.65596398707616,211.92665405302972,184.10758949377322,415.69383189962247,512.7266648679322
341,MG4 Electric,11.0,5000.0,711.0,40,private,19,15,False,0.0,246.53152173913014,223.01276206956518,158.06790992826086,163.73452945108687,163.73452945108687,772.8260869565213,0.0,0.0,0.0,0.0,63.25019213478259,58.190176764000014,140.98716905204327,146.04718442282586
342,BMW iX1,11.0,10188.923727296193,1418.2981828396298,40,public,21,5,False,0.0,491.7794786150449,396.5874392404929,380.1063051650511,383.1637960019595,383.1637960019595,440.0,145.14920962494972,145.14920962494972,0.0,0.0,126.17107253026663,116.0773867278454,224.69306934093083,234.78675514335205
343,Volkswagen ID.3,11.0,8365.798295156703,1136.0754084822802,40,workplace,17,8,False,0.0,393.92179924548606,352.2386852737647,300.5504920611883,305.5108506842985,305.5108506842985,1234.8645744372607,233.1829110661468,233.1829110661468,0.0,0.0,101.06468054304621,92.97950609960253,181.3904546607901,189.4756291042338
344,Renault Megane E-Tech,22.0,12712.008960470792,1694.5107944307567,47,public,17,5,False,0.0,587.5531993732732,554.077996508342,482.8076857951486,489.61366287009014,489.61366287009014,1841.8595591638666,1841.8595591638668,1841.8595591638668,0.0,0.0,150.74280354741003,138.68337926361718,236.62291576680022,248.68234005059307
345,BMW iX1,11.0,9471.500444805819,1318.43286191697,40,private,17,12,False,0.0,457.15226407773173,419.95163356045225,335.0074953183831,338.8575497631327,338.8575497631327,1433.079197735836,3.5326086956521743,3.5326086956521743,0.0,0.0,117.28710525043549,107.90413683040072,226.19885114499976,235.58181956503455
346,MG4 Electric,11.0,11834.659305410989,1682.8885532294426,44,private,17,12,False,0.0,583.5233135654261,536.6492108107461,416.2401110466592,422.2977515104983,422.2977515104983,1829.2266882928732,18.747246868316275,18.747246868316275,0.0,0.0,149.7088949833877,137.73218338471662,298.9577454396444,310.9344570383155
347,Volvo EX30,11.0,12188.358317980314,1639.334193768352,43,workplace,15,9,True,5.334810817817031,568.421312839244,479.8027144528712,422.2624678466495,433.15399268036947,395.3440545432573,835.8849932264701,580.9493788046981,572.2578526400524,156.91712551403725,39.07236425299529,158.4225392690645,134.1675759643458,269.43489612322037,370.5721618180465
348,Volkswagen ID.3,11.0,14971.334589008744,2033.1072371873875,59,private,19,12,False,0.0,704.957835503019,604.4737873491432,500.68638250508707,505.81739346549386,505.817393465494,1947.0,2.717391304347826,2.717391304347826,0.0,0.0,180.86416790818464,166.39503447552994,365.53547651305513,380.0046099457097
349,Tesla Model Y,11.0,10505.55714335094,1731.315817224235,40,private,7,14,True,3.731072276805458,600.3149409723163,431.5925600266352,357.605490094592,376.8307086884868,296.82447224692623,0.0,102.51716397957799,137.0566497292453,401.8558423124809,100.06210473580776,186.25466925555492,141.69560258591753,365.179834869747,589.8072427167527
350,Volkswagen ID.3,11.0,11773.537169473519,1598.8463476145037,46,workplace,8,7,False,0.0,554.3825922706815,421.12877255644196,366.1403006608604,378.054058652426,378.054058652426,0.0,0.0,0.0,0.0,0.0,142.23254385458893,130.85394034622192,307.18247396447737,318.5610774728444
351,Tesla Model Y,11.0,7697.728500710915,1268.5856569171588,40,public,20,4,False,0.0,439.86828756149345,375.49967049649905,361.70738068099047,364.054336406232,364.054336406232,880.0,531.9607435986935,531.9607435986935,0.0,0.0,112.85272368416271,103.82450578942974,179.6384569446912,188.66667483942416
352,Volkswagen ID.4,11.0,13557.0057036133,1929.1619116241727,42,workplace,16,9,False,0.0,668.9159237044685,616.5639652658953,516.9679497797048,526.3420685080246,526.3420685080246,1634.915121330623,650.7121961788137,650.7121961788137,0.0,0.0,171.61724552648872,157.8878658843696,300.4617210808135,314.1911007229326
353,Volkswagen ID.3,11.0,9284.48562272371,1260.83314756588,40,private,22,14,False,0.0,437.1801892103435,326.0063718083915,294.17538820949403,305.75068113354337,305.75068113354337,0.0,0.0,0.0,0.0,0.0,112.16306446335392,103.1900193062856,234.6195273830857,243.59257254015404
354,Kia EV3,11.0,9721.948380647837,1301.7688881687454,40,private,17,15,True,5.470225065930736,451.3742123106842,416.1395654741201,312.7427452762704,317.4222100710165,308.15092061009585,1414.9661827921138,2.7654589176289504,59.25772901850927,45.346745660914834,11.291339669567794,119.44249684435117,106.54031182618152,240.49231406584923,273.9571282145073
355,Volkswagen ID.4,11.0,10901.277329280229,1551.2517639565765,40,private,20,14,False,0.0,537.8796877197259,445.5552975461867,384.3771702985114,393.5243818197427,393.5243818197427,880.0,5.163043478260869,5.163043478260869,0.0,0.0,137.99855431740346,126.95866997201126,271.31397587199444,282.3538602173867
356,Renault Megane E-Tech,22.0,7527.283283705729,1003.3868617179738,40,private,20,12,True,2.6752540233988737,347.9134879217758,299.7612117718293,245.0810482870036,246.53024596546823,246.12574322704657,1090.6378931717106,0.0,2.195731678521917,3.0469062311810413,0.7586796515640797,89.50520521803651,82.11991398881031,183.5031559451179,192.05162956432983
357,BMW iX1,11.0,11451.006363354374,1593.9800857789287,41,private,16,15,False,0.0,552.6952688733461,512.818367798616,392.2444127491988,400.91898952824255,400.91898952824255,1281.5870497597061,1.6304347826086958,1.6304347826086958,0.0,0.0,141.79964371945795,130.4556722219012,282.2319515670048,293.5759230645615
358,Kia EV3,11.0,13068.751137705773,1749.905777338803,40,private,10,12,False,0.0,606.7608075772587,347.0544607726122,340.82331338573886,353.6521397988659,353.6521397988659,0.0,243.73975840639156,243.73975840639156,0.0,0.0,155.67071256602716,143.21705556074514,396.3257233391379,408.7793803444199
359,Volkswagen ID.3,11.0,11591.525073459068,1574.1291049757413,46,private,23,12,True,2.181528380522376,545.812157051371,393.73151221239016,341.3087864415352,356.40991629884184,349.0126742229311,0.0,0.0,0.0,38.79503490236838,9.659963690689727,143.14592897629154,128.83101387889664,318.2332546314258,349.60537549542113
360,Ford Mustang Mach-E,11.0,7470.3143344485925,1133.2466845358515,40,private,3,15,True,6.275819732421068,392.94096996406114,292.756575931958,222.23609710297714,233.0153837299645,113.6926880135496,0.0,0.0,32.0440261093115,629.7849816392903,156.81646042818332,151.33569738505486,92.74799562638279,252.67358186047943,587.4004397637498
361,Tesla Model Y,11.0,10678.857645418046,1759.875739964894,40,private,18,12,True,2.8158907853207182,610.217783748697,546.2920827690995,430.1224727318029,435.0504041458847,433.8556034566307,1760.0,7.601942389396415,25.815217391304323,7.047102123036025,1.75472842863597,157.12296844496635,144.03302446024261,319.20040406305486,335.23987716566864
362,Tesla Model Y,11.0,12575.043297525084,2072.3671354321336,46,private,19,14,True,4.53624316230858,718.5707784813585,603.1057188776642,496.7386953461586,505.3470892540021,501.3319848298263,1518.0,8.479847245560812,24.648119985311986,21.745320115858842,5.414584708848855,186.10116286628607,169.60817149184277,382.83186071919914,408.75454122666713
363,Tesla Model Y,11.0,6837.204602534662,1126.7713184977124,40,private,19,13,True,4.1216821446150576,390.6957071747502,339.98265088902406,272.0564127427052,274.75022531513554,273.6503918746999,1224.7514331496866,1.2709597417856637,16.715011262530197,8.60996487635638,2.1438812542127392,100.92770276854273,92.21803403092439,208.1635158905391,220.1168993228058
364,Hyundai Kona Electric,11.0,8596.262429739207,1070.234672502531,40,workplace,8,9,False,0.0,371.0922397046822,286.67409667367616,239.57911341480855,248.93689023266646,248.93689023266646,0.0,0.0,0.0,0.0,0.0,95.20752273571203,87.59092091685507,209.7462703888708,217.36287220772778
365,Tesla Model 3,11.0,12869.63049293853,1505.7467676738079,42,private,19,12,False,0.0,522.101324878201,454.417562228831,373.3702870507068,377.763491340513,377.763491340513,1386.0,2.989130434782609,2.989130434782609,0.0,0.0,133.95045339197787,123.23441712061961,267.57225065830767,278.2882869296659
366,Renault Megane E-Tech,22.0,11541.509000892058,1538.4831498189114,43,public,10,3,True,4.274626136671528,533.4523095567747,368.74839473949993,351.241586065606,355.1035805412092,320.412445899219,0.0,0.0,0.0,157.9907545910044,39.339697893160086,149.5370113321837,125.91365180927986,304.2623808248453,401.91657288289946
367,Hyundai Kona Electric,11.0,11852.21776485759,1475.60111172477,40,private,20,13,False,0.0,511.64864634804474,420.9597126976154,368.83013936959605,373.8162942170567,373.8162942170567,880.0,1.358695652173913,1.358695652173913,0.0,0.0,131.26871143585157,120.76721452098353,258.5995666519716,269.1010635668396
368,Tesla Model 3,11.0,15022.293628695052,1757.608354557321,49,private,14,13,False,0.0,609.4315925041141,469.1333427149948,410.83424027846127,432.63375476977,432.63375476977,293.443863649262,58.38842341046864,58.38842341046864,0.0,0.0,156.3559298501403,143.847455462129,320.64529319647306,333.1537675844844
369,Audi Q4 e-tron,11.0,11976.130584928584,1783.2458440958662,40,private,19,15,True,6.331378867079862,618.3211133332405,533.2557135209682,449.08288927589336,459.57046327065564,447.4357009463227,1320.0,4.524230657384041,23.34816839301077,54.78841011166278,13.642314117804036,163.031867654772,145.94569744248506,304.69634750507,347.5595941594939
370,Renault Megane E-Tech,22.0,12390.774742848664,1651.6902732217268,46,private,20,14,True,6.611947869978152,572.7056490844896,489.576177140946,389.78096873489045,395.2355686421563,382.9121157696984,1795.3155143714416,0.0,10.870089455902999,60.5045305272495,15.065628101285126,151.78731118192144,135.1788311647704,312.6489116071036,356.64647259799773
371,Volvo EX30,11.0,16886.532704608133,2271.2386487697936,60,private,13,12,True,4.7841620818539035,787.5273140843093,564.776883162578,527.4563462891233,553.9560103263228,455.16070955330963,0.0,341.23456229942303,335.7059097689286,444.0735647270574,110.57431761703728,237.6727183345588,185.8843578693992,419.45566162738567,680.6136404825958
372,Tesla Model 3,11.0,10481.768017781826,1226.3668580804735,40,public,11,6,True,3.0133889393385873,425.22937796486013,274.18133184984,271.1804050561945,277.35930649818175,227.63349593584698,0.0,0.0,0.0,233.4597314022261,58.13147311915433,127.82558549877959,100.36920428862739,248.23927575530575,383.5529406469471
373,Tesla Model 3,11.0,9202.636747675495,1076.708499478033,40,public,19,4,False,0.0,373.33696884075306,329.8769283286255,307.9296144759805,310.77649116912914,310.77649116912914,1170.3353255196005,742.9757060111191,742.9757060111191,0.0,0.0,95.78343103395085,88.12075655123482,150.68123422285873,158.34390870557476
374,Tesla Model Y,11.0,11886.87411216122,1958.9568536841691,44,private,8,15,False,0.0,679.2469960057069,487.6351393137992,435.408754603167,456.29411842347844,456.29411842347844,0.0,335.2198116548712,335.2198116548712,0.0,0.0,174.2677881565019,160.32636510398189,383.2792426862104,397.2206657387304
375,Tesla Model Y,11.0,11911.39035436168,1962.997130398805,44,private,13,15,True,6.722648329263129,680.6479180404558,484.59011482763526,434.3024926182139,458.93826753224636,379.14555153643863,197.69253304217915,48.22127298416021,91.45186027638448,390.70585772094364,97.28575857251496,205.97044409436668,160.65703235602143,382.3666828642309,604.7585691708988
376,Ford Mustang Mach-E,11.0,9796.493291637804,1486.1280323414549,40,workplace,10,7,False,0.0,515.2987416488305,341.89690798809613,333.552014046235,342.013673405317,342.013673405317,0.0,0.0,0.0,0.0,0.0,132.2051808473747,121.62876637958479,294.9138346230983,305.49024909088826
377,Kia EV3,11.0,8689.050527174884,1163.463865588717,40,private,22,14,True,3.34256823819911,403.41844904652214,321.5407536020715,272.75288112921197,287.54451642611605,269.0525986627298,0.0,0.0,0.0,84.79256206096383,21.113347953180014,110.30337887457466,95.22105203535048,211.09498465575658,265.78257721154705
378,Tesla Model 3,11.0,16008.55928437727,1873.0014362721404,52,private,18,13,False,0.0,649.4428893161004,590.1209764703717,465.103761856976,470.78924088098086,470.78924088098086,2035.8711263827622,0.0,0.0,0.0,0.0,166.62123869611358,153.29153960042441,331.94518803554394,345.2748871312331
379,Skoda Enyaq,11.0,11665.78720014977,1650.7088888211927,40,public,14,4,False,0.0,555.8256000000002,460.6382405679999,460.62637869599996,461.32082917704355,461.32082917704355,422.40000000000003,434.7826086956524,434.7826086956524,0.0,0.0,142.6027622976,135.09851199213958,229.60328281509626,237.1075331205567
380,Volkswagen ID.4,11.0,9346.295014729454,1329.9777805960011,40,private,23,13,True,6.870548094902912,461.15533914143947,350.47360868590084,303.8653623307164,321.3336064382145,280.8634001833878,0.0,0.0,0.0,187.4223223991446,46.66815827738702,133.34954303448234,108.8490044234511,248.6707371266761,360.30964026992103
381,Ford Mustang Mach-E,11.0,12955.887361992322,1965.4081128142352,40,workplace,10,8,True,2.141718852856992,681.4838999866746,459.00326135941737,455.7449097236941,463.93302350586157,423.0756606629781,0.0,60.348267000773646,64.96783221816493,181.8953934974523,45.291952980865624,189.43371491208978,160.85435372441634,378.4052302052294,493.1339072166519
382,Renault Megane E-Tech,22.0,10710.972118080677,1427.7725833401544,40,private,17,13,False,0.0,495.06462400598826,464.9683035685266,359.07670063517253,362.7173768833408,362.7173768833408,1551.9267210219073,42.93478260869567,42.93478260869567,0.0,0.0,127.01391029682111,116.85279747307528,249.20004459572272,259.36115741946855
383,Kia EV3,11.0,10396.18963256395,1392.0497918003132,40,private,17,12,False,0.0,482.6781343307607,431.54437559612705,337.22721470179204,342.47424750386534,342.47424750386534,1513.0975997829498,25.383140858712682,25.383140858712682,0.0,0.0,123.83602924409843,113.92914690457052,254.1330337314659,264.0399160709938
384,Tesla Model 3,11.0,12181.37758949274,1425.2211779706506,40,private,16,13,True,2.3739076711367466,494.1799519267801,439.23139425555445,354.61386303950627,361.1083114264002,353.81413012660994,1109.1534543159246,5.978260869565218,37.52640775020546,32.77122767021502,8.160035689883536,129.4159145119981,116.64398350760686,249.7156240079868,277.94177200205183
385,Cupra Born,11.0,8120.777832572599,1119.0431853285043,40,public,13,3,True,2.5508502255306658,388.01606099977494,253.3418641781609,253.28649348169378,253.61065447618972,230.3449793700572,0.0,0.0,0.0,107.96060086617895,26.882189615678556,108.21032631130277,91.58554256092164,225.99094908450684,292.76359755669904
386,Skoda Enyaq,11.0,11722.253576578607,1658.698881085873,40,private,19,15,True,5.459785492248543,575.1358076808627,509.7745832346616,413.1153786881492,423.6557924302306,413.71492312163605,1320.0,4.584208725159593,22.88568713356625,46.998145190030684,11.702538152317636,151.32728304031534,135.75243472381996,287.23244997445215,324.4507057518597
387,MG4 Electric,11.0,15139.371028932537,2152.818560314207,57,public,4,5,False,0.0,746.466435587208,593.8347472449294,576.0634612224544,583.9137619457392,583.9137619457392,0.0,0.0,0.0,0.0,0.0,191.51362527594898,176.19253525387305,338.7452088953419,354.0662989174178
388,Tesla Model Y,11.0,11970.92908021211,1972.8091124189557,44,public,18,4,False,0.0,611.4081600000001,567.93016654,566.6893178319999,567.2463714873045,567.2463714873045,1916.6399999999983,1916.6399999999971,1916.6399999999971,0.0,0.0,156.86303852736,161.4600716923896,205.62186020508517,201.02482704005558
389,Peugeot e-208,11.0,10126.095492714212,1259.6862792936479,42,workplace,8,8,False,0.0,436.7825251029064,316.2240871699843,268.1734464543494,279.71343061093495,279.713430610935,0.0,0.0,0.0,0.0,0.0,112.06103965523576,103.09615648281697,260.1652509747884,269.1301341472072
390,Volkswagen ID.3,11.0,9839.43943586215,1336.1958753900801,40,private,17,12,False,0.0,463.31139592329936,417.9218309964835,315.68987441735925,320.7891290288873,320.7891290288873,1452.3868210761732,12.94010530951305,12.94010530951305,0.0,0.0,118.86729373857466,109.35791023948875,251.8801771339008,261.3895606329867
391,Tesla Model Y,11.0,10051.35545837421,1656.4633795400698,40,private,10,13,False,0.0,574.3606718187852,387.406475512176,374.56293871909423,390.59490707946816,390.59490707946816,0.0,344.62817656794425,344.62817656794425,0.0,0.0,147.35812520413617,135.5694751878052,319.3352399271223,331.12388994345326
392,Volkswagen ID.3,11.0,10393.82173507536,1411.480991623234,41,private,18,15,False,0.0,489.4156916606648,459.0564084020929,351.5260119277531,356.0265653238698,356.0265653238698,1534.2184691556877,0.0,0.0,0.0,0.0,125.5646187268115,115.51944922866669,248.90857556546166,258.95374506360645
393,Hyundai Kona Electric,11.0,10122.603693259385,1260.2641598107934,40,private,19,12,True,6.062538845250828,436.9828988909166,380.4120516542872,309.4959679780836,312.844965009143,311.4879104783719,1320.0,1.9093521687715598,19.930273846204184,8.218272857711817,2.046349941570242,112.77173451683079,103.14345179848668,227.2813856802603,240.31307287094577
394,Tesla Model Y,11.0,12956.722055953302,2135.267794821104,48,public,13,3,False,0.0,500.2430400000005,331.04867320799997,331.0356919649999,331.2615866598261,331.2615866598261,0.0,0.0,0.0,0.0,0.0,128.3424860678401,174.7561327976323,343.7375861378067,297.32393940801455
395,Kia EV3,11.0,7154.272063972327,957.9570293658945,40,private,11,15,True,3.2585532087471614,332.1611873562179,206.1688475026844,191.46674719774825,201.82892968290855,152.28323793701549,0.0,19.99766463945079,42.05821130965665,260.2085032297225,64.79191730420091,106.0938280156941,78.40181275825282,208.73407043156217,350.76369473909745
396,BMW iX1,11.0,12837.780110402573,1787.018991368038,46,public,10,5,True,4.529877519555662,619.6294111373953,416.05936005979913,405.37647045604893,410.67091151414064,337.00118416243026,0.0,0.0,0.0,339.2024244468364,84.46140368726225,186.1838075573723,146.25450209329276,355.2130017165474,553.2734382195996
397,Volvo EX30,11.0,10118.486509937791,1360.9364355866328,40,private,20,12,False,0.0,471.8899162523213,389.5628599299967,334.52544742155635,338.1865632282625,338.1865632282625,880.0,1.6304347826086958,1.6304347826086958,0.0,0.0,121.06820117310926,111.38274507926059,245.0860981033194,254.77155419716806
398,Kia EV3,11.0,11775.515650672865,1576.7415456250967,40,private,16,13,False,0.0,546.7179924504414,475.6152018277866,379.38499623098204,386.986334292704,386.986334292704,1273.8495061142355,11.324498522421107,11.324498522421107,0.0,0.0,140.26611210644379,129.04482313792823,288.7764812956657,299.9977702641812
399,Kia EV3,11.0,8481.896476660108,1135.7259382247885,40,private,20,14,False,0.0,393.8006242322906,316.5487762737992,263.25864467872293,269.73064423875235,269.73064423875235,880.0,2.601248321325775,2.601248321325775,0.0,0.0,101.03359184975261,92.95090450177244,217.0208844953107,225.10357184329087
400,Volvo EX30,11.0,13859.702036400266,1864.1299238958354,49,workplace,9,8,False,0.0,646.3667888290993,414.7363078086626,381.58212189331806,394.89487410550214,394.89487410550214,0.0,0.0,0.0,0.0,0.0,165.83203354516075,152.5654708615479,404.03738558514505,417.3039482687579
401,Ford Mustang Mach-E,11.0,13677.940562776403,2074.9435833731804,40,private,13,13,False,0.0,719.4641338000479,566.2746782569939,514.6529027597576,530.4907966232479,530.4907966232479,495.37346018823894,297.9420267350911,297.9420267350911,0.0,0.0,184.5859076191111,169.81903500958222,358.7923721863822,373.5592447959111
402,Renault Megane E-Tech,22.0,13051.503251392662,1739.7653834106418,49,private,19,14,False,0.0,603.2447362043417,554.526171478768,422.06010002184547,426.27688874624465,426.27688874624465,1891.0493297941775,0.0,0.0,0.0,0.0,154.76862836872994,142.38713809923138,319.35498555732846,331.736475826827
403,Tesla Model Y,11.0,7632.687041012149,1257.8668243588022,40,public,16,5,True,3.1604023033489392,436.1516488809322,400.89329832050595,374.7974699648375,382.84947221521765,369.1147752103577,927.2465482160896,1048.532737249023,1048.8624431088383,47.93499451293557,11.93581363372095,115.74462665847841,102.94724733475395,156.24942400046854,194.71731396277386
404,Cupra Born,11.0,12765.775145634656,1759.1238150684555,51,private,3,15,True,5.100157713558352,609.9570619639535,458.5765474907944,395.0629072684965,412.8286980871392,272.35986894331484,0.0,0.0,32.60869565217392,650.3347610250903,161.93335549524747,208.6619490575212,143.97148487847468,341.09984875528903,708.1924975734073
405,Audi Q4 e-tron,11.0,11836.632641922202,1762.4746003822158,40,private,22,12,False,0.0,611.1189103499206,459.60694857510805,430.2482135753912,440.25367122114477,440.25367122114477,0.0,0.0,0.0,0.0,0.0,156.78882856096945,144.245722276092,315.11096140486785,327.65406768974526
406,Volvo EX30,11.0,7434.455968779677,999.9343278008666,40,private,10,13,True,2.2865147727026307,346.71635931356144,237.9020752841502,222.6822305639411,232.17341080767483,186.51453000143164,0.0,187.4910771468568,193.19402974472996,214.94221286610448,53.52061100366001,106.19675097999182,81.83734920833187,196.3802977142185,319.9191912957816
407,Peugeot e-208,11.0,10896.788729541913,1355.5605179550141,45,private,17,12,False,0.0,470.02587524744536,418.70895968170316,328.55481230089634,333.62308217119556,333.62308217119556,1473.4353456032768,8.695652173913045,8.695652173913045,0.0,0.0,120.58996232205357,110.9427653362893,247.3455584125391,256.99275539830336
408,Tesla Model Y,11.0,11748.330530982845,1936.124871505973,43,private,17,14,True,6.3038384747730225,671.3302543591362,629.3308008195867,487.2731622708689,493.5365245994601,481.85372976082346,2104.483555984753,9.510869565217392,77.44243070307088,52.69257431969442,13.120451005603908,176.4637745367089,158.45773348819884,336.251463247875,379.0607501406256
409,Cupra Born,11.0,12167.8048496727,1676.7235082848981,49,private,18,14,True,3.711345371440114,581.385651242264,511.8322709893458,407.281100669806,411.7658772784156,408.83195462387766,1822.5255524835861,1.0869565217391304,30.503350703402525,17.00719115949815,4.234790598715039,150.5248079566053,137.22761931287266,306.84739327672105,327.31329517370665
410,Hyundai Kona Electric,11.0,11338.202393617994,1411.6061980054403,40,workplace,15,8,False,0.0,489.4591056127564,396.2285544755285,364.5456038884194,375.9773020632913,375.9773020632913,654.3545630493917,683.8603798927832,683.8603798927832,0.0,0.0,125.575757021792,115.52969646004863,229.01150000951372,239.0575605712571
411,Hyundai Kona Electric,11.0,11587.796802895762,1442.6807019605224,40,private,0,14,True,4.013065158517247,500.2338520928333,372.3920042511287,303.0379355195883,323.98253771325125,279.9296908379529,0.0,0.0,0.0,219.30613510322974,54.60722764070419,145.93332225347547,118.07291851068132,294.3242328902634,420.84471114906006
412,Tesla Model Y,11.0,14177.208949034279,2336.4040348008493,52,private,22,13,False,0.0,810.1227033711642,605.3030773374754,546.7617339772743,566.8913827013266,566.8913827013266,0.0,0.0,0.0,0.0,0.0,207.84529410075262,191.21767057269236,434.4489912425299,451.07661477059025
413,Audi Q4 e-tron,11.0,13635.01426270439,2030.2536237166837,44,private,19,12,False,0.0,703.9683760495894,567.7995010189773,494.0101978034153,499.9307176645774,499.9307176645774,1452.0,10.208834577981317,10.208834577981317,0.0,0.0,180.61031193026568,166.16148697584444,370.1991453608565,384.6479703152777
414,Tesla Model Y,11.0,5000.0,824.0,40,private,22,14,True,2.4317983725079833,285.7130434782608,221.1124207695652,183.63742817391304,190.95876859782612,178.36562277857297,0.0,0.0,0.0,62.403628747414146,15.538503558106123,78.30876231761607,67.43840457600001,162.19267945643466,201.19468657541
415,Volvo EX30,11.0,10254.809564905476,1379.2718864797864,40,private,20,13,False,0.0,478.24753455114376,390.6398011710425,332.5305655768645,338.4361576496041,338.4361576496041,880.0,2.989130434782609,2.989130434782609,0.0,0.0,122.69931339796146,112.88336832612451,252.69474522766416,262.5106902995011
416,Tesla Model Y,11.0,10589.414249678746,1745.1354683470574,40,private,21,13,False,0.0,605.1067547855561,463.9063750870538,413.8848951716724,423.0240024228271,423.0240024228271,440.0,18.35343491959708,18.35343491959708,0.0,0.0,155.2463483462381,142.826640478539,324.90939284126796,337.3291007089671
417,Renault Megane E-Tech,22.0,7112.904125727933,948.1501199595335,40,private,18,13,False,0.0,328.7607481164036,314.99085508899924,222.4047596801314,223.13403117349316,223.13403117349318,1030.5979564777542,0.0,0.0,0.0,0.0,84.34694410697287,77.59918857841501,183.22590552132544,189.97366104988328
418,Volvo EX30,11.0,11156.260897528764,1500.5170907176187,40,private,17,15,False,0.0,520.2879912379564,472.88490161443974,360.7626250373825,366.11771620782974,366.11771620782974,1630.996837736541,1.0869565217391304,1.0869565217391304,0.0,0.0,133.48522403574455,122.80640611288506,276.97668114301166,287.65549906587114
419,Audi Q4 e-tron,11.0,13684.77952157901,2037.6636707631146,44,public,15,3,False,0.0,458.5561200000004,383.0058953380001,382.9994785870001,383.3924206262175,383.3924206262175,469.48000000000053,478.26086956521766,478.26086956521766,0.0,0.0,117.64727889552006,166.7679454110925,241.93164478487546,192.810978269303
420,Hyundai Kona Electric,11.0,8570.416387496607,1067.0168402433274,40,public,18,4,False,0.0,369.976491345241,334.900895872624,310.7017755525397,314.0216919084954,314.0216919084954,1159.8009133079638,1159.8009133079634,1159.8009133079634,0.0,0.0,94.92126604281164,87.32756475938676,143.28236419613233,150.8760654795572
421,Tesla Model Y,11.0,11686.71805573082,1925.9711355844393,43,private,17,14,True,3.2395084491559145,667.8095567950389,604.3325681784987,485.55982998997894,491.75164587155194,486.23597653816097,2093.446886504824,10.097854792326576,51.587645450620315,25.934530249802037,6.457698032200705,173.41391759759767,157.62672408160387,333.68463500509085,361.44519588667634
422,Tesla Model Y,11.0,8944.3465847208,1474.0283171619878,40,private,19,12,False,0.0,511.1032969289933,442.12864770328684,365.58942861028544,369.6123214936785,369.6123214936785,1320.0,1.0869565217391304,1.0869565217391304,0.0,0.0,131.12879644529673,120.63849272967306,262.1294681649879,272.61977188061155
423,Tesla Model Y,11.0,9478.512668141508,1562.0588877097207,40,private,8,12,False,0.0,541.6269404123926,395.25338564365273,354.1879642200429,368.0340728607427,368.0340728607427,0.0,62.93958323720551,62.93958323720551,0.0,0.0,138.95995045497133,127.84315441857369,301.43602197022363,312.55281800662124
424,Volkswagen ID.3,11.0,14185.492058832377,1926.3898215894367,56,public,19,5,False,0.0,667.9547316163372,562.9404661124934,526.2583941583946,530.4841573695599,530.4841573695599,1848.0,921.0249037652953,921.0249037652953,0.0,0.0,171.37064183125378,157.66099048475354,295.1315647315309,308.84121607803115
425,BMW iX1,11.0,9761.798373955104,1358.8423336545502,40,private,13,14,False,0.0,471.16380916934975,315.99187431600836,296.0184970439142,316.96692039971083,316.96692039971083,0.0,37.67736415662095,37.67736415662095,0.0,0.0,120.88191094870128,111.2113580728053,265.4082468424442,275.0787997183402
426,Volvo EX30,11.0,11962.245350933268,1608.9219997005246,42,private,22,14,False,0.0,557.8762151135514,424.73209949125186,363.4340644258104,379.65528265667854,379.65528265667854,0.0,0.0,0.0,0.0,0.0,143.12886865110673,131.67855915901814,309.89949161589107,321.3498011079796
427,Peugeot e-208,11.0,6852.032325826438,852.3928213328088,40,private,11,12,False,0.0,295.557945657789,176.19310597412098,169.5748569863148,179.08587925627373,179.08587925627373,0.0,125.52017855061061,125.52017855061061,0.0,0.0,75.82842436513299,69.7621504159224,186.23421681743767,192.30049076664824
428,Tesla Model Y,11.0,15028.475459454787,2476.692755718149,56,private,9,15,False,0.0,858.7662924718364,584.2752508788996,508.74683022140727,531.2026112088089,531.2026112088089,0.0,342.5795531842794,342.5795531842794,0.0,0.0,220.3253061293913,202.69928163903992,530.2629629020674,547.8889873924188
429,BMW iX1,11.0,12269.808857411233,1707.9573929516437,44,private,20,13,True,2.939292740963405,592.2156612517115,491.19872941113607,428.130710786821,435.4291702480957,433.29169352953795,968.0,5.978260869565219,10.28243757731191,10.920045587917473,2.7190913513914508,152.81503472175228,139.78388551510096,296.5703765187167,314.45809379531727
430,Ford Mustang Mach-E,11.0,10550.325344595927,1600.4843547752023,40,public,19,3,True,2.2021596569650184,416.8692000000003,363.9438044770001,363.42860365899986,363.6618544856958,362.9852365012934,1306.8000000000002,1306.7999999999984,1306.7999999999984,2.2824896278380886,0.5683399173316841,107.1351777795937,130.987999314185,184.1953448284895,161.5874811956323
431,Renault Megane E-Tech,22.0,12210.446856899769,1627.6525660247394,46,public,18,4,False,0.0,564.3708353933608,512.7715517705991,457.0018644490855,461.88898347878296,461.88898347878296,1769.1875717660205,1769.1875717660214,1769.1875717660214,0.0,0.0,144.79513014027665,133.21151972905454,235.69337164363242,247.27698205485453
432,Skoda Enyaq,11.0,7862.495450604295,1112.5431062605078,40,private,22,12,False,0.0,385.76222923598004,289.34441794244265,261.69762886402805,269.12030976783353,269.1203097678336,0.0,0.0,0.0,0.0,0.0,98.9712591128059,91.05355838378144,207.69547785192793,215.61317858095236
433,Peugeot e-208,11.0,13539.742324438319,1684.3439451601269,56,private,16,13,False,0.0,584.027954897914,507.7174917946106,413.72821249630624,422.20800180468933,422.20800180468933,1214.8086360436157,10.13866353183476,10.13866353183476,0.0,0.0,149.8383658965341,137.85129662481143,299.6712497180361,311.65831898975875
434,Tesla Model Y,11.0,10240.473341662819,1687.6300067060324,40,private,20,13,True,5.395371050597968,585.1673610208961,461.80407662207904,406.72656417696487,413.1846750136316,409.5290559974125,880.0,7.880434782608695,14.351903085058765,19.128777542138632,4.763065607992518,151.66524247725073,138.12023685296,310.10292286022457,332.06661310872687
435,Volvo EX30,11.0,10503.087762043928,1412.665303994908,40,private,17,13,False,0.0,489.82633910258255,449.4002384945273,351.2851173531238,356.86580480272,356.86580480272,1535.5057652118558,9.383983912766752,9.383983912766752,0.0,0.0,125.66997454264276,115.61637657923139,248.57691087909393,258.6305088425053
436,Tesla Model Y,11.0,9873.274203225588,1627.115588691577,40,private,18,13,False,0.0,564.1846443397965,486.10224385121364,386.2736961573535,390.728346503088,390.728346503088,1760.0,5.899880127488506,5.899880127488506,0.0,0.0,144.74736091454594,133.16757204138227,306.6238698780908,318.2036587512544
437,Volkswagen ID.4,11.0,9678.37342798717,1377.2325388025743,40,private,17,15,False,0.0,477.5404129108921,423.2394660826777,331.0308370251445,335.6900992844265,335.6900992844265,1496.9918900027983,1.9021739130434785,1.9021739130434785,0.0,0.0,122.51789408373739,112.7164625570384,254.566776183504,264.368207710203
438,Skoda Enyaq,11.0,12471.328639466215,1764.6930024844696,40,public,0,6,False,0.0,611.8881171658104,445.1221467484706,439.47984024781874,443.689097534938,443.689097534938,0.0,0.0,0.0,0.0,0.0,156.986176464204,144.4272823470678,312.6263019779402,325.1851960950764
439,Volkswagen ID.3,11.0,11510.436001728249,1563.1172090346963,45,public,17,4,False,0.0,541.9939018283347,492.8276175277536,482.0558379569646,484.2830447993364,484.2830447993364,1699.0404446029315,1699.0404446029286,1699.0404446029286,0.0,0.0,139.05409817247505,127.92977031867699,185.64062734767535,196.7649552014734
440,Peugeot e-208,11.0,12377.328429672658,1539.7396566512784,51,workplace,14,9,False,0.0,533.8879896432147,409.52880422696256,386.24274226284433,400.4660418034088,400.4660418034088,0.0,587.9265154087683,587.9265154087683,0.0,0.0,136.9744432077883,126.01648775116537,259.43843559097127,270.3963910475942
441,Tesla Model Y,11.0,10930.7396300266,1801.3858910283836,40,workplace,8,9,False,0.0,624.6109774326673,466.90855994110285,425.82879392755257,438.3644155431306,438.3644155431306,0.0,0.0,0.0,0.0,0.0,160.25035684448912,147.4303282969301,333.6768901864668,346.4969187340258
442,Skoda Enyaq,11.0,12073.907586259027,1708.4579234556525,40,private,22,15,False,0.0,592.389214763427,463.89333554620526,371.46255030967006,391.2925011142412,391.29250111424125,0.0,0.0,0.0,0.0,0.0,151.98353292934138,139.82485029499412,340.92156394418,353.0802465785272
443,Volvo EX30,11.0,10032.721250804167,1349.4010082331602,40,private,18,12,False,0.0,467.8901322025852,420.924623390694,341.50254867855347,344.8455660115898,344.8455660115898,1466.74022634039,1.9021739130434785,1.9021739130434785,0.0,0.0,120.04201552407409,110.43865428214828,233.48322047314366,243.08658171506949
444,Volvo EX30,11.0,15833.112732686912,2129.553662546389,56,private,12,13,False,0.0,738.3995851655419,506.82819057747616,475.4644580614978,507.0322182303005,507.0322182303005,0.0,224.87904333718834,224.87904333718834,0.0,0.0,189.44399200757957,174.2884726469733,405.65583958221475,420.811358942821
445,Skoda Enyaq,11.0,7516.232388017208,1063.5468829044348,40,private,19,13,True,6.511516024590137,368.77332135490707,313.04096546889843,254.15284340425416,256.34346817605206,254.35205411094628,1156.0292205482983,2.989130434782609,20.178331381880888,11.703195282606218,2.9140956253689483,95.55143505467362,87.043573998608,199.473427177463,212.88679792400336
446,Cupra Born,11.0,13711.452738602935,1889.4381873794844,55,private,13,12,True,2.102214915713754,655.1421541022345,418.30530643881156,405.67459759319087,433.7791595528813,401.6029024632683,0.0,210.7474320390183,230.99601523522642,162.5623366043707,40.47802181448828,181.1245316922042,154.63676808475947,375.99976263411264,475.1418051456586
447,Volkswagen ID.3,11.0,13945.717317078926,1893.8284116593184,55,public,6,3,False,0.0,573.1951500000007,460.190702466,459.75382034999984,460.0409599471306,460.0409599471306,0.0,0.0,0.0,0.0,0.0,147.05909861940015,154.996075998792,268.15026605166213,260.2132886722702
448,Tesla Model Y,11.0,9083.77221493535,1497.005661021346,40,private,19,14,False,0.0,519.070441158488,446.81656473306913,364.7213547220603,372.1240262539272,372.1240262539272,1320.0,1.9021739130434785,1.9021739130434785,0.0,0.0,133.1728490667473,122.5190211414076,269.4654360459685,280.11926397130816
449,Volkswagen ID.3,11.0,15832.109207117583,2150.0004303265678,62,private,9,13,False,0.0,745.4892796458427,523.6201239096797,476.2539425640018,495.7046338869989,495.7046338869989,0.0,436.43070328807244,436.43070328807244,0.0,0.0,191.26292589032423,175.96189181909855,425.74653757794226,441.04757164916793
450,Tesla Model Y,11.0,13130.123719650246,2163.8443889983605,48,private,8,15,True,2.0335789208169257,750.2895218374756,559.0747218903989,500.9940191750665,524.7698408643834,472.8854699383295,0.0,361.19664605941136,385.4921120912784,233.22517508202876,58.07306859542518,211.20428501156715,177.0949191077415,402.6146000808337,546.6814055061384
451,Audi Q4 e-tron,11.0,13076.794424942176,1947.13468987389,43,public,18,5,False,0.0,675.1477892062725,607.5741843453103,592.4870870621172,594.2958126931368,594.2958126931368,1892.0,1647.5543478260852,1647.5543478260852,0.0,0.0,173.21609458062434,159.3588070141744,240.2107835273101,254.06807109376004
452,Skoda Enyaq,11.0,11011.36858958667,1558.108655426514,40,private,6,12,True,5.756618878956511,540.2572403054976,464.7453157419912,376.1437771267402,392.8621490816015,259.8636486691111,0.0,0.0,27.989130434782606,555.7619402033735,138.38472311064,183.19291643977562,127.5198566480833,274.9149478719794,601.9712311868021
453,Tesla Model Y,11.0,10474.274713501098,1726.160472784981,40,private,20,15,False,0.0,598.5273813243571,479.1344951410771,407.4722509747251,419.82052894265456,419.82052894265456,880.0,11.141304347826086,11.141304347826086,0.0,0.0,153.55834255853333,141.27367515385075,319.9805275355533,332.2651949402358
454,Tesla Model Y,11.0,10491.394668783258,1728.9818414154809,40,private,20,13,False,0.0,599.5056602299333,484.4786669841908,413.52298632377637,420.4353906408075,420.4353906408075,880.0,9.23913043478261,9.23913043478261,0.0,0.0,153.80933005215095,141.504583647979,320.5748532371048,332.87959964127674
455,Tesla Model Y,11.0,11805.262005939743,1945.5071785788698,44,workplace,8,8,False,0.0,674.5834673550647,513.4449216145891,462.38521818866377,476.0374871684211,476.0374871684211,0.0,0.0,0.0,0.0,0.0,173.07131201787962,159.22560705644918,357.7715872430928,371.61729220452327
456,Cupra Born,11.0,14018.597942324233,1931.7627964522792,56,public,16,6,False,0.0,669.8177522481267,591.1392813255842,538.986750477826,554.9495910445803,554.9495910445803,1483.7421700568234,1662.2790029058483,1662.2790029058483,0.0,0.0,171.84861889512163,158.1007293835121,272.96889058705847,286.716780098668
457,Kia EV3,11.0,11347.078137116509,1519.3737625599006,40,private,8,14,True,6.833819818210163,526.8263372354436,419.8341223015468,365.97914276696713,380.1897678416153,211.8432445606868,0.0,377.0547917912855,385.71640932171476,723.5760920549255,180.17044692167644,193.2094800551692,124.3496875020315,270.98625689585975,688.3630196516024
458,Renault Megane E-Tech,22.0,8953.938465329335,1193.5599974284003,40,public,17,3,False,0.0,413.85395563006506,357.5000514014394,347.66117585834445,351.5840248754096,351.5840248754096,1297.347823291739,1297.3478232917387,1297.3478232917387,0.0,0.0,106.17847983366659,97.68420144697329,159.95413220162874,168.44841058832202
459,Volkswagen ID.3,11.0,12755.495266623106,1732.1962572074178,50,private,7,12,False,0.0,600.6202239664847,485.53754893772117,409.52743847171035,426.8661597437218,426.8661597437218,0.0,12.038804974558065,12.038804974558065,0.0,0.0,154.0952828178909,141.76766019245974,315.5217244152226,327.84934704065375
460,Volkswagen ID.3,11.0,12967.320134604595,1760.962074279304,51,workplace,17,8,False,0.0,610.5944583642364,556.5177449303926,468.9610609044764,476.37220341201413,476.3722034120141,1914.0892111731573,470.03263244223285,470.03263244223285,0.0,0.0,156.65427502142248,144.12193301970862,278.34418797193086,290.8765299736448
461,Tesla Model Y,11.0,12383.704367300652,2040.8344797311477,46,private,13,12,False,0.0,707.6371728633007,498.1582756092153,462.4315996330763,482.6539305154118,482.6539305154118,194.29834753385612,346.282429079767,346.282429079767,0.0,0.0,181.55157940686956,167.02745305431995,392.0106954022089,406.5348217547585
462,MG4 Electric,11.0,12582.642605289711,1789.251778472197,47,private,19,12,True,4.7633578229870706,620.4036057963382,537.2262902205779,454.82201697934244,459.7925548113019,458.5155535733085,1551.0,2.717391304347826,22.716769660928822,7.74614833121121,1.9287909344715914,159.7923245697089,146.4372394720092,307.0482904570455,323.60916772721015
463,Volvo EX30,11.0,10356.6673949544,1392.9717646213667,40,workplace,8,9,True,4.161677113837789,482.9978183850175,351.2253451264018,303.077964360527,315.7061301596025,229.71372919690702,0.0,0.0,0.0,400.20111310225315,99.65007716246105,156.02301157981208,114.0046036716995,281.29629189711454,508.95717793038364
464,Volkswagen ID.3,11.0,8915.513723984031,1210.7267637170314,40,private,14,12,True,6.1335745980109335,419.8063452453623,295.6951452925678,276.08097934297683,293.87875977704647,235.31668418038709,0.0,81.11650396791359,105.20728857262219,271.57365746483924,67.62184070874497,129.49182906950995,99.08917636230623,225.01676183062207,381.60333084323014
465,Skoda Enyaq,11.0,9048.656386896691,1280.384878745882,40,private,18,12,True,6.5452550989914196,443.95953947819174,420.7719643940803,334.75301336623716,337.79102067720646,333.38121210583654,1391.7226942890013,2.989130434782609,36.5490060787082,19.989373071197086,4.977353894728073,115.50596535894105,104.7901862449727,210.95870504595797,231.06164662602436
466,Hyundai Kona Electric,11.0,7368.335485877291,917.3577679917227,40,public,17,5,True,6.6605512990768085,318.08383477104303,286.3442653061075,261.22958756797016,268.3591559419742,254.62155231840603,997.1280086866545,997.1280086866547,997.1280086866551,49.763691744272975,12.39115924432397,85.59981906876115,75.07905861500261,124.80373744407142,161.45326076572212
467,Ford Mustang Mach-E,11.0,11468.91745928563,1739.83477857363,40,public,23,3,False,0.0,416.8692000000003,299.8955241260001,299.719752266,299.8038963604349,299.8038963604349,0.0,0.0,0.0,0.0,0.0,106.95207172320004,142.39281758840275,259.45812122796815,224.01737536276545
468,Tesla Model Y,11.0,10767.24716473376,1774.4423327481238,40,private,2,13,False,0.0,615.2685914637509,455.6179539539777,374.51418712279184,399.2180324813579,399.2180324813579,0.0,0.0,0.0,0.0,0.0,157.85347184024016,145.2251940930209,361.2757530754139,373.90403082263316
469,Volkswagen ID.4,11.0,9986.426927079938,1421.0685517234751,40,workplace,0,9,True,5.52620029395919,492.74007391281384,357.9816072460935,347.8491426435134,353.0761358318389,349.29705015645055,0.0,0.0,0.0,18.34148114481072,4.56702880505787,127.88891480716036,116.30412126378413,255.96805934475907,275.8989673685815
470,Tesla Model 3,11.0,5000.0,585.0,40,public,13,5,True,6.191617956479533,202.8423913043479,125.32910091086958,124.79211415597825,128.56232244565217,63.10430775685871,0.0,0.5434782608695652,29.211956521739133,319.8238607581238,79.63614132877284,77.6982313904386,47.87799354000001,122.15806239869573,297.0724562667006
471,Kia EV3,11.0,8218.37474136977,1100.4403778694123,40,private,17,15,True,4.814911210331886,381.5657397177637,359.4029200941856,261.3374615471557,263.6903476011417,256.16804956023617,1196.1308455102305,0.0,48.91654051620869,38.34337490894055,9.547500352326196,100.97059179302198,90.06303812442204,207.93843024104402,235.9157823028757
472,Tesla Model Y,11.0,13404.641026572936,2209.08484117922,50,public,20,4,False,0.0,694.7819999999998,567.5616392599998,566.862816344,567.2068996459132,567.2068996459132,1100.0,1086.9565217391282,1086.9565217391282,0.0,0.0,178.253452872,180.79752094921477,308.37262130330146,305.8285532260867
473,Tesla Model Y,11.0,9494.469059861744,1564.6885010652154,40,private,21,14,True,5.7486467536062404,542.538730260656,423.14163575428404,367.1681806120056,379.5734639826245,360.62819749462477,440.0,1.757839702859111,1.4861005724243286,89.7447841268905,22.346451247595727,146.39339239136814,128.05836913865417,291.0236354166857,350.65037640499514
474,Volvo EX30,11.0,11739.695774068483,1578.989081612211,41,public,20,3,False,0.0,427.29093000000034,354.9510919790001,354.6640751390001,354.7982090050871,354.7982090050871,902.0,891.3043478260855,891.3043478260855,0.0,0.0,109.62587351628005,129.22876760540169,201.72148860031496,182.11859451119332
475,Volvo EX30,11.0,7904.398908354189,1063.1416531736384,40,private,10,13,False,0.0,368.63281235042456,246.2901430427472,230.52870533796343,241.05838256694017,241.05838256694017,0.0,157.5076985420456,157.5076985420456,0.0,0.0,94.57653140608022,87.01040889359383,214.5848386770782,222.1509611895646
476,Kia EV3,11.0,14100.765006366717,1888.0924343525037,40,private,17,12,True,3.043226662779992,654.6755288678788,568.099774492734,473.7548231225476,480.94846398444747,476.484555589581,2052.2743851657647,56.598693184036264,93.28347579273179,21.362457786791456,5.319251988911073,169.67746678951016,154.52662799120012,328.2536928746315,353.187692056719
477,Volkswagen ID.3,11.0,10634.579424480258,1444.1758858444189,42,private,19,15,False,0.0,500.75229085257536,436.87383522732944,345.0713760774554,353.3226046177091,353.3226046177091,1386.0,4.619565217391305,4.619565217391305,0.0,0.0,128.47313960067416,118.1952884326203,265.6249746674866,275.9028258355404
478,Volkswagen ID.3,11.0,11585.188468298942,1573.2685939949963,46,private,16,12,False,0.0,545.5137842221776,477.1854639312866,382.7369910055225,393.53765298129963,393.53765298129963,1204.0745586902135,31.091819045013906,31.091819045013906,0.0,0.0,139.95716012630496,128.76058731620057,280.7367185570786,291.93329136718296
479,Tesla Model 3,11.0,16043.45774422089,1877.0845560738442,53,public,18,3,False,0.0,552.3516900000006,518.6814628599999,517.9819531480001,518.3021681056523,518.3021681056523,1731.5100000000011,1731.5099999999964,1731.5099999999964,0.0,0.0,141.7114950332401,153.62571324741418,187.67523514176253,175.76101692758846
480,Tesla Model 3,11.0,14271.003820290794,1669.7074469740228,47,public,11,4,True,6.27981254406841,578.9529082442542,394.6004787215494,393.28665881122055,394.55225200778483,299.6435069124238,0.0,0.0,0.0,423.5016823155616,105.4519188965749,182.51049473554207,136.6534057434396,321.05406197990897,567.2718149639473
481,Volvo EX30,11.0,10278.621289381343,1382.4745634217904,40,private,16,13,False,0.0,479.35802796907694,414.1760195634768,339.52148714110115,347.2316232284339,347.2316232284339,1062.6897428497714,6.521739130434783,6.521739130434783,0.0,0.0,122.98422188168482,113.14548413115011,245.27188887179318,255.11062662232789
482,Volkswagen ID.3,11.0,9650.847795133914,1310.5851305791855,40,private,20,13,False,0.0,454.4311485377829,384.8079099516871,320.31778015913244,326.8158489616761,326.8158489616761,880.0,2.989130434782609,2.989130434782609,0.0,0.0,116.58897513097422,107.26185712049626,234.87715669660304,244.20427470708103
483,Tesla Model 3,11.0,10237.056424772225,1197.7356016983501,40,private,15,13,False,0.0,415.3018010236672,304.4949212730282,271.01399332063767,284.59341654122113,284.59341654122113,421.8865235851628,7.7573696575190265,7.7573696575190265,0.0,0.0,106.54993942909998,98.02594427477203,228.73432875721812,237.25832391154609
484,Tesla Model Y,11.0,12066.677164163613,1988.5883966541637,45,private,22,13,False,0.0,689.5214114485632,533.7605658100479,475.2651888738625,488.4078233801128,488.4078233801128,0.0,0.0,0.0,0.0,0.0,176.90379488801003,162.75149129696928,363.86507936541966,378.01738295646044
485,Tesla Model 3,11.0,10719.559145990592,1254.1884200808993,40,private,16,15,True,5.791497717318185,434.8762021802252,377.2900898232996,309.63743847464497,319.1765945730076,298.65718917527647,923.2482826966303,3.2608695652173916,66.76670438299959,91.89668916220104,22.882275601388066,118.94409612633267,102.64619670867712,218.34580431589472,278.0453847326695
486,Kia EV3,11.0,10084.415322442397,1350.3032116750371,40,public,1,5,False,0.0,468.20296143949673,334.00958766877335,331.7354747718326,334.5916626399915,334.5916626399915,0.0,0.0,0.0,0.0,0.0,120.12227507547128,110.51249306943366,244.1237918689389,253.7335738749765
487,Volvo EX30,11.0,14163.126939052803,1904.940573302602,50,public,11,6,False,0.0,660.5174379168808,423.49030407292975,420.5989297693366,428.1480879883999,428.1480879883999,0.0,0.0,0.0,0.0,0.0,169.46252780131144,155.90552557720665,388.27487550568753,401.8318777297924
488,Volkswagen ID.3,11.0,10699.880337006538,1453.0437497654877,42,private,12,15,True,4.070137910661812,503.8271262773808,331.4060779472483,315.03470321402943,333.8118285271314,267.14815705105894,0.0,50.084433193398716,75.06599364316003,312.40832887748786,77.78967389049448,154.32406488917968,118.9210585719819,288.9363563222313,468.792708005996
489,Volkswagen ID.4,11.0,15986.100113751729,2274.822046186871,50,private,18,14,False,0.0,788.7698181887077,693.5672644402689,555.014019536166,562.0818766650474,562.0818766650474,2200.0,19.53813746321948,19.53813746321948,0.0,0.0,202.36699225563848,186.17763287518738,412.86557439884774,429.05493377929884
490,Skoda Enyaq,11.0,11148.72621461726,1577.5447593683423,40,workplace,8,9,False,0.0,546.9964980853274,384.9608535999719,346.63754343119564,360.538539302788,360.538539302788,0.0,0.0,0.0,0.0,0.0,140.33756558546693,129.11056033862968,315.56851912116906,326.79552436800634
491,Hyundai Kona Electric,11.0,14859.847283352154,1850.0509867773428,49,private,19,12,False,0.0,641.4850704151869,542.6979911389271,449.0168633631715,454.511378116471,454.511378116471,1617.0,0.0,0.0,0.0,0.0,164.5795785834194,151.41321229674574,338.3869045954616,351.5532708821353
492,Hyundai Kona Electric,11.0,11732.529535736272,1460.6999271991656,40,private,21,15,True,5.590878960639683,506.48182258318906,408.4224862858636,348.18195662422687,365.93308778762344,334.8964272313668,440.0,1.9211936738903725,1.9211936738903725,139.95405197223783,34.848558941087234,141.17051436402195,119.54766098858143,260.09639578414703,347.6044686569315
493,Tesla Model 3,11.0,13058.88365541629,1527.8893876837058,43,private,17,13,True,4.835546827443961,529.7790376859803,489.9555767898369,374.68067974394177,379.7305923618716,371.598624715386,1660.7493344388097,1.358695652173913,57.847108961354195,37.635987948850534,9.371360999263784,138.93948649722702,125.04662945872656,275.09507478283524,306.49126046708506
494,Renault Megane E-Tech,22.0,9363.101797176183,1248.1014695635852,40,private,11,14,False,0.0,432.76561825085145,293.9886745057702,271.9563474299061,277.02414251334477,277.0241425133448,0.0,31.31537712647666,31.31537712647666,0.0,0.0,111.03046097552921,102.14802409748692,257.8894998349936,266.7719367130358
495,Volkswagen ID.4,11.0,9080.267302533568,1292.1220371505267,40,private,17,12,False,0.0,448.02927157719313,430.8316329998083,322.14595868239667,325.6226356441857,325.6226356441857,1404.480475163616,1.358695652173913,1.358695652173913,0.0,0.0,114.94650789220469,105.75078726082833,228.15742319383574,237.3531438252121
496,Kia EV3,11.0,11956.756041482822,1601.00963395455,40,public,19,3,False,0.0,416.8692000000003,370.20189628400004,369.69396671900006,369.9179308535653,369.9179308535653,1306.8000000000002,1306.7999999999984,1306.7999999999984,0.0,0.0,106.95207172320004,131.0309895930833,177.98225873951833,153.9033408696351
497,Volkswagen ID.3,11.0,13114.93160099904,1781.0077114156695,52,private,18,15,False,0.0,617.545065153911,541.9203695451645,421.3542092458128,428.15084384056763,428.15084384056763,1935.8779471909472,4.891465539625196,4.891465539625196,0.0,0.0,158.43752452963503,145.7625225672643,335.1567438806077,347.83174584297836
498,Tesla Model 3,11.0,11038.161739381014,1291.4649235075785,40,private,8,13,False,0.0,447.8014245640407,325.0511065098278,272.94909671320806,286.12458314415665,286.12458314415665,0.0,121.04333615550912,121.04333615550912,0.0,0.0,114.8880514025129,105.69700729031189,267.37384871019594,276.5648928223969
499,Volkswagen ID.4,11.0,8132.798596166704,1157.297240234522,40,private,18,12,False,0.0,401.2802387334916,365.22473667473025,294.617923978325,297.14491605320666,297.1449160532067,1257.9317828636104,2.643946745503313,2.643946745503313,0.0,0.0,102.9525637157344,94.7163586184757,198.85168129876064,207.08788639601931
500,Skoda Enyaq,11.0,7971.034177826374,1127.901336162432,40,public,16,5,True,6.939694644562123,391.0875285171913,343.65664337015664,325.2011073144087,333.45730255820155,304.12657015053617,785.9797132200353,939.4357992540238,940.1503642407819,108.55400881564319,27.029948195095162,109.04594724397968,92.31051775477316,149.9407437137629,223.03685380572998
501,Audi Q4 e-tron,11.0,7824.571279212132,1165.0786634746864,40,private,17,12,True,6.856306581344342,403.97836266133186,369.7965126271924,299.70686200764555,302.77491218031093,291.44045279509464,1266.3898516029196,3.942354985725177,72.58427414797845,49.19157986949434,12.248703387504086,107.59104575998937,95.35321149304767,196.5566619740686,232.37765901373066
502,Ford Mustang Mach-E,11.0,7078.907572662755,1073.8702787729399,40,private,9,13,True,6.594548614050449,372.35284666148647,257.9494521321339,219.39628600639068,230.2071783302205,105.55998873619984,0.0,211.5005889303706,203.9441883968661,610.4444472733576,152.00066737106602,144.5020652314378,87.8884688374168,230.03413716868278,563.2955905277904
503,Volkswagen ID.4,11.0,11189.772937189122,1592.304688962012,40,private,23,14,False,0.0,552.1143432379151,413.7104419731551,353.61882367995776,372.83349945769584,372.83349945769584,0.0,0.0,0.0,0.0,0.0,141.65060128546054,130.31855318262382,309.5993969628431,320.93144506567984
504,Volkswagen ID.4,11.0,13413.846188540576,1908.790312629324,42,private,12,14,True,5.047146842484837,661.8522931834291,408.5157696546044,395.1270261610628,420.4007451865414,350.1580456382855,0.0,137.8577251820547,164.04486125575977,370.3716343772408,92.22253695993294,199.5169800212503,156.22059873039552,397.6721467272832,603.4337645263267
505,BMW iX1,11.0,10920.619426634668,1520.1502241875457,40,private,13,13,True,2.860853318414621,527.0955668650297,359.62595551902615,346.48968320116063,365.43681393215763,334.1652919602585,0.0,128.82475872113395,147.64007358528409,149.88116700474944,37.32041058418261,147.2555558016405,124.41323523671946,286.0719881695915,377.5062412905943
506,Tesla Model 3,11.0,5999.691681430103,701.9639267273219,40,public,8,4,False,0.0,243.39836155001683,181.34833193487577,166.4633818042781,171.69102335965258,171.69102335965258,0.0,0.0,0.0,0.0,0.0,62.4463477316309,57.450639913100446,129.1579781034647,134.15368592199516
507,Peugeot e-208,11.0,10532.234591867338,1310.2099832282968,43,private,18,15,True,5.826882611971636,454.30107027155117,425.60013558230065,324.0948123139012,329.1046134538716,320.8821452145331,1424.1412861177148,2.4456521739130435,36.39130053222116,39.81000162475848,9.91269040456486,119.74924319263859,107.23115403939815,232.42761085707772,263.08085865422146
508,Kia EV3,11.0,10593.47019737459,1418.4656594284577,40,private,17,12,True,4.604285793527839,491.83754930182414,449.62250353043135,353.5818143168281,357.6197323020722,350.4922491803025,1541.8104993787592,6.710090186329216,58.36209987575158,33.444018959886925,8.327560721011848,128.8689197917034,116.09109346808128,250.30891046783324,278.5417806342369
509,Tesla Model Y,11.0,15540.237262993713,2561.031100941364,57,private,15,12,False,0.0,888.009696956843,726.0511759003707,630.201420369426,650.3056625505795,650.3056625505795,1529.729457544961,208.3446017903492,208.3446017903492,0.0,0.0,227.82800168452215,209.60176154976025,447.30579595602364,465.5320360907856
510,Tesla Model Y,11.0,7758.867970706172,1278.6614415723773,40,public,15,3,True,2.548279495958491,416.8692000000003,343.929246023,343.92123207200007,344.1968747015653,327.8940995031648,426.80000000000047,434.8439130434785,434.8439130434785,63.25664054724043,15.750903496262868,112.02665074868543,104.64913545205022,177.32146075048522,216.75265474178383
511,Peugeot e-208,11.0,10094.416050307762,1255.7453566582856,41,public,18,6,False,0.0,435.41605301520974,399.3431535322167,341.11266537368334,345.2613436751317,345.2613436751317,1364.9406050633527,533.6331708149672,533.6331708149672,0.0,0.0,111.71045721659303,102.77362063926566,192.92832997934372,201.86516655667108
512,Tesla Model Y,11.0,14685.817370392595,2420.2227026406995,54,workplace,9,8,False,0.0,839.1859153721564,602.4472251836669,575.6115765458152,590.7396589973961,590.7396589973961,0.0,0.0,0.0,0.0,0.0,215.30175942473554,198.0776186707569,446.52387504551723,463.7480157994959
513,Volvo EX30,11.0,11935.45256754894,1605.3183703353322,42,private,21,12,True,4.16162647934554,556.626695801055,447.86115053747756,404.6669929044908,412.1522217376977,409.3134528056775,462.0,2.4456521739130435,2.415071696048968,13.61029679438371,3.3889639018015445,143.90013791108726,131.38362831548443,275.85810237884175,294.6023448082663
514,Tesla Model 3,11.0,12183.65563100097,1425.4877088271135,40,workplace,9,7,False,0.0,494.27236860418367,348.8326553594889,322.9343578974571,331.65188525433547,331.65188525433547,0.0,0.0,0.0,0.0,0.0,126.81064904231506,116.66579711892985,279.28628046877805,289.43113239216325
515,Tesla Model Y,11.0,11200.939917082293,1845.9148983351618,41,workplace,8,7,False,0.0,640.0509267053443,440.3671044087424,393.0213255734563,405.0407721051303,405.0407721051303,0.0,0.0,0.0,0.0,0.0,164.2116342955791,151.07470355193274,386.0848581521467,399.2217888957931
516,Tesla Model 3,11.0,11672.57634965941,1365.691432910151,40,private,22,15,False,0.0,473.538659889498,354.38703610598924,295.64879674015776,312.2388116365595,312.2388116365595,0.0,0.0,0.0,0.0,0.0,121.49120327481528,111.77190701283003,273.0717552657685,282.7910515277538
517,Skoda Enyaq,11.0,12652.964871309994,1790.3945292903643,40,private,20,13,False,0.0,620.7998422213327,501.7419468076951,437.9563273546563,446.47253211919485,446.47253211919485,880.0,20.119416556803376,20.119416556803376,0.0,0.0,159.2725709911101,146.53076531182123,320.8580754139591,333.599881093248
518,Tesla Model Y,11.0,9177.224961624841,1512.4066736757738,40,public,13,3,False,0.0,416.8692000000003,254.849992001,254.83733019800002,255.04299037321744,255.04299037321744,0.0,0.0,0.0,0.0,0.0,106.95207172320004,123.77948196940446,285.60569159618734,268.77828134998293
519,BMW iX1,11.0,12872.948287808958,1791.9144016630069,46,private,20,12,False,0.0,621.3268414461945,493.36525232235556,415.92187541511714,421.5269187223396,421.5269187223396,1012.0,2.396370549692977,2.396370549692977,0.0,0.0,159.4077780510116,146.65515580693065,346.4550785307856,359.20770077486657
520,Peugeot e-208,11.0,7943.123393020669,988.1245500917712,40,workplace,11,8,False,0.0,342.62144726008125,235.19630797279027,231.2196698888723,237.2512517148197,237.25125171481963,0.0,22.180682070204952,22.180682070204952,0.0,0.0,87.90304872911415,80.87080483078502,186.2410003760466,193.27324427437577
521,Tesla Model 3,11.0,11669.125860501068,1365.287725678625,40,private,17,14,True,2.8218936296222186,473.3986787950882,413.6800979496401,337.37193995999706,342.4205134526422,338.04061296902995,1484.0083974767663,4.619565217391305,45.42439376653195,21.382635307148846,5.3242761914800605,123.17064908306367,111.73886651330345,242.71703185574944,263.85299110060197
522,Tesla Model Y,11.0,11341.442709597057,1869.069758541595,42,private,20,15,False,0.0,648.0796227986614,519.828852011803,434.3127173142617,448.41464954019665,448.41464954019665,924.0,5.708327084409812,5.708327084409812,0.0,0.0,166.27147867941991,152.96976038506645,352.63473364353115,365.9364519378846
523,Volkswagen ID.3,11.0,9600.318136859283,1303.7232029854906,40,private,19,12,False,0.0,452.0518497308382,396.2832221635255,315.69546275765197,318.76939313807435,318.76939313807435,1320.0,3.090304428953548,3.090304428953548,0.0,0.0,115.97854160254082,106.70025827433751,239.98271486710138,249.2609981953047
524,Tesla Model Y,11.0,10900.319247036834,1796.3726119116702,40,workplace,9,7,False,0.0,622.8726773911117,421.9242426774117,406.22485832952935,414.5000501335062,414.5000501335062,0.0,0.0,0.0,0.0,0.0,159.8043781280935,147.02002787784596,355.39265513545143,368.177005385699
525,Tesla Model 3,11.0,9586.637065662439,1121.6365366825053,40,public,17,3,True,4.960884724408904,388.9152773931732,352.5182389259735,351.21938306197507,351.91937351647806,341.35551105700023,1219.1701485679405,1219.1701485679403,1219.1701485679403,37.44111047309961,9.322836507801805,102.78380958818241,91.79778950002218,128.79369337671733,159.6664124321572
526,MG4 Electric,11.0,8602.97409417278,1223.3429161913693,40,private,17,13,True,2.77222321742693,424.1808589837462,391.87699272229753,300.7520912653714,304.19022889138193,300.1943127422886,1329.7205610775748,2.173913043478261,36.51247691593902,20.0218150184937,4.985431939604932,110.4341444434687,100.12171664720539,220.11234673956966,239.4061226245312
527,Cupra Born,11.0,10175.583715866118,1402.195436046351,41,private,0,14,False,0.0,486.19602619433226,354.6440843284891,295.8643843635077,315.2905934978487,315.2905934978487,0.0,0.0,0.0,0.0,0.0,124.73858050695766,114.75949406640119,285.66492676288476,295.6440132034412
528,Renault Megane E-Tech,22.0,8532.264888536061,1137.350909641857,40,private,22,14,False,0.0,394.3640654084265,306.5244122105886,244.3049593742166,250.84676478715016,250.84676478715016,0.0,0.0,0.0,0.0,0.0,101.178148466269,93.08389658896746,236.60119721024378,244.6954490875453
529,Tesla Model 3,11.0,11656.926446364214,1363.860394224613,40,private,18,12,False,0.0,472.903767127882,447.32268343870203,351.6172265301356,355.39079240218155,355.39079240218155,1482.4569502441439,1.1918585387123082,1.1918585387123082,0.0,0.0,121.32831502071319,111.62204981905622,229.13502454475667,238.84128974641368
530,Hyundai Kona Electric,11.0,8431.312767806325,1049.6984395918873,40,public,17,5,True,6.429443475721,363.97152416283916,321.4992132118852,295.8705602360875,303.31823118102966,291.0825040111459,1140.976564773791,1140.9765647737902,1140.97656477379,44.80547507349775,11.156563293300941,96.97501830781171,85.91017967474953,146.56347265655904,181.0206017528059
531,Skoda Enyaq,11.0,12509.229680350403,1770.055999769582,40,private,18,14,True,3.126239020897535,613.7476781809751,547.7100356462396,440.94075201476045,446.1995177540527,444.0977592245412,1760.0,7.608695652173914,27.750869427467435,11.542058561593505,2.8739725818367834,158.38919382704415,144.866204653686,312.4143650806084,330.91308536531477
532,Tesla Model 3,11.0,8362.560841235883,978.4196184245983,40,private,18,12,False,0.0,339.2563676928769,324.48679267146906,247.10692804460052,249.01794855608568,249.01794855608568,1063.4995852441273,0.0,0.0,0.0,0.0,87.03970302924961,80.07652678690974,170.31494592370095,177.27812216604082
533,Hyundai Kona Electric,11.0,9709.814134877595,1208.8718597922605,40,private,16,14,True,4.354760692284085,419.1631774714466,344.28260410066764,284.0009019416609,291.2647207431956,276.4705617075956,873.9911519481085,4.619565217391305,54.313005378331574,69.83286150772591,17.38838251542375,113.14275231050144,98.9373659723447,226.8358227005957,273.22375058977616
534,Tesla Model Y,11.0,9582.118536008758,1579.1331347342434,40,public,22,4,False,0.0,547.5472499785039,405.2619570064068,404.3979956261906,404.66537480833864,404.66537480833864,0.0,0.0,0.0,0.0,0.0,140.47886663620602,129.24055730530952,272.12243247547485,283.3607418063713
535,Volvo EX30,11.0,13852.071336235897,1863.103594723728,49,private,18,12,True,6.9882398359185025,646.010920344423,574.1909013983741,459.21734946530836,464.6783308640667,459.06059543619455,2025.1126029605725,10.326086956521742,50.86172873576886,26.863730581868687,6.689068914885301,167.89579606940598,152.48147328638197,333.81406276673823,361.5351898925197
536,Volkswagen ID.4,11.0,11673.334980900336,1661.115567782118,40,workplace,13,8,True,2.5722265948556506,575.9737675244515,418.6430983335669,410.1010681205956,420.66263378739814,386.9810810831685,45.56039976317151,543.2985547115602,546.4998855396809,144.30621509316308,35.93224755819759,159.348525617623,135.9502229460952,291.2613566831486,384.27345961710364
537,Tesla Model Y,11.0,10486.302972427777,1728.1427298560977,40,private,18,15,True,6.2598251780079535,599.214707417495,515.4440578666873,412.39366752279767,418.88556370819805,410.21884071486176,1760.0,1.358695652173913,40.186314650450626,43.32165686991151,10.787092560607968,157.21003637184137,141.4359084722192,321.7650521815161,356.99299563508254
538,Tesla Model Y,11.0,12042.195575942695,1984.5538309153562,44,private,16,14,False,0.0,688.1224696326072,583.5064910249175,483.82890372797,495.32552390113506,495.32552390113506,1673.1237292558221,25.112495823007812,25.112495823007812,0.0,0.0,176.54488200733502,162.4212914467482,355.2182371782204,369.3418277388072
539,Peugeot e-208,11.0,6335.248759347983,788.1049456628891,40,workplace,7,7,False,0.0,273.26682355050167,232.25665137670424,182.1561197837847,191.31618974924604,191.31618974924604,0.0,0.0,0.0,0.0,0.0,70.1094082075248,64.50065555092284,146.4512893521785,152.06004200878044
540,Cupra Born,11.0,10855.537438686413,1495.8930590509876,43,private,17,15,False,0.0,518.6846585187666,478.570912822569,372.07709507654994,377.91029214806713,377.91029214806713,1625.97071635977,10.054347826086959,10.054347826086959,0.0,0.0,133.07387257111498,122.42796276542572,263.2023291361252,273.84823894181443
541,Volkswagen ID.4,11.0,15324.55604939243,2180.6843258285426,48,workplace,8,8,False,0.0,756.1285868905493,535.1957910326034,485.7898464418429,502.4907043538482,502.4907043538482,0.0,0.0,0.0,0.0,0.0,193.9925493585996,178.47314540991152,432.11102794661264,447.6304318953007
542,Peugeot e-208,11.0,11239.838849021853,1398.2359528183183,46,private,19,13,True,3.462338524032819,484.8231184228739,441.4860746044768,353.0674125462278,356.4298259687455,355.3355366489292,1518.0,4.7787323444782235,18.15620808352071,7.878002142753859,1.9616225335457107,125.01833661421838,114.43543917338667,242.82873162751508,256.4675409217088
543,Cupra Born,11.0,11098.729840480844,1529.4049720182602,44,workplace,16,7,False,0.0,530.3045500802442,471.2872002871064,423.43248685754565,433.7990718159308,433.7990718159308,1178.3967087155006,975.3817858745275,975.3817858745275,0.0,0.0,136.0550750099112,125.17066900911823,221.67614727343164,232.56055327422462
544,Tesla Model Y,11.0,12150.401151416409,2002.3861097534243,45,public,12,6,True,4.491395793551651,694.3056184905895,464.37291586586036,464.27056676253335,469.29010843161535,390.300513884194,0.0,106.763217567335,111.11654559857054,361.65343323185556,90.05170487473202,207.1438215128904,163.88073372198326,388.89624378095743,601.200630994018
545,Kia EV3,11.0,12911.375482858417,1728.833177154742,40,workplace,9,9,True,6.629210894387253,599.4541125134375,385.79970917470433,369.18572671416206,379.3018955673815,256.1648829493497,0.0,19.261771118335385,42.08785807485713,608.4985299062948,151.51613394666745,202.6111202684644,141.4924165599187,361.6446335059747,697.4164837792196
546,Tesla Model 3,11.0,6575.547942571207,769.3391092808312,40,private,19,12,False,0.0,266.75997376150565,234.43875474408858,183.23975918494529,184.62623689213316,184.62623689213316,836.2381622617736,0.0,0.0,0.0,0.0,68.44000911225756,62.96480838327692,145.0985452526494,150.57374598163005
547,Tesla Model Y,11.0,7265.705004877651,1197.388184803837,40,workplace,8,8,True,4.571596665573416,415.18133799176496,309.3309882302458,261.62459206534106,272.26092090569705,192.47310922694334,0.0,0.0,0.0,373.33013524760173,92.95920367665283,136.468351884838,97.99751072976144,240.91792781582936,452.13578432631243
548,Renault Megane E-Tech,22.0,11410.537927478661,1521.0247057329054,43,public,21,6,False,0.0,527.3987838356489,418.05275540074035,375.29476633536507,377.32650041677425,377.32650041677425,946.0,9.100725625199836,9.100725625199836,0.0,0.0,135.30957085704287,124.48480518847943,274.5570886073541,285.3818542759176
549,Kia EV3,11.0,9384.420329444454,1256.5738821126124,40,private,17,14,False,0.0,435.7033352107867,397.37227543274713,299.2553204766627,303.20706856352433,303.20706856352433,1365.8411762093604,2.717391304347826,2.717391304347826,0.0,0.0,111.78416241233808,102.8414294193511,235.33769606661346,244.28042905960044
550,Kia EV3,11.0,13823.335324261612,1850.94459991863,40,private,8,12,False,0.0,641.794921058742,487.84935806319476,450.9899399650999,466.73564892716024,466.73564892716024,0.0,145.94958151952804,145.94958151952804,0.0,0.0,164.65907394612054,151.4863480304309,326.5456201620127,339.71834607770234
551,Tesla Model Y,11.0,10259.76808615136,1690.809780597744,40,public,9,6,False,0.0,586.2699130550873,390.6892018812191,367.5407022049545,374.95753995616957,374.95753995616957,0.0,0.0,0.0,0.0,0.0,150.41356327169754,138.38047820996175,349.6928513088794,361.7259363706153
552,Tesla Model Y,11.0,6713.377688788272,1106.3646431123072,40,private,22,13,False,0.0,383.61991429655006,302.18392848284645,259.7058936611353,271.85579510708754,271.85579510708754,0.0,0.0,0.0,0.0,0.0,98.42162622782512,90.54789612959908,202.3120153190616,210.18574541728765
553,Audi Q4 e-tron,11.0,8173.049522111646,1216.967073842424,40,workplace,8,8,True,6.06095275925596,421.9701049518837,300.9583299565389,247.98593329328645,258.6113578931728,171.1502882556264,0.0,0.0,0.0,441.7094986223984,109.98566515697719,143.69561420924833,99.59990034157316,262.95864740028406,504.50109606248276
554,Tesla Model Y,11.0,5000.0,824.0,40,public,18,4,True,6.303666809324348,285.7130434782608,266.40061484347825,236.1275811782608,240.99759194021735,234.9991802585755,895.652173913044,895.6521739130434,895.6521739130434,20.634079712469042,5.137885848404791,74.95792238044899,67.43840457600001,112.15385611404344,130.80967144853904
555,Volvo EX30,11.0,10437.265073350422,1403.8121523656314,40,private,11,15,True,4.414539161855355,486.75660500503926,308.6228343672269,295.34193612530777,312.67692123638193,241.45550121711258,0.0,78.02816459502432,88.86019564343088,350.24444331360803,87.2108663850884,152.97973910432796,114.89181053390634,288.97149430256366,485.49170927734303
556,Volvo EX30,11.0,10537.438761291,1417.2855133936393,40,private,13,14,False,0.0,491.4283464919252,321.5036311558575,304.94094507023726,326.612255742235,326.612255742235,0.0,35.920014678829304,35.920014678829304,0.0,0.0,126.08098598029771,115.99450710187395,280.8105978515641,290.89707672998793
557,Kia EV3,11.0,10020.426665577645,1341.7351305208465,40,private,21,14,False,0.0,465.2320724305975,363.6266545271374,310.686622842488,323.566942700069,323.56694270006903,440.0,1.9493241989360448,1.9493241989360448,0.0,0.0,119.3600630090453,109.81125796832164,251.47638769885015,261.02519273957375
558,Volkswagen ID.3,11.0,13312.745095475128,1807.8707839655224,52,private,10,15,True,5.809740892820876,626.8595435706542,407.80442678117294,388.14663926025685,412.43428082007864,261.79370990354556,0.0,141.64889498039483,147.810466868732,724.2353393740892,180.3345995041483,218.92691200210382,147.9610695997539,362.38633235032944,764.3273451733608
559,Kia EV3,11.0,13574.758441971559,1817.6601553799917,40,public,1,6,False,0.0,630.25390170241,471.57283069584844,469.18149100082735,472.4254389529569,472.4254389529569,0.0,0.0,0.0,0.0,0.0,161.6981069810455,148.7622584225618,306.5907211720149,319.5265697304986
560,Tesla Model Y,11.0,10576.849352850117,1743.0647733496994,40,private,18,15,False,0.0,604.3887638027762,541.3187390437935,443.01701114102497,450.4502755080183,450.4502755080183,1760.0,7.608695652173914,7.608695652173914,0.0,0.0,155.06214039063266,142.65716915938205,296.59565745414,309.00062868539055
561,Volvo EX30,11.0,6275.020868225685,843.9903067763546,40,private,20,15,False,0.0,292.6444650670189,247.20231653770063,181.40480847873854,191.84770010825514,191.84770010825514,880.0,0.0,0.0,0.0,0.0,75.08094101757878,69.07446573617254,169.87123069493634,175.87770597634255
562,Peugeot e-208,11.0,12301.846661278047,1530.349724662989,50,public,13,6,False,0.0,530.6321327907539,389.32809345302854,389.1487777486408,398.0695872771606,398.0695872771606,0.0,177.56082168051975,177.56082168051975,0.0,0.0,136.1391197163795,125.24799013906903,257.8105356526623,268.7016652299727
563,Hyundai Kona Electric,11.0,12166.23890043378,1514.6967431040057,40,private,9,15,False,0.0,525.2046315762801,334.78959306223254,303.0254767820626,321.6910345233016,321.6910345233016,0.0,127.6844285982615,127.6844285982615,0.0,0.0,134.74663857560867,123.96690748956007,327.4805045425386,338.2602356285872
564,Hyundai Kona Electric,11.0,11627.567538643709,1447.6321585611418,40,public,23,5,False,0.0,501.95071584891804,370.1836564287187,359.9236805476795,362.96226201311595,362.96226201311595,0.0,0.0,0.0,0.0,0.0,128.78060783330838,118.4781592066438,257.4666130424459,267.76906166911044
565,Hyundai Kona Electric,11.0,13099.440650984774,1630.8803610476043,43,private,19,12,False,0.0,565.4900382328101,474.6783400623978,393.0711435757238,397.49423083540694,397.49423083540694,1419.0,11.956521739130437,11.956521739130437,0.0,0.0,145.08227311547768,133.47569126623947,301.4714986636426,313.07808051288083
566,Renault Megane E-Tech,22.0,8399.026468750322,1119.590228284418,40,private,20,12,True,5.726405860772861,388.20574219861857,313.3535201332516,270.3196086815366,271.078263778717,270.12725011576504,1216.9459003091497,0.0,7.880434782608692,6.410650462250184,1.5962519651002955,100.11244313052539,91.63031404657863,208.75779246648023,219.7871871784792
567,Tesla Model Y,11.0,15349.174295745453,2529.543923938851,57,private,19,15,False,0.0,877.0918605831463,751.7105986375725,621.2937392740638,637.1427038836712,637.1427038836712,1881.0,18.762885121193833,18.762885121193833,0.0,0.0,225.02691870957028,207.02476521280443,446.97392191227954,464.9760754090454
568,Tesla Model 3,11.0,8848.853220619309,1035.315826812459,40,workplace,14,7,True,5.828695537575304,358.98450951432017,234.97998064784156,230.75401030659086,239.26585543100816,187.43970223914377,0.0,344.2277131385599,357.43280771566293,241.30742250252078,60.085548203127686,111.45934267719164,84.73306746664389,204.4517215499559,343.08969815549574
569,Volkswagen ID.4,11.0,12590.798210569872,1791.6705853640929,40,public,14,6,False,0.0,621.2423007947241,457.9412756131544,453.82428002459875,461.38583457806715,461.38583457806715,627.4680275696661,735.8248077940339,735.8248077940339,0.0,0.0,159.38608827920862,146.63520121687193,306.49166743352885,319.24255449586553
570,Tesla Model 3,11.0,7254.70854923476,848.8009002604668,40,public,13,6,True,4.00849387751241,294.31248606857486,184.16507080750014,183.37492202509884,188.67108538815853,142.60148901909432,0.0,31.663141332659446,53.369687535389495,218.6303456107352,54.43895605707307,93.04786912645687,69.46817781096894,175.10957849138526,299.19782223301047
571,Peugeot e-208,11.0,8912.720334878588,1108.7424096588963,40,public,18,5,True,5.6123891158373524,384.44437900129117,351.13966182599273,312.2509441014661,316.35404292211547,311.8066803119557,1205.1547931074954,786.5414877097899,786.5414877097902,16.202828638747704,4.034504331048177,99.93297566004652,90.74249902080801,158.8328350999837,176.60517868043016
572,Kia EV3,11.0,14270.847336328487,1910.8664583343843,40,workplace,14,9,True,6.575692018725496,662.5721741398576,545.283701450999,498.3254264459806,510.2335484623088,448.4229274494272,757.0287590591128,801.9257189764778,806.8876585146069,257.8966122862597,64.21625645927867,190.67869309870844,156.39051615031855,308.7291418278673,469.04419624841745
573,Renault Megane E-Tech,22.0,10378.629387628138,1383.4712973708308,40,public,21,4,False,0.0,479.703634631842,384.75178455597893,356.8242605836243,360.0266553946239,360.0266553946239,880.0,63.59820359001339,63.59820359001339,0.0,0.0,123.0728908180901,113.22705955264286,232.90403878986098,242.74987005530824
574,Peugeot e-208,11.0,12789.430505240827,1591.0051548519589,52,private,18,13,True,3.9522325519847996,551.6637439106245,505.1267249353611,395.4674374845636,399.7182194183114,396.315038773546,1729.353429186911,3.2608695652173916,35.83163826652421,17.866558167944184,4.448772983818102,142.9682877906052,130.21219577112618,282.1577202634393,302.7657659115018
575,Volkswagen ID.4,11.0,11468.932301295148,1632.0290664742997,40,public,12,6,True,4.4210675714003225,565.8883393535888,398.06010479719225,397.9314741773017,404.2736898451193,337.6046310485183,0.0,93.64367389736141,98.53497824518749,287.01514373226905,71.46677078933499,168.2094120295473,133.5697044474338,295.18435395590325,467.9598911239528
576,Audi Q4 e-tron,11.0,10720.141638359622,1596.2290899517477,40,workplace,10,9,False,0.0,553.4750866245734,362.5043295751394,355.67348792258804,365.91317929639854,365.91317929639854,0.0,60.018675811283806,60.018675811283806,0.0,0.0,141.9997139670565,130.6397368496921,318.2016441778669,329.5616212952313
577,Volkswagen ID.3,11.0,13936.83221160259,1892.6218143356318,55,public,17,3,False,0.0,573.1951500000007,564.3270443910003,563.8551396720002,564.3141640935654,564.3141640935654,1796.8500000000013,1796.849999999996,1796.849999999996,0.0,0.0,147.05909861940015,154.8973247870504,163.77831069348568,155.94008452583543
578,Peugeot e-208,11.0,10431.717174012338,1297.7056164471348,43,private,17,15,False,0.0,449.9653170072132,451.4643749633455,332.201002484806,337.56158069113116,337.56158069113116,1410.5495830947111,7.336956521739131,7.336956521739131,0.0,0.0,115.44322021753554,106.20776260013274,218.61149891621477,227.84695653361757
579,Tesla Model 3,11.0,7050.1835444359995,824.8714746990119,40,private,20,13,False,0.0,286.0152178575921,236.56418039838917,197.74888637196344,201.7460409695829,201.74604096958294,880.0,1.358695652173913,1.358695652173913,0.0,0.0,73.38013960789591,67.50972843926422,151.77890532727343,157.6493164959051
580,Kia EV3,11.0,9190.904198625765,1230.66207219599,40,workplace,12,9,False,0.0,426.7186967723048,290.2973168095873,285.39523581090396,295.46076160137795,295.4607616013779,0.0,255.3249633088019,255.3249633088019,0.0,0.0,109.47906120870053,100.7207363120045,231.97867148293133,240.7369963796274
581,Volkswagen ID.4,11.0,12157.109885856711,1729.95673675741,40,private,0,14,True,2.434002216753617,599.8436945930582,441.5410144058214,397.37014504900645,416.6442013702605,388.61763117088026,0.0,0.0,0.0,129.75629697895138,32.3093179477589,164.30537575509072,141.5843717383774,324.78386496117514,407.8407571250276
582,Tesla Model Y,11.0,11816.164942933892,1947.3039825955054,44,private,18,14,True,2.221986484552951,675.2064896173542,584.1692681148892,483.25835371552915,489.34425194406754,487.9841763729501,1936.0,9.51086956521739,28.21441397888237,8.493754683310302,2.114944916144265,173.91254140727844,159.3726623916648,345.2349000649515,363.2497995678268
583,Tesla Model 3,11.0,7518.14243198439,879.6226645421735,40,public,17,3,False,0.0,304.9995978140797,284.26545668969965,277.1065381205446,280.7331987194722,280.7331987194722,956.1115918936675,956.1115918936664,956.1115918936664,0.0,0.0,78.25077712855406,71.9907149582697,96.2571140528772,102.51717622316156
584,Ford Mustang Mach-E,11.0,9363.689882496039,1420.471755174649,40,private,21,13,True,6.347285616173445,492.53314119642715,378.95797866451016,344.23174374510563,350.2876888375209,340.82110069595416,440.0,3.804347826086957,3.804347826086957,43.805594327714864,10.907592987601003,129.8786081179857,116.2552778085544,258.5007301674607,292.49824160605965
585,Volkswagen ID.3,11.0,9676.03024524708,1314.0049073045534,40,private,17,14,False,0.0,455.6169189458181,405.8640526255828,316.43121583248853,319.9449401787342,319.9449401787342,1428.266203591905,0.0,0.0,0.0,0.0,116.89319669910012,107.54174096317217,243.21371973025606,252.565175466184
586,Tesla Model Y,11.0,10149.621588889848,1672.657637849047,40,private,18,15,False,0.0,579.975854862876,531.6486666099696,422.0762791424145,429.7004244589302,429.7004244589302,1760.0,4.963522767637144,4.963522767637144,0.0,0.0,148.79875804453414,136.89485740097155,287.17028780491734,299.07418844847996
587,Tesla Model 3,11.0,7936.749240962602,928.5996611926244,40,private,18,12,False,0.0,321.9818390439643,293.4369732304196,225.5604379984354,227.02333892838962,227.02333892838962,1009.3474578180703,1.358695652173913,1.358695652173913,0.0,0.0,82.607745410306,75.99912577748148,170.9576258930562,177.5662455258807
588,Volvo EX30,11.0,9573.867273218342,1287.685148247867,40,workplace,11,7,False,0.0,446.4908285772497,295.24296504229744,290.9873362455388,298.20930138854976,298.20930138854976,0.0,21.132748593692035,21.132748593692035,0.0,0.0,114.55180455103185,105.38766018694928,253.66918737564924,262.8333317397318
589,Tesla Model Y,11.0,9354.343037281635,1541.5957325440133,40,public,6,5,False,0.0,534.5315637842829,412.29606972902207,384.34535373305954,393.43497181886363,393.43497181886363,0.0,0.0,0.0,0.0,0.0,137.13955875888863,126.16839405817753,267.26498602359675,278.2361507243079
590,Ford Mustang Mach-E,11.0,12639.657838878604,1917.436094157884,40,public,20,4,False,0.0,555.8256000000002,462.85051164,462.2793688919999,462.5764924095653,462.5764924095653,880.0,869.565217391303,869.565217391303,0.0,0.0,142.6027622976,156.92819304180176,250.17730063223672,235.85186988803497
591,Kia EV3,11.0,12721.975671068634,1703.4725423560903,40,workplace,17,9,False,0.0,590.6605880560796,533.5814933880258,455.81262939718073,462.56491391508473,462.56491391508473,1851.6005895174908,353.56665438056547,353.56665438056547,0.0,0.0,151.5400360061173,139.41683312562785,267.5125072666227,279.6357101471122
592,Tesla Model 3,11.0,10630.675096785493,1243.7889863239027,40,workplace,11,7,True,6.677754283696599,431.2703115623095,291.4974942408267,287.47629794195865,294.54544084521154,168.74526872213423,0.0,14.23339636749736,39.439319537274706,564.7612921892006,140.62556175511094,155.95314800162868,101.79507872194696,238.5199494390449,559.1037525969149
593,Volkswagen ID.3,11.0,10091.432847043097,1370.4165806284527,40,private,18,13,True,2.0200158122138956,475.1770535005176,424.6410007638607,340.27339608196434,344.04176334286785,343.0478693945823,1489.5832398135365,3.2608695652173916,20.41433904804953,6.054544579696373,1.5075816003443963,122.39725810650279,112.15862597339823,243.29391613104798,256.03402381278255
594,Tesla Model Y,11.0,11256.434243365658,1855.0603633066605,42,public,6,3,False,0.0,437.71266000000037,352.5246789790001,352.193615356,352.39397473691326,352.39397473691326,0.0,0.0,0.0,0.0,0.0,112.29967530936005,151.8231933174468,237.1418785805339,197.61836057244716
595,Volvo EX30,11.0,9161.700514672291,1232.248719223423,40,private,18,14,True,3.232379265417134,427.26884938290385,395.1216006043201,296.34132902570684,300.0172027033922,297.89293473875176,1339.4007817645895,2.989130434782609,22.723314689825397,12.088077844418665,3.0099313832602475,110.58993920687246,100.85059182675613,228.1022385062678,242.97578523428479
596,Skoda Enyaq,11.0,8438.437740053305,1194.0389402175426,40,private,17,15,False,0.0,414.02002383629974,368.70465503954125,282.88123098060237,286.31232071241016,286.31232071241016,1297.8684132799383,5.434782608695652,5.434782608695652,0.0,0.0,106.22108633638793,97.72339942947687,225.43110255336646,233.92878946027753
597,Volkswagen ID.3,11.0,8890.91555245268,1207.386332023074,40,public,18,3,True,3.1288921828985514,416.8692000000003,377.1666945199999,376.7093562649999,376.9362163504349,374.15838714970937,1306.8000000000002,1306.7999999999984,1306.7999999999984,9.398990368314706,2.3403486017103625,107.70607824285027,98.81578633313683,138.74876998270224,152.75723969485156
598,Cupra Born,11.0,9559.75917090251,1317.3348137503656,40,public,5,4,False,0.0,456.77152781126784,354.7850935284946,346.7967867079064,350.26361583650197,350.26361583650197,0.0,0.0,0.0,0.0,0.0,117.18942345365494,107.8142695773626,214.32218155212848,223.6973354284208
599,Volkswagen ID.3,11.0,8401.992378454926,1140.990564994179,40,private,19,15,False,0.0,395.62607634037266,343.4233083282376,264.80759609285013,273.1918885738568,273.1918885738568,1240.2071358632384,1.9021739130434785,1.9021739130434785,0.0,0.0,101.50193032328552,93.38177589742268,215.8159636639386,223.93611808980143
600,Kia EV3,11.0,11304.910434347696,1513.7275071591564,40,workplace,9,7,False,0.0,524.8685595475768,412.85374458477656,388.8406990705007,399.15702466497265,399.15702466497265,0.0,0.0,0.0,0.0,0.0,134.66041584742914,123.8875825796349,249.599117462239,260.37195073003323
601,Renault Megane E-Tech,22.0,12548.07732558632,1672.6587075006566,47,private,19,15,False,0.0,579.9762257529451,550.4066235262418,389.3948753521883,395.9002375298092,395.9002375298092,1818.1072907615817,0.0,0.0,0.0,0.0,148.79885320018798,136.894944944173,320.9709331673089,332.87484142332386
602,Audi Q4 e-tron,11.0,7474.25472125185,1112.9165279944004,40,private,19,15,True,5.01278382762851,385.8917091632755,338.00803293656645,248.84187921377531,258.0052793336278,249.8465327145091,1209.691878254783,0.0,15.443765214348076,42.80714432142561,10.658978936034977,102.43855650214421,91.08412023568401,218.97055006533168,249.1427118869456
603,Skoda Enyaq,11.0,11005.031877563113,1557.2120106751806,40,private,14,12,False,0.0,539.9463384841117,401.6374509400147,365.9439039950684,382.34122064682026,382.34122064682026,372.6217507338918,169.77435014677837,169.77435014677837,0.0,0.0,138.52877478171064,127.44647279917389,285.05159063646533,296.1338926190021
604,MG4 Electric,11.0,10468.340608366725,1488.5980345097485,40,private,17,12,True,3.8275164911067865,516.1551880528368,462.4491164195433,360.1772922352058,365.52232088502905,359.90511117045196,1618.0413418584226,13.586956521739133,53.42337894286635,26.826259841908467,6.679738700635208,134.57696921814184,121.83091808532384,272.4637852531316,297.50678480116187
605,Renault Megane E-Tech,22.0,11697.904021325598,1559.3306060427024,44,private,20,14,False,0.0,540.6809383995891,445.20194161062074,359.93491559126505,364.43820639374496,364.43820639374496,1694.9245717855465,2.445652173913044,2.445652173913044,0.0,0.0,138.7172439294627,127.61986441510565,303.8625964209498,314.95997593530683
606,Peugeot e-208,11.0,10921.664097853141,1358.655013772931,45,private,18,12,False,0.0,471.09885803648405,450.446752164775,341.271190634822,344.6977184410242,344.6977184410242,1476.798928014055,4.222464433474927,4.222464433474927,0.0,0.0,120.86524706895007,111.1960273034342,237.59716689889405,247.26638666440988
607,Tesla Model Y,11.0,7766.617576949729,1279.9385766813152,40,private,7,14,False,0.0,443.80478908841263,352.22348395655337,285.35252805137475,298.9031145840747,298.90311458407473,0.0,93.20318351528886,93.20318351528886,0.0,0.0,113.86267355248022,104.75365966828174,249.6553341726197,258.7643480568181
608,Skoda Enyaq,11.0,8185.367435502808,1158.2294921236473,40,private,17,12,False,0.0,401.603486942873,402.61674541618174,293.2444676539623,296.1010224301257,296.1010224301257,1258.9451001343996,0.0,0.0,0.0,0.0,103.0354963614519,94.79265665253587,200.2951211652832,208.53796087419926
609,Kia EV3,11.0,11014.43763053109,1474.8331987281133,40,public,12,5,False,0.0,511.38238086333513,350.12303129715406,350.0442229959547,353.7784263415998,353.7784263415998,0.0,0.0,0.0,0.0,0.0,131.20039829298068,120.70436642954216,278.3083209512775,288.804352814716
610,Volkswagen ID.4,11.0,13203.030214242666,1878.7911994867316,41,workplace,13,8,True,4.254576335810519,651.4504267785518,497.49707078640745,484.9102150003827,497.51670241886217,432.8056504999969,238.1643472681861,644.60701995796,645.9657156101338,261.8943487135262,65.21169282966804,188.14600138257734,153.76538959322156,307.69911395291115,472.00247049080025
611,Hyundai Kona Electric,11.0,6100.929657415823,759.56574234827,40,public,17,5,False,0.0,263.37116500988935,228.22061762876552,206.0233252660176,213.10161536662474,213.10161536662474,825.6149373350763,825.614937335076,825.614937335076,0.0,0.0,67.57057544659196,62.16492941086459,112.4344790541292,117.84012508985657
612,MG4 Electric,11.0,11707.14120976546,1664.7554800286484,44,private,0,15,False,0.0,577.2358675316731,434.66470414822163,381.02442437881774,403.0438999084312,403.0438999084312,0.0,0.0,0.0,0.0,0.0,148.0957861733392,136.24812327947222,310.44009090271413,322.2877537965811
613,Cupra Born,11.0,13555.27219157994,1867.9165079997156,54,workplace,12,8,False,0.0,647.679745708597,430.531366171422,429.28745353253703,440.87905785737183,440.8790578573719,0.0,217.14635893711792,217.14635893711792,0.0,0.0,166.16888610789636,152.87537521926455,359.6760630704897,372.9695739591215
614,Volvo EX30,11.0,10614.873331108392,1427.7004630340787,40,public,18,5,False,0.0,495.0396170737731,437.3352413077008,406.49088490404176,410.0217205799914,410.0217205799914,1551.8483293848665,1117.9434254980717,1117.9434254980717,0.0,0.0,127.00749451170681,116.84689495077033,201.86479144455205,212.02539100548853
615,Skoda Enyaq,11.0,12154.943466297906,1719.9245004811537,40,private,20,14,True,5.362197861083952,596.3651257103129,459.4710384209888,395.55792142600706,406.1180492600049,398.0036833965843,880.0,6.247948382640043,12.771739130434788,40.3870940926935,10.056386429080684,156.24353022054592,140.76330619371697,331.01038264402496,364.66135896335527
616,Renault Megane E-Tech,22.0,9410.278712833813,1254.3901524207474,40,private,7,15,True,5.213648653955477,434.9461506763242,360.16229856840005,286.9887709362271,292.6011245163911,184.86797096058407,0.0,275.5964881006451,239.81966462222638,497.97114718992464,123.99481565029126,151.5381781644699,102.66270703288919,245.00773319282226,525.6111735305012
617,Tesla Model 3,11.0,10688.58802358364,1250.5647987592858,40,private,16,12,True,2.9488406860538405,433.61975087414345,405.70649095673616,309.7033127310685,318.4396717669949,308.5070856505219,919.3095638687884,9.239130434782606,41.17525995925858,44.5157670470944,11.084425994726505,114.82074471352396,102.3496296689718,217.52970877612037,251.017835931872
618,Tesla Model Y,11.0,7400.199394905148,1219.5528602803686,40,private,17,12,True,2.531943415062039,422.8666982928667,371.8090872061032,304.4944379976482,309.22548320466825,305.70096438732304,1325.6009350873583,9.23913043478261,43.14576905983261,17.153290147540478,4.271169246737579,109.86686401036252,99.81152814733679,213.45274323553525,231.30376716264377
619,Tesla Model Y,11.0,5815.888154562666,958.4583678719275,40,private,12,13,False,0.0,332.33502103385285,207.36206450110856,200.43195501203508,212.38474068827338,212.38474068827338,0.0,55.8525843373854,55.8525843373854,0.0,0.0,85.26396050786157,78.44284366723265,198.3931240128121,205.21424085344103
620,Renault Megane E-Tech,22.0,13014.657104683352,1734.8537920542908,49,private,17,14,False,0.0,601.5416952883903,561.1840822882011,424.04701999072773,427.90274191203895,427.90274191203895,1885.7106435372718,11.581716771390656,11.581716771390656,0.0,0.0,154.33169574288337,141.98516008345274,315.6241134598041,327.97064911923474
621,Kia EV3,11.0,8792.861108283472,1177.364102399157,40,private,7,15,False,0.0,408.23820507101186,323.2670268167132,266.8454836918756,280.90431885516296,280.90431885516296,0.0,202.08751391292896,202.08751391292896,0.0,0.0,104.73770139148043,96.35868528016196,223.69257149601088,232.07158760732932
622,Cupra Born,11.0,9952.394019442487,1371.4398958791746,40,workplace,8,7,False,0.0,475.5318769407136,365.9539625666975,315.2931322618494,327.80155721923404,327.80155721923404,0.0,0.0,0.0,0.0,0.0,122.00258356633478,112.24237688102805,259.9726966025076,269.73290328781434
623,Kia EV3,11.0,7913.691465338276,1059.6432872087953,40,private,19,12,False,0.0,367.4197919778323,325.174888243907,260.6351865505331,262.8003912688573,262.8003912688573,1151.7861817486905,0.0,0.0,0.0,0.0,94.2653185798719,86.72409309348218,191.34349380245715,198.8847192888469
624,Cupra Born,11.0,7862.166350246312,1083.4065230639417,40,private,15,14,False,0.0,375.65943571456256,295.7412592659097,254.61469170674934,264.9042265878871,264.9042265878871,297.6157859390671,2.9025284273881313,2.9025284273881313,0.0,0.0,96.37928374665412,88.66894104692183,199.4241501735973,207.1344928733296
625,Tesla Model 3,11.0,10569.29543679279,1236.6075661047564,40,workplace,14,8,True,3.0832276778216796,428.7802321602362,317.58510617512326,310.61828743493123,323.56651014401547,294.57642204031566,24.138658809517747,603.0427722937336,608.7492940328644,123.09630339104147,30.650979544369317,119.88301027663275,101.20733172902335,206.42105374524408,284.7377999409226
626,BMW iX1,11.0,9352.225944842934,1301.8298515221366,40,private,6,13,False,0.0,451.39535069082757,367.89557419105654,300.8175211689577,314.6341972215861,314.63419722158613,0.0,3.5326086956521747,3.5326086956521747,0.0,0.0,115.81011003596433,106.54530123308723,243.30645470232872,252.57126350520576
627,Tesla Model Y,11.0,11777.75648560839,1940.974268828263,44,private,18,12,True,4.671892216318053,673.0117301697992,606.458020472883,493.1770135843752,498.9793627305681,496.0114020712167,1936.0,16.97070822204207,47.11976736783699,14.992455222949394,3.7331213505144003,173.87079259407562,158.85462137481335,332.88698881404446,354.6042420431725
628,Volkswagen ID.4,11.0,11941.059137565306,1699.2127152755431,40,private,17,15,False,0.0,589.1835393183676,519.5928855766011,412.65507608981125,418.8819844354554,418.8819844354554,1846.9703426908088,7.315562915096285,7.315562915096285,0.0,0.0,151.1610839930293,139.0681972735869,309.3697521564991,321.4626388759415
629,BMW iX1,11.0,11652.660725450889,1622.0503729827637,41,private,20,15,False,0.0,562.4283358494584,461.14582222114194,389.5745909519835,403.64925782773054,403.64925782773054,902.0,7.608695652173914,7.608695652173914,0.0,0.0,144.29676194578835,132.75302099012544,291.53209901185335,303.07583996751623
630,Ford Mustang Mach-E,11.0,11472.535732133292,1740.3836705646204,40,private,20,14,False,0.0,603.4591205544713,477.02686708248575,417.45552645564953,426.9780079600334,426.9780079600334,880.0,11.684782608695652,11.684782608695652,0.0,0.0,154.8236308740513,142.4377404041272,318.91885299856506,331.30474346848916
631,BMW iX1,11.0,14405.31236880083,2005.2194817370755,51,private,17,14,False,0.0,695.288059428399,665.6407718133854,502.724394478391,509.7153144991003,509.7153144991003,2179.5863931924737,8.423913043478262,8.423913043478262,0.0,0.0,178.38328761220714,164.11262460323056,349.6853695325293,363.95603254150586
632,Tesla Model Y,11.0,8611.9696457917,1419.2525976264722,40,private,18,13,True,2.2590255781993673,492.1104115683097,454.84819517075096,349.4566625813799,352.7810301158005,351.8561105739877,1542.6658669852964,0.0,15.93105946011851,5.8831105434432525,1.4648945253173702,126.72793211703078,116.15549863382644,255.48488008633564,268.4471276366702
633,Tesla Model 3,11.0,10829.69264301561,1267.0740392328264,40,public,10,4,False,0.0,439.3441505600777,321.0891187756271,313.0947035744715,316.22393925840885,316.22393925840885,0.0,0.0,0.0,0.0,0.0,112.71825095706231,103.70079088049741,226.82100218216627,235.83846225873117
634,Tesla Model Y,11.0,13430.590706937899,2213.3613485033657,50,public,17,3,False,0.0,521.0865000000006,489.603322813,489.24955499200007,489.5507190625654,489.5507190625654,1633.500000000001,1633.4999999999968,1633.4999999999968,0.0,0.0,133.6900896540001,181.14752195782881,212.68330289526398,165.22587059143527
635,Tesla Model Y,11.0,13719.3421824503,2260.9475916678093,51,private,8,12,False,0.0,783.9590018935115,518.5503356819343,467.3011509078529,486.00863383399036,486.0086338339903,0.0,91.56938512376081,91.56938512376081,0.0,0.0,201.13272796014465,185.04210972333325,482.9924777828544,499.08309601966585
636,Hyundai Kona Electric,11.0,7836.337607935386,975.6240321879554,40,private,17,13,False,0.0,338.2870285521281,305.8315090261165,242.46480418009642,245.0824676683615,245.0824676683615,1060.460904552125,0.8152173913043478,0.8152173913043478,0.0,0.0,86.79100912404992,79.84772839412597,173.05228927789258,179.99557000781653
637,Skoda Enyaq,11.0,10265.941582773645,1452.630733962471,40,private,12,13,False,0.0,503.68391753698694,328.03793687217734,319.22033504027183,335.4868608400705,335.4868608400705,0.0,161.78469037125643,161.78469037125643,0.0,0.0,129.22527851479114,118.88725623360796,287.0843129305244,297.4223352117076
638,Renault Megane E-Tech,22.0,13924.2851999493,1856.1072171532414,52,public,20,3,False,0.0,643.5850024694387,534.3721330616403,508.56133457773814,511.73544085345,511.73544085345,2017.507844731782,1011.5019138841575,1011.5019138841575,0.0,0.0,165.11833770421816,151.90887068788084,283.75843230386954,296.96789932020687
639,Peugeot e-208,11.0,12062.693240385954,1500.5990391040125,49,public,15,6,False,0.0,520.3164059501958,426.93072083853474,405.85963892172657,419.98406948017714,419.98406948017714,553.085912069578,869.1374527205066,869.1374527205066,0.0,0.0,133.49251412179876,122.81311299205493,223.14544946207354,233.82485059181738
640,Skoda Enyaq,11.0,11377.626038940702,1609.9340845101094,40,private,18,13,False,0.0,558.2271445203534,497.88278890910175,400.39462997795,404.7868336162507,404.7868336162507,1749.9283527283776,3.2590783834268846,3.2590783834268846,0.0,0.0,143.2189031921233,131.7613909367536,285.20170184085623,296.6592140962259
641,BMW iX1,11.0,10473.270521378101,1457.8792565758317,40,private,17,14,False,0.0,505.50378570401114,465.4421078215432,379.67944215975444,384.23900494969195,384.23900494969195,1584.6513658432946,9.510869565217392,9.510869565217392,0.0,0.0,129.69218437093582,119.31680962126102,240.58159037558022,250.956965125255
642,Tesla Model Y,11.0,10109.475972700038,1666.0416403009665,40,private,16,13,False,0.0,577.681829626096,523.7960907657045,398.4374758524049,405.2375078682018,405.2375078682018,1370.9148264140938,7.393567407661226,7.393567407661226,0.0,0.0,148.21020232571655,136.3533861396593,308.79770789755355,320.6545240836108
643,Volvo EX30,11.0,11581.19974816781,1557.6713661285703,41,public,10,4,False,0.0,540.1056149945803,360.74161190914606,358.3417208747246,358.81277098987647,358.81277098987647,0.0,0.0,0.0,0.0,0.0,138.5696388051779,127.48406770076356,308.77691170546734,319.8624828098817
644,Volkswagen ID.3,11.0,10397.300666283982,1411.9534304813649,41,public,21,6,True,2.7926501455972916,489.5795046995169,384.97580711260593,362.6280678623055,366.708016847795,366.708016847795,451.0,64.27052769919536,64.27052769919536,0.0,0.0,125.6066466431952,115.55811491173957,238.42960276346145,248.4781344949171
645,Peugeot e-208,11.0,10856.752819912666,1350.5800507971355,45,private,20,14,False,0.0,468.29895239596306,387.3445945135435,323.2756364957759,331.8532248296546,331.8532248296546,990.0,2.745413081987226,2.745413081987226,0.0,0.0,120.14690254053916,110.53515033729597,246.98087790360444,256.5926301068476
646,Tesla Model Y,11.0,11122.131166391931,1832.9272162213904,41,private,10,15,True,6.397334277949382,635.5475891028511,409.69270580217517,396.43848261166556,419.68964848149363,297.76580167914307,0.0,165.51924923401248,174.42011120510807,574.9833567302338,143.17085582582826,209.18261535679966,150.0117562692956,365.86969689065313,690.135258606336
647,Volkswagen ID.4,11.0,9465.023352599237,1346.8728230748716,40,private,19,13,True,2.2864537336114292,467.0135114792219,415.60327212069535,352.45283748260226,356.10403898474345,355.7036617658109,1320.0,0.0,10.053401336900663,3.5047584901285482,0.8726848640420086,120.09826848241057,110.23174072201758,221.14121321649603,232.28080305986356
648,Hyundai Kona Electric,11.0,12115.36332880035,1508.3627344356435,40,workplace,10,7,False,0.0,523.0083829184463,334.5701232508765,325.9362945830967,334.44993977918904,334.44993977918904,0.0,0.0,0.0,0.0,0.0,134.18316844163235,123.44851496630169,312.0069581055589,322.7416115808896
649,Tesla Model Y,11.0,17332.195780029768,2856.3458645489054,64,public,1,4,True,6.541728377707981,889.3209599999992,642.498312852,642.388074108,642.5105094626089,642.5105094626089,0.0,0.0,0.0,0.0,0.0,228.16441967615995,233.7711262408175,480.5815767782078,474.9748702135503
650,Tesla Model 3,11.0,7058.399259875895,825.8327134054797,40,private,18,14,True,6.4500733707996085,286.34851693081293,263.13525406360566,204.57515892429515,206.19710841170092,200.43812333965718,897.6442537016089,0.0,37.06956107229007,29.398123564903,7.320132767660845,75.82402940876776,67.5883988334158,147.7398073525278,169.05455576758436
651,Audi Q4 e-tron,11.0,11659.587427976056,1736.1125680256346,40,private,9,13,True,5.397254166479707,601.9781621741054,419.1750821860268,397.59862298696,412.8241119892109,302.74352747097714,0.0,345.8488654424449,380.1032904459285,505.4634244779845,125.86039269501816,194.9930010557075,142.08818173785326,331.2422319227477,620.0880284538539
652,Hyundai Kona Electric,11.0,9285.183705924597,1156.0053713876123,40,private,14,13,False,0.0,400.83229725287833,296.5433508665866,263.9675132985784,277.115266970609,277.115266970609,0.0,18.261161488457187,18.261161488457187,0.0,0.0,102.83763973151507,94.61062855299387,218.3276588352632,226.5546700137844
653,Volvo EX30,11.0,12214.511644767157,1642.8518162211826,43,private,19,12,False,0.0,569.6410101897358,487.9820409857539,409.04656815183824,413.3722321663805,413.3722321663805,1419.0,3.7563654252068397,3.7563654252068397,0.0,0.0,146.1472475737924,134.455467767889,290.72424579124424,302.41602559714767
654,Peugeot e-208,11.0,11051.960866588015,1374.8639318035491,45,public,11,5,False,0.0,476.7191241797091,302.8193115936714,298.313977677438,304.6000270381783,304.6000270381783,0.0,0.0,0.0,0.0,0.0,122.3071840306007,112.52260930815272,284.6417064496835,294.4262811721315
655,Tesla Model 3,11.0,12618.461955152996,1476.3600487529004,41,private,21,14,True,2.642942545626016,511.9117995132335,411.8496019557976,352.7364707170508,366.0982790805875,357.41190532024785,451.0,0.0,0.0,40.46737366706048,10.076376043098058,134.58260280704602,120.8293279947102,266.6428484273562,299.15887304312974
656,Peugeot e-208,11.0,13524.359402554228,1682.430309677746,55,public,18,5,False,0.0,583.3644225947836,544.2902338902891,481.6126799333776,488.52440039194136,488.52440039194136,1828.72859747581,1234.5368629352097,1234.5368629352097,0.0,0.0,149.66812987411984,137.69467948419032,232.53470168703257,244.5081520769621
657,Volvo EX30,11.0,11371.402247912318,1529.4536023442065,40,private,20,15,False,0.0,530.3214121171757,436.63720068634024,357.30218016000396,371.9088863921335,371.9088863921335,880.0,3.5177609332664845,3.5177609332664845,0.0,0.0,136.05940113854643,125.17464904746268,283.5871747725048,294.4719268635886
658,Volkswagen ID.3,11.0,13429.19451162705,1823.6846146789533,53,private,18,15,False,0.0,632.3428174810716,604.1740627379131,455.43802990978367,463.5853607180604,463.5853607180604,1982.2658855206041,4.3478260869565215,4.3478260869565215,0.0,0.0,162.23403976327805,149.25531658221595,318.0127733452272,330.9914965262893
659,Tesla Model 3,11.0,5815.987612602797,680.4705506745272,40,private,21,15,False,0.0,235.94576702736305,190.1819091163132,157.5007168732118,163.9023414341018,163.90234143410183,440.0,0.0,0.0,0.0,0.0,60.5343081184602,55.691563468983354,127.73498906224461,132.5777337117214
660,Volvo EX30,11.0,14433.09053243609,1941.2506766126542,51,private,17,12,True,3.481273676896527,673.1075715646047,593.0148125404718,473.6456904315807,479.6790451677693,472.5052826736715,2110.0550832746258,13.656237779468336,67.56218226617662,33.82217286851203,8.421721044259494,175.405940727585,158.87724334082276,352.3057697376581,384.4299506627776
661,Audi Q4 e-tron,11.0,11771.386112644224,1752.759392172725,40,private,18,15,False,0.0,607.7502675033687,553.6515468460075,429.5415715435664,437.0723119860883,437.0723119860882,1760.0,2.717391304347826,2.717391304347826,0.0,0.0,155.9245686652174,143.45060317200014,314.12855868928057,326.6025241824979
662,Volvo EX30,11.0,13310.476949081949,1790.2591496515222,47,workplace,11,8,False,0.0,620.7529008030824,388.78490580149344,387.0837292878689,396.9418635747644,396.9418635747644,0.0,67.04482653337291,67.04482653337291,0.0,0.0,159.26052768848305,146.51968547340425,370.33072270172227,383.0715649168011
663,Tesla Model Y,11.0,8278.472118797068,1364.2922051777568,40,private,21,13,False,0.0,473.05349288228695,376.5694290060968,323.6278421565841,334.30786833261305,334.30786833261305,440.0,1.9021739130434785,1.9021739130434785,0.0,0.0,121.36672869968965,111.65739040371454,250.40301495338844,260.11235324936354
664,Tesla Model 3,11.0,9130.613959284316,1068.281833236265,40,private,11,13,False,0.0,370.4151139156177,243.54454595907958,234.89215845575532,245.7639317634287,245.7639317634287,0.0,128.79595107113016,128.79595107113016,0.0,0.0,95.03379916496705,87.43109523176967,212.08227738395868,219.6849813171561
665,Skoda Enyaq,11.0,11269.604864177056,1594.6490882810533,40,private,18,13,False,0.0,552.9272382191908,486.0568854571128,397.87844722181023,402.43458670005845,402.43458670005845,1733.3142263924492,9.908942616332972,9.908942616332972,0.0,0.0,141.85915783591076,130.51042520903792,281.0030767281703,292.35180935504314
666,BMW iX1,11.0,10912.687022350956,1519.0460335112532,40,private,19,15,False,0.0,526.7127007500974,437.7467873103152,343.1137702657323,352.1334831121231,352.1334831121231,1320.0,5.7065217391304355,5.7065217391304355,0.0,0.0,135.13354919995237,124.32286526395627,298.90208290193056,309.71276683792667
667,Cupra Born,11.0,11569.920207741878,1594.3350046268306,46,public,14,5,True,2.2666732085371377,552.8183331260425,418.89986359098907,416.4927648298032,422.96163035244297,394.7795497204082,214.9728311161202,436.91824502720357,437.01666174207054,115.24871929846188,28.696931105317006,151.07670863499914,130.48471974721244,260.341422520812,337.8124231459504
668,Volvo EX30,11.0,13325.088202436626,1792.2243632277261,47,public,20,6,False,0.0,621.4343172496143,517.8747965306031,481.71756863287845,485.7978041199482,485.7978041199482,1034.0,265.2511939820131,265.2511939820131,0.0,0.0,159.43535207143762,146.68052390572257,282.3170370353887,295.0718652011037
669,Tesla Model 3,11.0,7084.1675094867605,828.847598609951,40,private,17,15,False,0.0,287.393895604972,262.96748358365625,198.54383040268178,201.87572854567452,201.87572854567452,900.9213028369038,1.358695652173913,1.358695652173913,0.0,0.0,73.73385353380114,67.83514525109702,153.35331231039447,159.25202059309862
670,Tesla Model Y,11.0,13082.663767060907,2156.022988811638,48,public,9,4,True,4.128562618734586,666.9907199999999,430.44987216000004,429.621473732,430.01778410608705,391.67295827913654,0.0,0.0,0.0,189.18589138748214,47.10728695548303,186.3001997141344,176.454794410966,413.4277303048789,508.72524839048083
671,Volkswagen ID.3,11.0,10968.13738280786,1489.4730565853074,43,workplace,12,9,False,0.0,516.4585924464267,366.72968808092696,363.47996905777217,375.0815087851297,375.0815087851297,0.0,338.3758780487614,338.3758780487614,0.0,0.0,132.50275247342154,121.90253227554773,263.2796159368447,273.8798361347185
672,Cupra Born,11.0,10503.717724137241,1447.4123023861116,42,public,15,5,True,2.9223579208955295,501.8744831099669,381.8758110715065,378.12556441689856,386.1628032431132,368.56396954768087,649.274241724034,761.9181749774273,761.9181749774273,76.17690517749054,18.96804938919514,134.8721190183229,118.4601655783911,234.17184544524477,287.15068196980405
673,Skoda Enyaq,11.0,7728.25763669709,1093.5484555926382,40,private,1,13,False,0.0,379.176040580491,277.01319246519074,243.0052288827645,253.66312166049434,253.66312166049434,0.0,0.0,0.0,0.0,0.0,97.28150481705933,89.49898443169457,215.01190335169125,222.794423737056
674,Volkswagen ID.3,11.0,12051.676583745335,1636.6176800726164,47,private,7,14,True,3.740065073355353,567.4793912425706,449.6113758962508,357.8524661793924,375.09857117414566,280.38676334799084,0.0,126.51446253804882,161.5358390815916,447.29801710821835,111.3772062599463,181.47583757060852,133.9452490837035,326.3260691521284,579.9456717251346
675,Tesla Model 3,11.0,5663.103806242028,662.5831453303174,40,private,13,14,False,0.0,229.74350365257723,142.88692874970582,138.80783517008874,148.1780994941209,148.1780994941209,0.0,3.672997028821596,3.672997028821596,0.0,0.0,58.943053793827254,54.227609490321065,135.79301364877742,140.5084579522836
676,Ford Mustang Mach-E,11.0,12369.98288461278,1876.526403595759,40,public,19,6,True,5.075677949942107,650.665133420703,542.6629888189797,517.0875113402676,520.6728752045377,519.1046386912868,1320.0,748.7758296045466,748.7758296045466,5.512646382458024,1.3726489492320482,167.37705390248973,153.58003252820035,283.57229074436566,300.3101975811379
677,Kia EV3,11.0,7682.288220314148,1028.6583927000645,40,workplace,16,9,False,0.0,356.6761165992617,308.5802959934255,266.9982988511322,275.6983862010762,275.6983862010762,678.1069485870269,169.4889314103559,169.4889314103559,0.0,0.0,91.50891839569029,84.18820492403502,165.16593532222055,172.48664879387582
678,Tesla Model Y,11.0,11067.072828632268,1823.8536021585978,41,private,18,14,False,0.0,632.4014120528179,554.729806163194,453.4793029399331,459.7841836657748,459.7841836657748,1804.0,9.204856954326507,9.204856954326507,0.0,0.0,162.24907280203476,149.26914697787197,321.8863753649151,334.86630118907794
679,Tesla Model 3,11.0,10689.020246251854,1250.6153688114669,40,private,8,15,True,5.001366406955409,433.6372854900629,307.82725483127774,255.4954410671802,269.3065823003163,162.86671506780905,0.0,176.45902752360874,188.39463981089116,527.674192581112,131.39087395269686,153.5852153324318,102.35376845979512,266.6844716495417,555.7466597073825
680,Tesla Model Y,11.0,13511.288542573606,2226.66035181613,50,workplace,11,7,False,0.0,772.0702741623314,525.0516360479251,524.196539630873,531.9968830735667,531.9968830735667,0.0,62.60828381409546,62.60828381409546,0.0,0.0,198.0825528428593,182.2359486154305,422.3093397041953,438.15594393162405
681,Volvo EX30,11.0,10558.745179859581,1420.1512266911136,40,public,20,6,False,0.0,492.422001428767,406.0430484668365,370.7896097319151,374.85789101164926,374.85789101164926,880.0,176.1280507312808,176.1280507312808,0.0,0.0,126.33591835254597,116.22904488434227,233.79315530146,243.9000287696637
682,Tesla Model Y,11.0,9429.836551090992,1554.0370636197954,40,private,19,13,False,0.0,538.8454601029505,463.233469533702,379.324941096034,384.2960045983668,384.2960045983668,1320.0,1.358695652173913,1.358695652173913,0.0,0.0,138.2463331343536,127.18662648360538,281.7360819881891,292.7957886389373
683,Kia EV3,11.0,9840.540095823066,1317.6483188307084,40,workplace,9,8,True,4.117926741473932,456.8802322902132,322.3640785699821,294.88950341494194,305.2965856911623,224.68557192070296,0.0,0.0,0.0,368.3458022671939,91.7181047645313,146.76677764715726,107.8399276871257,259.4235742861766,470.6795427811988
684,Volkswagen ID.3,11.0,13737.613263572714,1865.5678811931743,54,private,9,15,False,0.0,646.8653848919812,420.9439022342148,386.1955265016088,407.13876497355955,407.13876497355955,0.0,197.65772468571555,197.65772468571555,0.0,0.0,165.95995348234527,152.6831572037578,392.40977712217943,405.6865734007669
685,Tesla Model 3,11.0,12124.490362506158,1418.5653724132205,40,private,21,13,True,2.236921169087993,491.87212369545307,386.02060336134025,337.3722662402486,347.29234495009786,343.89299527511383,440.0,3.804347826086957,3.804347826086957,16.928927723257065,4.21530300309101,127.55291530290539,116.09925425037245,260.67903299572765,279.74734672633565
686,Kia EV3,11.0,10105.470340464277,1353.1224785881668,40,private,20,15,True,2.123889375807984,469.1805115974189,388.5106843189226,321.2458648672734,335.40444184314936,328.33332319643466,880.0,0.0,3.2597732992029367,34.06392962549265,8.481918476747671,123.1057547526741,110.74322955328728,244.51929930755682,272.43486163040603
687,MG4 Electric,11.0,10432.182340277715,1483.456328787491,40,public,5,4,False,0.0,514.3723574817499,427.2343226662172,424.7065265218868,426.0987416871204,426.0987416871204,0.0,0.0,0.0,0.0,0.0,131.96750748153036,121.41010688300791,209.68372267763738,220.2411232761598
688,Renault Megane E-Tech,22.0,7517.882171617871,1002.1336934766622,40,public,19,4,False,0.0,347.47896545549486,324.00965286845656,273.8466499976152,276.17885895324576,276.17885895324576,1089.2757537789798,414.53281421222573,414.53281421222573,0.0,0.0,89.14929487642507,82.01735128631108,153.31745778856018,160.44940137867417
689,Volkswagen ID.4,11.0,11800.758499864874,1679.2479345307718,40,private,8,13,False,0.0,582.2609686036047,436.12049217457644,387.1012087585968,403.83082346055465,403.83082346055465,0.0,199.0825998003765,199.0825998003765,0.0,0.0,149.3850274275782,137.43422523337205,315.86437037642213,327.8151725706283
690,Volvo EX30,11.0,7096.00360014693,954.412484219762,40,private,7,13,True,4.8702775289091065,330.93215485446086,257.1271842056281,199.05819777797248,208.55924599619252,118.43891051404722,0.0,13.58695652173913,53.49286213090705,448.4035473980199,111.65248330210696,120.87590424950352,78.11171752815235,200.4846263864207,445.02163189202406
691,Audi Q4 e-tron,11.0,12596.434260179649,1875.6090613407498,41,private,19,15,False,0.0,650.3470549648907,548.9432415379036,455.02962509815274,470.0331274880024,470.0331274880024,1353.0,11.94531240780088,11.94531240780088,0.0,0.0,166.85321167305455,153.5049547392101,333.8188822160985,347.1671391499429
692,Volvo EX30,11.0,11231.681287555872,1510.6611331762647,40,private,18,12,False,0.0,523.805327699161,465.9851156743968,371.11556420548754,375.9163751829641,375.9163751829641,1642.0229708437644,7.880434782608696,7.880434782608696,0.0,0.0,134.3876328044263,123.63662218007231,271.52557469626925,282.2765853206232
693,Tesla Model 3,11.0,16177.42444106689,1892.7586596048263,53,private,17,14,False,0.0,656.2934917542816,574.273678766323,448.4553659091319,455.21860295636003,455.21860295636003,2057.3463691356833,11.915682108384459,11.915682108384459,0.0,0.0,168.3788310615734,154.90852457664778,355.98341337456935,369.453719859495
694,Audi Q4 e-tron,11.0,8540.70313734377,1271.7106971504872,40,private,21,15,False,0.0,440.95186129457085,344.76048209623,297.7556177188021,307.7156552622979,307.7156552622979,440.0,1.9486602486545466,1.9486602486545466,0.0,0.0,113.13072564645108,104.08026759473493,237.3164736270079,246.36693167872403
695,Volkswagen ID.4,11.0,10725.170020621013,1526.19169393437,40,private,20,13,True,5.350465870742853,529.1903808315915,443.7069140952717,382.8001985679784,389.3113306168414,385.5905482802073,880.0,4.619565217391305,12.11209906003616,18.801282848752997,4.681519429339496,137.27750139568053,124.90768557776315,264.78673579251324,285.5588533764042
696,Skoda Enyaq,11.0,14888.250065021508,2106.6873842005434,46,private,6,14,True,4.195175561140484,730.4709516956233,552.7486057665542,426.39510934369696,449.4721950242706,357.83240494934836,0.0,46.19565217391304,86.42481444254932,468.0753470914003,116.55076142575867,224.9597957848395,172.41703413940706,453.41579081075974,714.1491039568731
697,Volkswagen ID.3,11.0,13559.143312238197,1841.3316618019471,53,private,18,13,False,0.0,638.4617392552398,584.8961366460121,450.29285228512487,454.70194413819627,454.70194413819627,2001.4474584803793,2.717391304347826,2.717391304347826,0.0,0.0,163.80391194491114,150.69959898931813,334.45939410636163,347.56370706195463
698,Hyundai Kona Electric,11.0,9425.29560704002,1173.4493030764822,40,public,19,3,False,0.0,406.88079095804125,366.19048313778893,364.0912047491898,364.3613557824494,364.3613557824494,1275.4883729092207,1275.488372909221,1275.488372909221,0.0,0.0,104.38944286921846,96.03828743968091,138.55772261527278,146.9088780448103
699,Volvo EX30,11.0,11440.48866813785,1538.7457258645406,40,private,18,14,True,5.791861382992715,533.5433549465095,471.2540292896444,372.09491977523544,376.9567409020055,372.84076852508207,1672.5497020266741,2.717391304347826,35.25699072405991,22.146648175628528,5.514515395731504,138.66267373234186,125.93514174811129,282.52175579261524,304.8797755495007
700,Volvo EX30,11.0,10954.37859054904,1473.3639204288456,40,workplace,19,9,True,6.961236036566246,510.87292458347986,450.0402221976461,386.91921521696423,391.2509060254574,389.67739311711773,1320.0,33.87847393635031,52.361721832357716,7.913787558852159,1.9705331021541876,131.7045525226637,120.584116691216,240.20613524923843,254.87061709118
701,Tesla Model 3,11.0,11567.483349593203,1353.3955519024048,40,public,18,5,True,5.771805343658248,469.27519680094275,421.796863448013,391.59797136433576,395.7341260015854,389.8189382925049,1471.0821216330473,1032.9727052147396,1032.9727052147396,20.309717328143236,5.057119614707665,122.02665574918484,110.76557861717622,184.30664941653356,206.54003387233033
702,Tesla Model Y,11.0,9419.889845193224,1552.3978464878433,40,private,8,13,False,0.0,538.2770793800233,409.7429767215332,365.6510949164244,380.35805828383496,380.35805828383485,0.0,168.99953184518336,168.99953184518336,0.0,0.0,138.10050922641184,127.05246848829896,284.97148958448736,296.0195303226003
703,Peugeot e-208,11.0,10754.388318085392,1337.8459067698227,44,private,13,12,True,6.161831792325005,463.88352636910196,296.82655598312016,290.68752769609927,310.726949896133,237.99395871888538,0.0,157.66944337199178,174.78325893915022,358.4593284471749,89.25637278334654,147.77043116600294,109.49295330229236,262.64952977526127,462.91637159956605
704,Volvo EX30,11.0,7450.265298143997,1002.0606826003676,40,private,20,15,False,0.0,347.4536497277359,289.52499475277006,224.9965071622395,233.65008291648445,233.65008291648445,880.0,0.0,0.0,0.0,0.0,89.14279986664513,82.01137587731351,195.814942688565,202.9463666778966
705,Volkswagen ID.4,11.0,11245.9203595911,1600.2944671698135,40,private,23,15,False,0.0,554.8847119860551,411.50412574562824,342.0259791034936,362.80278068586375,362.80278068586375,0.0,0.0,0.0,0.0,0.0,142.3613678209848,130.97245839530615,323.0543896954975,334.44329912117615
706,BMW iX1,11.0,11935.545274793812,1661.4279022512987,42,private,8,15,True,6.673416139337051,576.0820661067003,444.5583085489203,365.55933489545237,385.2564718134117,233.51158262094484,0.0,257.44222084647504,269.1490303770569,693.4842507762426,172.67757844328437,203.43251284650094,135.97578524985207,326.8013795431407,718.6805747755407
707,Renault Megane E-Tech,22.0,10451.951486309894,1393.2451331251089,40,private,8,13,False,0.0,483.09260594229283,384.7538301198132,315.5684640863314,322.29165755781605,322.29165755781605,0.0,103.52541846128602,103.52541846128602,0.0,0.0,123.94236618989306,114.02697689470156,274.8279252791783,284.74331457436983
708,Kia EV3,11.0,7413.038549619315,992.6058617940263,40,private,20,14,False,0.0,344.17529338292843,279.4237259987568,225.6509862744455,233.33846976907867,233.33846976907867,880.0,0.8152173913043478,0.8152173913043478,0.0,0.0,88.30170389955504,81.23756758759066,192.07439120144042,199.1385275134048
709,Kia EV3,11.0,13114.884779644703,1756.0830719944258,40,private,7,13,False,0.0,608.9027173545896,447.9518726182535,380.2718330001177,397.76599977365487,397.76599977365487,0.0,76.52399652158766,76.52399652158766,0.0,0.0,156.22024150251286,143.72262218231197,354.85933976324674,367.35695908344763
710,Cupra Born,11.0,11748.309833204237,1618.9170950155437,47,private,7,12,True,6.255184935960365,561.3419057716936,447.60360185421314,371.8049155334014,387.7735282624915,220.1681634549995,0.0,6.282802499125218,60.41862361347436,752.8018919164531,187.44767108719682,204.40935774522083,132.49658498623896,306.06496249544114,733.0307711491117
711,Hyundai Kona Electric,11.0,9360.026936034861,1165.3233535363402,40,workplace,16,7,False,0.0,404.06320628053504,332.71589873463375,309.3832188489573,321.57848807608036,321.57848807608036,826.6558190612387,662.8906862107028,662.8906862107028,0.0,0.0,103.66656260242299,95.37323759422914,177.8579557986838,186.15128080687765
712,BMW iX1,11.0,10335.48502142464,1438.6995149823097,40,private,20,13,True,6.098633855723665,498.8534187819095,403.92437348009,350.21527289368277,356.2476893788024,352.3821826344292,880.0,5.978260869565218,14.638573776693205,19.90122976781152,4.9554062121850695,129.58248244913446,117.74708732363106,260.3528167267382,281.00912480879987
713,Audi Q4 e-tron,11.0,7663.534007907773,1141.1002137774674,40,private,21,14,False,0.0,395.664095864144,319.1361737271815,269.3709643855823,278.86323230768147,278.8632323076814,440.0,0.0,0.0,0.0,0.0,101.5116846223155,93.39074985253028,210.1916134089928,218.31254817877806
714,Renault Megane E-Tech,22.0,8704.35182016639,1160.2900976281799,40,public,18,3,False,0.0,402.3179795036843,360.93017621561563,343.10331969756635,347.0120732151584,347.0120732151584,1261.1848887262834,1261.1848887262822,1261.1848887262822,0.0,0.0,103.21880676099595,94.9613022201162,150.26720850864206,158.52471304952184
715,Tesla Model Y,11.0,9772.193151477864,1610.4574313635521,40,private,16,14,True,3.2446034962870938,558.4086093532319,500.6241414666674,389.67927500059244,397.882781203473,387.98504539706505,1310.4972080038617,8.152173913043478,44.07318520250957,45.35034782484293,11.292236608385892,146.90355890726158,131.80422306883617,292.3300512185951,328.61935947181433
716,Volkswagen ID.4,11.0,13640.24157889353,1941.0063766765495,42,workplace,17,8,True,5.548097549429562,673.0228632171943,604.9066933007535,527.5496744147828,535.9297259315562,525.2664291440869,2109.789539865816,791.7364823233186,794.5709933664401,41.13601475077526,10.242867672943042,175.97093951099868,158.8572491685789,295.95038645421704,333.97024125704905
717,Tesla Model Y,11.0,9549.487573956429,1573.7555521880195,40,private,16,15,False,0.0,545.6826316825847,544.1782151810521,398.27928848862695,406.11731482551653,406.11731482551653,1270.603861073933,6.793478260869566,6.793478260869566,0.0,0.0,140.00047967520825,128.8004413011917,268.36575815825984,279.5657965322764
718,Hyundai Kona Electric,11.0,12352.067913929981,1537.8324552842826,40,private,16,13,True,6.681392464023329,533.2266882996583,544.445294693623,392.4340333972139,399.3242056149872,375.6735995370706,1231.5570166133512,4.076086956521739,71.30406150574423,101.60630347015461,25.299969564068494,144.95584816001167,125.8603971960739,259.76287988074506,327.8089064866679
719,MG4 Electric,11.0,9771.087515733141,1389.4486447372526,40,public,20,3,True,6.534512090277655,416.8692000000003,347.41855702400005,347.0446365319999,347.2159398935652,346.6325483354951,880.0,869.565217391303,869.565217391303,2.0455561254203567,0.5093434752296688,107.11617048215582,113.71626194340504,183.36952204984019,177.86216562189074
720,Volkswagen ID.4,11.0,11493.005158265605,1635.4546340211955,40,private,19,13,False,0.0,567.0761176660451,499.91291222507857,415.7731694780496,421.019907784538,421.019907784538,1320.0,3.2608695652173916,3.2608695652173916,0.0,0.0,145.48919807251937,133.85006222671774,279.9062721082248,291.5454079540265
721,Kia EV3,11.0,10640.343850305073,1424.7420415558495,40,private,21,15,True,4.895765929319899,494.0138165829518,386.3941875534797,319.77326410598323,334.267783498552,309.45987526133985,440.0,0.0,0.0,121.32966290998333,30.211086064585842,136.4776323066842,116.60476967825194,276.35080276265177,351.242659692882
722,Tesla Model Y,11.0,12861.993954203108,2119.6566036526724,48,public,9,4,True,2.836456142021147,666.9907199999999,473.3025351999999,472.53510189599996,472.8759234166958,442.9567055669594,0.0,0.0,0.0,130.73457430882036,32.55290900289627,181.61111371314996,173.4784703875231,367.5932669708272,438.19803714908676
723,MG4 Electric,11.0,9778.763169301359,1390.5401226746533,40,workplace,18,9,False,0.0,482.154672970885,452.7860223892032,358.28856853348793,362.21153105653326,362.21153105653326,1511.4566550811462,77.54839290006996,77.54839290006996,0.0,0.0,123.70172985976946,113.80559147098782,233.74873338533953,243.64487177412116
724,Tesla Model Y,11.0,7506.163132494655,1237.0156842351191,40,workplace,13,9,True,3.275087313517134,428.92174268587274,277.48558098788067,271.6950161641357,283.4698820877694,245.89174152350824,0.0,408.4039845651365,425.4950972633613,179.25559908535115,44.634644172252436,124.42453154164843,101.24073322852603,246.69259382662938,352.08917687626536
725,Tesla Model Y,11.0,7923.531621313645,1305.7980111924887,40,private,19,13,False,0.0,452.77126692435166,400.23896256868375,325.0749649614545,328.3974375014587,328.3974375014587,1320.0,0.0,0.0,0.0,0.0,116.16311546714762,106.87006622977579,231.24389565266875,240.53694489004062
726,Volvo EX30,11.0,9785.18828826536,1316.107824771691,40,private,21,14,False,0.0,456.3460827197492,358.1790023525625,286.88188978066086,300.6643308803274,300.6643308803274,440.0,0.0,0.0,0.0,0.0,117.0802711489456,107.7138494570299,263.3956012964517,272.7620229883674
727,Tesla Model Y,11.0,8214.558664215065,1353.7592678626427,40,workplace,9,7,False,0.0,469.401311356721,321.90553284750655,298.69161911575856,306.67373189183843,306.67373189183843,0.0,0.0,0.0,0.0,0.0,120.4297240457874,110.79534612212436,273.52292558700697,283.15730351067
728,Kia EV3,11.0,11848.364314338218,1586.4959816898875,40,private,19,13,True,3.05596860014529,550.1002371294287,475.4528184592069,402.6135353307948,407.53038282327293,406.8269181776226,1320.0,6.250000000000001,19.753469304836248,5.639902707612033,1.4043357741953966,141.58630639554974,129.84315275655453,272.41300706271034,286.26396112155123
729,Volkswagen ID.4,11.0,9929.96771896081,1413.0344064081232,40,private,19,13,False,0.0,489.95432135238167,419.35035619833843,350.0084758977215,354.1672294989419,354.1672294989419,1320.0,2.717391304347826,2.717391304347826,0.0,0.0,125.70280970235194,115.64658492616388,251.43367677960367,261.48990155579173
730,Tesla Model 3,11.0,16150.388344557885,1889.5954363132726,53,public,19,5,True,6.282480004507959,655.1966784607974,554.3587670394965,518.2201843279881,522.2144838012167,519.4852994289205,1749.0,919.910864673312,919.910864673312,9.84214774778853,2.450694789199345,168.88698987880758,154.6496377658468,287.63183242542755,307.0490636998839
731,Tesla Model Y,11.0,7144.405036649681,1177.3979500398675,40,private,21,15,False,0.0,408.2499413725191,317.1203330740331,242.90775848133987,257.2433672672499,257.2433672672499,440.0,0.0,0.0,0.0,0.0,104.74071246008549,96.36145546327869,247.3680295685479,255.74728656535473
732,Tesla Model Y,11.0,11395.956661374465,1878.0536577945118,42,private,19,13,True,2.4506849101913337,651.1946922135317,559.1096060947655,475.7125931868774,482.42494523363973,481.85294946102795,1386.0,15.217391304347828,26.71501783055277,4.59313536743926,1.1436907064923756,167.43915256329316,153.7050271720667,322.4747741519586,337.92458602228925
733,Tesla Model 3,11.0,8479.782878522585,992.1345967871424,40,private,7,13,False,0.0,344.0118873642375,293.6254176796591,243.58427793123312,253.6478510880098,253.6478510880098,0.0,25.601483608346268,25.601483608346268,0.0,0.0,88.25978040837104,81.1989979757014,171.56303425192914,178.62381668459875
734,Tesla Model Y,11.0,9869.451064561934,1626.4855354398067,40,private,12,15,True,3.250855264025148,563.9661802231507,390.57232589676323,369.4231137849035,396.3544187940964,351.5550996094076,0.0,58.31364515650071,79.99371106078534,207.91927461705328,51.771899379646264,161.37102755344665,133.11600676699234,300.72776819604667,425.554007546836
735,Skoda Enyaq,11.0,11259.708646615793,1593.2487734961346,40,workplace,18,8,True,6.381973753754396,552.4416942883338,488.31846244207844,423.38544854052225,427.63370565793457,422.70689570452305,1731.7921451044933,284.21845003981565,297.4384920776491,20.359890878648876,5.069612828783568,143.36789927057376,130.3958196325827,255.2038082629819,278.17231068316806
736,Volvo EX30,11.0,5857.436689025312,787.8252346739044,40,public,22,5,False,0.0,273.1698368054082,219.36895809951895,207.21168442044495,209.2441715124181,209.2441715124181,0.0,0.0,0.0,0.0,0.0,70.08452526266477,64.4777632416516,128.4034285346417,134.01019055565484
737,Volvo EX30,11.0,11468.64919576578,1542.5333168304974,40,private,22,14,True,3.0013541504507155,534.8566609444878,405.4233510242959,364.8003972810306,377.64437555431954,359.5653020090696,0.0,0.0,0.0,83.0695635087959,20.684321313690177,143.8869786090057,126.24512851016298,283.45741390033123,339.862658858114
738,Tesla Model 3,11.0,15117.367342380427,1768.7319790585098,50,private,4,12,True,2.4242922177746715,613.2885883909404,459.9358183794782,372.7382318558267,393.37024689633824,344.9861123485238,0.0,0.0,0.0,233.66869966565613,58.18350621674836,176.09086991389887,144.75784319205943,364.6761846866616,502.5768521730638
739,Tesla Model 3,11.0,9956.970126572782,1164.9655048090153,40,private,17,15,False,0.0,403.9391261239956,360.179169151033,274.4362956561969,277.80851444764863,277.80851444764863,1266.2668530532765,0.0,0.0,0.0,0.0,103.63472856478789,95.34395027960494,221.4745619559519,229.76534024113488
740,Tesla Model Y,11.0,11518.979206404067,1898.3277732153904,43,private,19,13,False,0.0,658.2245213649015,539.5586529718391,465.81894948371433,471.4733750576381,471.4733750576381,1419.0,19.389815289726037,19.389815289726037,0.0,0.0,168.87425652695865,155.36431600480182,342.11546231206523,355.6254028342221
741,Tesla Model Y,11.0,13194.578507944625,2174.466538109274,49,private,19,14,True,5.756560723015714,753.972636583542,645.4891910886664,557.2081570519912,565.9249817462436,559.9380922639721,1617.0,9.109352580475207,32.758779209514564,29.0646368038867,7.237094564167787,195.7710436827164,177.96426472571284,366.01191956301125,397.04268256645406
742,Peugeot e-208,11.0,10590.941834940877,1317.513164266645,43,public,7,4,False,0.0,456.8333689141951,361.1677212942848,339.03634275562337,346.7195743492035,346.7195743492035,0.0,0.0,0.0,0.0,0.0,117.20528942330611,107.8288662694417,217.94266083443327,227.31908398829768
743,Tesla Model Y,11.0,9677.697187116051,1594.8844964367254,40,private,18,15,False,0.0,553.008863438386,488.90531560939064,384.7758377946009,390.15043926685416,390.15043926685416,1733.5701048225285,1.6304347826086956,1.6304347826086956,0.0,0.0,141.8800996236413,130.52969165374992,293.3881158252818,304.73852379517314
744,Volkswagen ID.4,11.0,5966.137275849363,848.9813343533643,40,private,10,14,False,0.0,294.37504962904694,193.45915122293138,175.53354548966948,184.11905481103275,184.11905481103275,0.0,80.83985521105492,80.83985521105492,0.0,0.0,75.52494024851539,69.48294502863413,179.73893984664832,185.7809350665296
745,Kia EV3,11.0,12353.769675474992,1654.1697595461017,40,public,16,3,False,0.0,416.8692000000003,351.14766897100003,351.11907509800005,351.389263463174,351.389263463174,866.7999999999996,869.9943478260858,869.9943478260858,0.0,0.0,106.95207172320004,135.381759079678,200.8616956165043,172.43200826002635
746,Tesla Model 3,11.0,10702.161182693715,1252.1528583751647,40,private,15,12,False,0.0,434.17039328443235,336.32857742442786,303.5492552157205,316.822338689777,316.822338689777,481.0357156251785,39.8494178023232,39.8494178023232,0.0,0.0,111.390870428054,102.47960079380971,219.82765538846508,228.73892502270937
747,Kia EV3,11.0,8732.222365459926,1169.244574735084,40,public,5,6,False,0.0,405.4228471092302,329.32130830240595,294.52276412373396,308.1566091248894,308.1566091248894,0.0,0.0,0.0,0.0,0.0,104.01539241145743,95.69416101854087,192.96039900288162,201.28163039579817
748,Renault Megane E-Tech,22.0,11227.246795508148,1496.5919978412362,42,private,7,14,False,0.0,518.9270079471244,419.2692003016061,310.70366993270756,318.07923311429494,318.07923311429494,0.0,78.0068321863994,78.0068321863994,0.0,0.0,133.13604980427047,122.48516581992892,323.33294065275834,333.98382463709993
749,Peugeot e-208,11.0,9671.740018594463,1203.164458313151,40,private,21,13,False,0.0,417.18419804553827,327.39860961776947,286.99821398760747,293.9037967062473,293.9037967062473,440.0,2.989130434782609,2.989130434782609,0.0,0.0,107.03288770470947,98.47025668833275,221.75065802762373,230.31328904400044
750,Volvo EX30,11.0,9792.746772856999,1317.1244409492665,40,public,18,3,True,2.4419511770874873,416.8692000000003,386.23470568100004,385.72768651999996,385.9706805507828,383.6873508663038,1306.8000000000002,1306.7999999999984,1306.7999999999984,7.450186715826564,1.8550964922408142,107.54974116813129,107.79705209426514,138.69557154348269,142.5866867940686
751,Tesla Model 3,11.0,12277.77763187807,1436.4999829297342,40,private,22,12,True,3.243451903939325,498.0907549506357,385.7469096387778,347.446634921855,356.10335348918,350.82768603045236,0.0,0.0,0.0,25.143449111828417,6.260718828845277,129.8073549343805,117.56707162892297,259.5544730903787,283.3311426834091
752,Volvo EX30,11.0,8018.94251920078,1078.547768832505,40,private,18,15,True,2.2920718977730936,373.9747154973573,335.28697424663153,253.9035487449424,257.9982485314174,256.0494468098397,1172.3345313396787,0.0,15.133965203601761,11.578356235938552,2.8830107027486997,96.87589125801726,88.27128736537453,204.2477543313144,217.68417064828353
753,Kia EV3,11.0,13243.620476501532,1773.320781803555,40,private,17,15,False,0.0,614.8797058644932,535.382630892408,413.08996470749,419.8304958912894,419.8304958912894,1927.5225889169083,10.959803853357474,10.959803853357474,0.0,0.0,157.753699248492,145.1334033086126,340.18261328181643,352.8029092216958
754,Hyundai Kona Electric,11.0,7889.067302770696,982.1888791949516,40,workplace,9,8,False,0.0,340.56331789477105,245.8343408324531,222.58144289729043,230.13564688321247,230.13564688321247,0.0,0.0,0.0,0.0,0.0,87.37501451719764,80.38501335582178,190.81268436738037,197.80268552875623
755,Volvo EX30,11.0,9498.683915701973,1277.5729866619154,40,private,18,12,False,0.0,442.9845464621207,394.41565386516226,312.61155673593964,315.2896295020205,315.2896295020205,1388.6662898499073,1.358695652173913,1.358695652173913,0.0,0.0,113.65223188828999,104.56005333722685,232.25497029732708,241.3471488483902
756,Tesla Model 3,11.0,15161.252165005804,1773.866503305679,50,private,17,13,False,0.0,615.068928863599,548.0436190067793,422.3546129352442,427.4862875831434,427.4862875831434,1928.115764462697,4.051445724036501,4.051445724036501,0.0,0.0,157.8022463509692,145.17806664289182,332.76070792334747,345.3848876314248
757,Ford Mustang Mach-E,11.0,13418.906927996904,2035.6481809771303,40,workplace,14,7,False,0.0,705.8388801431569,561.5379362881463,542.9346500281738,553.0022410104938,553.0022410104938,892.6610662794886,1043.1914518835304,1043.1914518835304,0.0,0.0,181.09020895305795,166.60299223681338,319.4396313694765,333.9268480857211
758,Tesla Model Y,11.0,11163.752743565014,1839.786452139514,41,workplace,15,8,True,6.699360446137951,637.9259546005486,554.2816951923899,508.2560989028005,520.512639766021,470.23808840237103,1097.7678827603415,1017.8643574810551,1019.9141384805895,194.2213961226437,48.36112763453829,179.24729449339583,150.5731348213935,267.9864496559211,395.2962883261117
759,Kia EV3,11.0,8890.238828052336,1190.4029790762079,40,private,21,14,False,0.0,412.7592938318592,325.6087038244347,263.8875457044978,277.2997268141633,277.2997268141633,440.0,0.0,0.0,0.0,0.0,105.89763311446939,97.42582246531188,232.8853894830078,241.3572001321653
760,Skoda Enyaq,11.0,9790.893648327234,1385.4114512383035,40,private,15,15,False,0.0,480.37636189675993,404.08569565335466,328.38638732158205,339.48889551493835,339.48889551493835,625.8820122155474,1.9021739130434785,1.9021739130434785,0.0,0.0,123.24548590232159,113.38584703013596,254.27331341195753,264.1329522841432
761,Tesla Model Y,11.0,11110.472938942676,1831.005940337753,41,private,18,13,True,6.089079636220843,634.8814075736334,568.9681994918218,453.2370501605568,458.4224998488567,454.2834466899341,1804.0,16.55004827712774,49.37840570094834,20.5895696134846,5.126802833757668,164.53707912423502,149.85451381742322,326.3134215421999,350.261842841692
762,Tesla Model Y,11.0,11032.17587882372,1818.1025848301492,41,private,14,12,False,0.0,630.4073093052363,493.52605990831705,431.0277636807054,447.8680198455592,447.86801984555916,623.1984617719008,188.79122931230907,188.79122931230907,0.0,0.0,161.73746527602233,148.79846805394052,331.3377575136176,344.27675473569946
763,Tesla Model Y,11.0,10750.992664119141,1771.7635910468346,40,private,4,12,True,4.456517663499499,614.3397668955869,492.0029905739245,361.84948208187615,388.6972890722916,314.07385959236126,0.0,0.0,0.0,383.7025867349137,95.54194409699349,188.39659043889588,145.00595857529498,370.64843639859026,584.204441839115
764,Ford Mustang Mach-E,11.0,10882.476794155637,1650.87172967341,40,private,19,13,False,0.0,572.421828006324,475.3910099620156,397.8542319811288,403.1067425795271,403.1067425795271,1320.0,4.643253523733973,4.643253523733973,0.0,0.0,146.86069492506914,135.11183933106355,304.4269247578604,316.17578035186597
765,Tesla Model Y,11.0,10480.5185097458,1727.1894504061079,40,private,18,14,False,0.0,598.8841681299438,536.1780415607426,429.7223671277624,435.8751932907416,435.8751932907416,1760.0,5.630148108861625,5.630148108861625,0.0,0.0,153.64987987532461,141.3578894852988,304.36686432450097,316.6588547145268
766,Volvo EX30,11.0,7792.066568948372,1048.032953523556,40,private,19,12,True,5.790105415751535,363.3940349717546,326.0739641648093,255.39804433228784,257.49565380787334,256.4054292909592,1139.1662538299524,3.1539648654106545,20.874938074492828,7.895192387291451,1.9659029044355711,93.86583802604666,85.77387175813324,191.67225292201448,202.82034661127764
767,Tesla Model Y,11.0,9818.841474667775,1618.1450750252493,40,workplace,8,9,True,6.809165035961838,561.0742162315813,384.3412016529668,344.8301549415642,357.7054086208913,233.9987724705304,0.0,0.0,0.0,605.5814520833922,150.78978156876465,192.53034993327944,132.43340076725082,335.8022083779408,670.395575263095
768,Tesla Model Y,11.0,12953.026678231194,2134.6587965725007,48,private,23,13,True,2.4248737656286923,740.1697348985089,556.9704778637246,489.5035932287869,511.4363978867892,495.34202047408763,0.0,0.0,0.0,79.16803694760314,19.712841199953182,196.24916636597197,174.70629072205537,403.439627733775,460.7897219903464
769,Volkswagen ID.3,11.0,7953.347888363052,1080.0646432397025,40,public,23,6,True,6.180578922959272,374.50067521028814,280.57427467002924,268.56512863558135,270.64785733460405,270.64785733460405,0.0,0.0,0.0,0.0,0.0,96.08199184654939,88.39543249882546,192.24825037450955,199.93480972223347
770,Volvo EX30,11.0,10534.87342972898,1416.9404762985475,40,public,16,4,False,0.0,491.3087086296054,437.26691728455285,433.76648920402795,436.0438359932028,436.0438359932028,1100.152691628855,1117.198822566553,1117.198822566553,0.0,0.0,126.05029165883752,115.96626832613059,171.23114096253323,181.31516429524015
771,Volkswagen ID.4,11.0,9154.738895991852,1302.7193448996406,40,private,21,12,True,3.13094444901031,451.7037728510713,357.4219711355623,319.3492868379538,325.72121871455283,323.748446506425,440.0,4.965199589664145,4.965199589664145,9.963123125068988,2.480817658142178,116.6885013271476,106.61809979408213,232.60065393060057,247.12464532993604
772,Volkswagen ID.3,11.0,11193.857440381864,1520.125840403857,44,public,11,3,True,4.624055938046019,458.5561200000004,318.194733703,318.03282154600004,318.1368265383479,269.73861372794,0.0,0.0,0.0,208.1237775905195,51.82282062003937,134.3434003987938,124.41123960144094,264.8305330630934,374.98372729089357
773,Peugeot e-208,11.0,10098.893333463668,1256.3023306828802,41,public,18,5,False,0.0,435.6091777041727,408.6630374780599,363.9935362003747,369.3534179515315,369.3534179515315,1365.5460116118275,923.0008808938283,923.0008808938283,0.0,0.0,111.76000533764761,102.81920491063572,169.0749646632769,178.01576509028877
774,Tesla Model Y,11.0,14185.492126294524,2337.769102413338,52,private,21,14,False,0.0,810.596025728104,629.187753289897,543.979240926173,564.4687744501382,564.4687744501383,572.0,10.869565217391305,10.869565217391305,0.0,0.0,207.96672980928534,191.3293914245426,437.45664270250836,454.093981087251
775,Peugeot e-208,11.0,12059.417107676656,1500.1914881949758,49,workplace,15,9,False,0.0,520.1750921023881,403.6760996038506,367.81780773810175,383.6355805859918,383.6355805859918,552.6429219510607,391.04346376518816,391.04346376518816,0.0,0.0,133.45625860379408,122.77975791549069,259.319269431887,269.9957701201904
776,Volkswagen ID.3,11.0,8077.151066947908,1096.877114891526,40,private,20,15,False,0.0,380.33021701130104,319.5969729768435,255.568497494262,268.3089902409374,268.3089902409374,880.0,3.1760085568349434,3.1760085568349434,0.0,0.0,97.5776206260689,89.77141097598347,201.7926377463471,209.59884739643252
777,Tesla Model Y,11.0,12419.989345434,2046.8142441275234,46,workplace,10,7,True,5.490723205754283,709.7105911703036,491.46210507410757,482.4821131968487,492.1303535175153,366.6031364097678,0.0,0.0,0.0,548.7935803940012,136.64960151810627,226.1088964683726,167.51685326139756,385.09709091418586,705.8659527470146
778,Renault Megane E-Tech,22.0,9253.512434786082,1233.4932075569848,40,private,20,13,False,0.0,427.7003621855194,361.63961676402545,287.7773034656525,291.12266237343795,291.12266237343795,1340.7534864749837,0.0,0.0,0.0,0.0,109.73091754560988,100.95244414196104,237.5301439540425,246.30861735769133
779,Peugeot e-208,11.0,9686.377946683202,1204.9854165673903,40,private,19,12,True,3.623853143172404,417.8155955271716,362.64925278900625,300.743212562517,303.5949779434677,303.0627141579654,1309.7667571384682,4.483299363244303,19.42102575856515,4.459980140668949,1.110535055026568,107.55266807466187,98.61928887214998,212.83990645585385,223.41608449889463
780,Volvo EX30,11.0,11637.263654034597,1565.211961467653,41,private,10,12,False,0.0,542.7202344654149,360.99942961784353,347.05113445847024,360.1851004334893,360.18510043348937,0.0,354.32751140704056,354.32751140704056,0.0,0.0,139.2404462651041,128.1012105638958,310.6363445958214,321.7755802970297
781,Ford Mustang Mach-E,11.0,9873.073150791004,1497.7451969749952,40,public,8,3,False,0.0,416.8692000000003,311.766203353,311.320911979,311.51639475478265,311.51639475478265,0.0,0.0,0.0,0.0,0.0,106.95207172320004,122.57954677835019,227.93235202356786,212.30487696841772
782,Kia EV3,11.0,12905.354237747271,1728.0269324343597,40,private,20,12,False,0.0,599.1745559201745,493.06742818903297,438.6636006286502,444.11006139040353,444.11006139040353,880.0,9.51086956521739,9.51086956521739,0.0,0.0,153.72438184325205,141.42643129579199,296.49092582556295,308.788876373023
783,Volkswagen ID.3,11.0,9253.822965285664,1256.6691586857933,40,private,19,14,False,0.0,435.73637132692124,379.54612864914805,303.98634290486945,308.1391097212122,308.1391097212122,1320.0,0.0,0.0,0.0,0.0,111.79263816699296,102.8492271136336,230.44648871934265,239.389899772702
784,Cupra Born,11.0,9594.507049824915,1322.1230714658732,40,private,18,12,False,0.0,458.4318041278404,404.64207463101576,317.4371877785529,320.5408382162917,320.5408382162917,1437.090295071602,3.5903008550508986,3.5903008550508986,0.0,0.0,117.61538438262369,108.20615363201377,246.09711954356243,255.50635029417236
785,Tesla Model 3,11.0,9512.547743129642,1112.9680859461682,40,private,21,12,True,5.891802353891084,385.90958632263886,305.3414043272322,274.6221834707854,278.9361793146526,275.3903036773533,440.0,1.9828284224502228,1.4393501615806576,17.28883610146652,4.304920189265162,100.39601140944482,91.08833987890054,198.06174688688682,215.22021424399557
786,BMW iX1,11.0,9711.251141102464,1351.806158841463,40,public,18,3,False,0.0,416.8692000000003,373.214634749,372.8781526249999,373.0504335929133,373.0504335929133,1306.8000000000002,1306.7999999999984,1306.7999999999984,0.0,0.0,106.95207172320004,110.63549835956205,154.4542647666491,150.77083813028707
787,Tesla Model 3,11.0,13357.22950664971,1562.7958522780161,44,public,14,5,False,0.0,541.8824748659648,392.02818680391755,391.4879665790833,397.7683487171528,397.7683487171528,246.6911437804519,417.761345390071,417.761345390071,0.0,0.0,139.02551044166793,127.90346960633448,272.01759575514654,283.13963659048
788,BMW iX1,11.0,12327.063883006564,1715.9272925145135,44,private,17,14,False,0.0,594.9791372957932,560.1647862261984,437.7932719082724,443.7249511285826,443.7249511285826,1865.1383614288177,4.617769083856563,4.617769083856563,0.0,0.0,152.64800413623098,140.43616380533263,291.69034997254323,303.90219030344156
789,Volkswagen ID.3,11.0,14694.777259286435,1995.5507518110978,58,private,18,15,False,0.0,691.935532421457,632.6549827929998,508.0107779131832,514.876240369964,514.876240369964,2169.0769041424983,2.717391304347826,2.717391304347826,0.0,0.0,177.52316240050902,163.3213094084682,340.3806014599612,354.582454452002
790,Volvo EX30,11.0,15916.140806539368,2140.720938479545,56,private,19,12,True,3.5619390610101864,742.2717167119291,654.9924482857351,537.207409575319,543.8970463979267,543.2913138816131,1848.0,6.521739130434783,26.506302259272594,5.6241004010889935,1.4004009998711588,190.88860410654954,175.20243292900244,373.57710324300484,391.2694079367368
791,Tesla Model 3,11.0,8692.729700068176,1017.0493749079765,40,private,18,12,False,0.0,352.65081586483115,315.5965958013777,249.43852884341638,251.2258017278103,251.2258017278103,1105.4884509869314,1.358695652173913,1.358695652173913,0.0,0.0,90.47618617931096,83.23809128496606,184.6631054219869,191.9012003163318
792,Tesla Model 3,11.0,11104.217888846762,1299.1934929950712,40,public,16,4,True,2.1007223574830114,450.4812220276386,379.4486500497874,374.3933776907786,378.4375404450693,370.1343032682184,972.1668402120346,999.7325880656961,999.7325880656961,32.22842864826351,8.024878733417616,118.16101239780721,106.32953446979157,178.37321605236082,206.532809890645
793,Tesla Model Y,11.0,8374.121306550882,1380.0551913195854,40,workplace,14,8,True,2.787238043325958,478.5191369901604,360.4256880036927,349.9890851958307,361.8626068882638,334.0805672715646,180.0599905647667,728.2848657911238,730.4557793063636,115.93977990071271,28.86900519527747,132.06992562585307,112.94747612793606,229.60400622983263,305.3775005397263
794,Tesla Model Y,11.0,9247.043018231296,1523.9126894045176,40,private,19,12,True,5.330497767837862,528.4001607826532,460.69549014119036,381.500101981467,385.45333187629114,384.4733162760928,1320.0,5.978260869565219,23.66480875703067,6.894322463337686,1.7166862933710836,136.11956125087414,124.72116563903168,267.66799454539375,281.7630920508056
795,Tesla Model 3,11.0,9570.119302540084,1119.7039583971898,40,private,20,12,False,0.0,388.2451768790254,320.6043248447106,270.40044259987656,274.05347752301236,274.05347752301236,880.0,1.9021739130434785,1.9021739130434785,0.0,0.0,99.60828481392248,91.63962202880872,205.83132138482176,213.7999841699355
796,Tesla Model Y,11.0,8634.830825637178,1423.0201200650072,40,private,7,13,True,6.678418196990212,493.41675902254093,388.8757319702077,317.9528411060862,332.56818244981673,182.17995713262,0.0,36.577180438315615,83.99839240366975,693.9051715021205,172.782387704028,182.25764702778315,116.46384293292728,277.31241950565146,666.2768366217321
797,Tesla Model Y,11.0,8646.366872352473,1424.9212605636876,40,private,19,12,True,5.990841456986546,494.07595882588777,428.1700616803046,349.60047481758295,353.62763747450515,352.4540412809753,1320.0,1.358695652173913,20.63077732708902,8.090009104688207,2.014412267067363,127.40925542311305,116.619437450046,257.0677588014286,271.0455852350929
798,Skoda Enyaq,11.0,10634.017211040642,1504.713435362251,40,private,18,13,True,4.838780584205956,521.7430281310412,477.55972162627614,373.269685641482,377.3558108924833,374.4208571305774,1635.5580819154895,1.9021739130434785,31.653310775014063,15.430963150181688,3.842309824395241,135.0964325827659,123.14984638944458,267.5370636280025,286.2609134076249
799,Skoda Enyaq,11.0,8285.386663733769,1172.3822129183284,40,workplace,7,9,False,0.0,406.51078904450736,321.62201470859765,250.8926108075915,263.13114190339877,263.13114190339877,0.0,0.0,0.0,0.0,0.0,104.29451508085214,95.95095387438401,239.33060101549262,247.67416222196073
800,Skoda Enyaq,11.0,12794.258040511415,1810.3875127323654,40,private,19,14,False,0.0,627.7321919148093,526.2618269937992,447.1566808087351,453.69774198774354,453.6977419877435,1320.0,22.314199407529777,22.314199407529777,0.0,0.0,161.05113645391458,148.1670455376015,322.20149546466723,335.0855863809804
801,Tesla Model 3,11.0,8940.119753055644,1045.9940111075102,40,public,18,4,True,2.307975304570904,362.6870538514087,325.211005935727,298.92372838198554,302.213502813638,300.30562825446884,1136.9500120733805,1136.9500120733796,1136.9500120733796,6.794856252067804,1.6919192067648836,93.59618351458083,85.60699915672491,146.08055019449557,157.66952831828556
802,Audi Q4 e-tron,11.0,17102.9560445111,2546.6301550277026,56,private,18,13,True,4.154424487054264,883.0163254933017,764.9547472061008,625.892239160052,633.4340497219462,629.9484101281565,2464.0,12.718561918777274,48.780100449116986,19.40994290286612,4.833075782813666,228.10400690167614,208.42314890800952,458.00542467936503,486.004998049635
803,Volkswagen ID.3,11.0,9961.468052387974,1352.767361514287,40,private,20,15,False,0.0,469.05737861201925,390.39805714440877,299.65807474696436,317.7949932446589,317.7949932446589,880.0,1.9021739130434785,1.9021739130434785,0.0,0.0,120.34148457024118,110.71416580462203,261.9765511719824,271.60386993760153
804,Tesla Model Y,11.0,11107.718635798345,1830.5520311795672,41,private,16,14,True,4.139069046814709,634.7240195068276,545.8940700839157,457.2208206598761,468.8545915998149,455.15838430152655,1538.7304686734437,31.237013677037,72.78712798763263,60.46358110798649,15.05543169588864,167.69547558090827,149.81736465546874,315.68679256248146,362.31654248209793
805,Tesla Model Y,11.0,8113.202806019383,1337.0558224319943,40,private,13,14,False,0.0,463.6095732128325,334.1583419131032,308.19237426139364,324.6509670945326,324.6509670945326,0.0,50.49519809043419,50.49519809043419,0.0,0.0,118.9437941824943,109.42829064789474,248.3868967661947,257.9024003007942
806,Hyundai Kona Electric,11.0,14686.340950299531,1828.4494483122917,48,private,17,15,False,0.0,633.9949717517616,548.6465933370483,438.4530142097135,445.4924417265207,445.4924417265207,1987.4450525133625,0.0,0.0,0.0,0.0,162.65791689801668,149.6452835461752,338.147813571416,351.1604469232575
807,Tesla Model Y,11.0,13401.706490958386,2208.6012297099423,50,private,17,12,False,0.0,765.8084698668173,683.7706187524732,556.8217769962703,563.5896645474533,563.5896645474533,2400.6535105542844,30.180514981083196,30.180514981083196,0.0,0.0,196.47602268392544,180.75794086921147,382.9767461885755,398.69482800328944
808,Volkswagen ID.4,11.0,11600.245756912087,1650.7149712085902,40,workplace,14,7,True,5.842584962994888,572.3674737125434,433.02471189573254,419.31953646247814,431.56003295886643,372.60856349065944,474.25540348759796,766.8092297419316,768.4785216554419,246.8243136451724,61.459254097647936,166.64750862103503,135.09900979129262,275.90645054496963,427.865672940567
809,Cupra Born,11.0,8000.502418172751,1102.469233224205,40,private,20,13,False,0.0,382.26922325926273,314.70815961708945,268.181525253854,273.5314228763504,273.5314228763504,880.0,1.7646322404459238,1.7646322404459238,0.0,0.0,98.0750925796307,90.22908517326026,198.9668855561726,206.81289296254303
810,Tesla Model Y,11.0,11411.360462216919,1880.5922041733481,42,workplace,14,7,True,4.691723996665067,652.0749055774976,489.255047377059,480.7182390419204,492.0740770302628,448.8645791608636,658.1219610579872,885.0652702311975,886.6957050138064,188.51948858495336,46.941352657653376,182.4199342219509,153.912788722711,313.9136172699458,432.5716132962383
811,Tesla Model Y,11.0,8494.066009222212,1399.8220783198205,40,workplace,8,7,False,0.0,485.3730902000251,346.88862920401573,298.55239481005196,310.1883074682324,310.1883074682324,0.0,0.0,0.0,0.0,0.0,124.52744783156027,114.56525200503549,289.7500347368282,299.712230563353
812,Cupra Born,11.0,14152.55802700666,1950.2224961215177,56,private,17,12,False,0.0,676.2184524595264,636.1684701946114,485.1732564768306,490.42174234712974,490.42174234712974,2119.8070610016484,6.603697517886602,6.603697517886602,0.0,0.0,173.49078422680904,159.6115214886645,345.4082316010611,359.28749433920564
813,Volkswagen ID.3,11.0,12722.136462758448,1727.6661316425973,50,private,11,15,False,0.0,599.0494521673784,395.99363602897023,367.036498093749,388.21904662079453,388.21904662079453,0.0,107.68471282294745,107.68471282294745,0.0,0.0,153.69228519149226,141.3969023761728,352.2273079227566,364.5226907380761
814,Tesla Model Y,11.0,11159.011494288143,1839.005094258686,41,private,19,14,False,0.0,637.6550272483923,530.7871328320633,440.73585279133107,447.85651052390983,447.85651052390983,1353.0,11.413043478260871,11.413043478260871,0.0,0.0,163.59694170000813,150.50918636400766,340.30770308849014,353.39545842449064
815,Audi Q4 e-tron,11.0,5614.337297488364,835.9748235960175,40,private,15,14,True,3.6392101942672084,289.8651833990538,204.90403656390728,184.12182685855777,193.36762561155575,173.92884398505652,28.668286517410163,0.0,40.147308225771695,95.91349167395369,23.88245942681446,82.0622671994906,68.41845675851756,164.91601454601562,221.88106604030236
816,Audi Q4 e-tron,11.0,8796.319006736723,1309.7719001030982,40,public,16,3,False,0.0,416.8692000000003,345.2572672449999,345.2098623489999,345.5002508592609,345.5002508592609,866.7999999999996,869.9330434782598,869.9330434782598,0.0,0.0,106.95207172320004,107.19530012309346,178.56424926383286,178.32102086393945
817,Volkswagen ID.4,11.0,12456.19687820372,1772.5168157683895,40,public,19,4,False,0.0,555.8256000000002,472.517766952,471.6600439320001,472.0692615128698,472.0692615128698,1320.0,1304.3478260869533,1304.3478260869533,0.0,0.0,142.6027622976,145.0676045382912,228.82394302542164,226.35910078473046
818,Volkswagen ID.3,11.0,13606.215284873711,1847.72403568585,54,private,19,14,True,4.379562173287642,640.6782254171586,562.9059288457153,453.8485707236178,462.32494323833214,457.74260249240774,1782.0,5.127295404304548,26.380198264914434,24.995172285837274,6.22379789917348,166.37773882901183,151.2227682808032,329.57605045962964,355.53715965293617
819,Volvo EX30,11.0,13379.081887167767,1799.4865138240648,47,private,16,14,False,0.0,623.952389032475,537.1554424168237,443.23306060604045,450.96053749609405,450.96053749609405,1438.963601982679,7.689015440521043,7.689015440521043,0.0,0.0,160.08138923111414,147.27487809262516,320.26672962900614,333.0732407674951
820,Tesla Model Y,11.0,7463.491525091213,1229.9834033350319,40,workplace,9,9,False,0.0,426.4833757216031,310.68013231321885,278.6247205509564,288.33645925178257,288.33645925178257,0.0,7.880434782608695,7.880434782608695,0.0,0.0,109.41868717796702,100.66519220372972,238.81210867355026,247.56560364778755
821,Volkswagen ID.3,11.0,11610.39955192026,1576.6922591507714,46,workplace,13,9,False,0.0,546.7009029011911,353.83697198311097,344.8097323482021,358.9719417875918,358.97194178759185,0.0,498.40772331423636,498.40772331423636,0.0,0.0,140.26172760718805,129.0407893986131,316.76975051221234,327.99068872078726
822,Volvo EX30,11.0,13173.978324097616,1771.9000845911294,47,private,18,13,False,0.0,614.387094548445,552.0437491112951,445.5865494799973,450.8723886955394,450.8723886955394,1925.9783528164432,3.69565608654622,3.69565608654622,0.0,0.0,157.62731475953083,145.01712957876848,308.53183543167404,321.14202061243645
823,Hyundai Kona Electric,11.0,7318.245111374883,911.1215163661728,40,public,7,6,False,0.0,315.92148230522747,247.9344454984274,199.13820000881816,209.69383520903114,209.69383520903114,0.0,0.0,0.0,0.0,0.0,81.05289868958492,74.56866679441818,180.7963138906145,187.28054578578127
824,Peugeot e-208,11.0,10932.689111332613,1360.026525449777,45,private,21,13,False,0.0,471.5744148026947,376.755573450121,319.6971837946785,330.16828839676697,330.168288396767,495.0,1.358695652173913,1.358695652173913,0.0,0.0,120.98725603811421,111.3082755550651,252.71440196099286,262.3933824440419
825,Tesla Model Y,11.0,11549.71485229552,1903.3930076583017,43,private,18,12,True,2.1997096254323463,659.9808363510847,565.9527771566968,457.15618937918475,462.5312422170204,461.5012931349363,1892.0,11.413043478260871,31.2429032538916,6.505248959853802,1.6198069910035962,169.84672173874787,155.7788685893083,353.22846272337256,369.94607194589986
826,Volkswagen ID.3,11.0,10291.32555918565,1397.5620109374113,41,private,18,15,True,5.975137036480774,484.5894364011241,433.8291073185676,334.30371789150604,340.42809412069005,331.87171534850677,1519.0891423232724,1.358695652173913,38.19570983559323,42.48381400787784,10.578469687961581,127.73453316267019,114.38028193403557,258.5416242144696,291.03072390324905
827,Volvo EX30,11.0,6893.765536671369,927.2114646822992,40,private,13,12,True,3.414897704306564,321.50049699310125,201.06805996096395,194.90119881757963,208.28167046331805,167.40197180139603,0.0,74.89286204922544,88.80902093028487,199.75160922157977,49.73815069617334,98.5087409430841,75.88551199362918,189.10433852341237,302.3454168309627
828,Peugeot e-208,11.0,10236.721138938534,1273.4481096839536,42,public,14,4,False,0.0,441.5542902056321,312.03607632814806,311.8993057856273,316.658044796163,316.658044796163,0.0,172.43520236459392,172.43520236459392,0.0,0.0,113.2852849665061,104.22246216918556,229.11870757865472,238.18153037597523
829,Volvo EX30,11.0,10233.201107741497,1376.3655489912312,40,private,17,12,False,0.0,477.23979361761167,426.7617205899132,338.6891811078487,343.11818399880707,343.11818399880707,1496.0495097730768,6.250000000000001,6.250000000000001,0.0,0.0,122.44076711869324,112.64550574919784,246.76711536800244,256.56237673749786
830,Volkswagen ID.3,11.0,10625.721434040419,1442.9729707426889,42,private,16,12,False,0.0,500.33519311621507,450.52919099642554,367.3173059631688,375.0519720815762,375.0519720815762,1106.4488812420539,30.78206294586095,30.78206294586095,0.0,0.0,128.36612889560223,118.09683858395398,243.38005961859284,253.6493499302411
831,Volkswagen ID.4,11.0,9715.997578319098,1382.586455394808,40,private,18,13,True,5.040644581279015,479.3968252945045,424.70816280092396,337.30897444363586,340.78613820859874,337.6992577215598,1502.8113645595743,0.0,29.60566505653755,16.1193434203995,4.013716511679475,124.28730292665396,113.1546416750156,251.76532876092134,269.9985870112782
832,Tesla Model 3,11.0,9979.803384401186,1167.6369959749388,40,private,18,12,True,6.7955091903476745,404.8654366478323,365.3016174775645,275.78678617767366,278.52894345660167,275.10687405106694,1269.1706477988464,3.468396629753773,35.7067107533784,18.07173921275979,4.4998630639771875,105.32213547328035,95.56259239376605,221.89908558499673,239.58056113402293
833,Hyundai Kona Electric,11.0,10863.043241660118,1352.4488835866846,40,private,21,13,False,0.0,468.9469498523391,384.96997000991627,348.1249882252708,356.24383674061846,356.24383674061846,440.0,1.358695652173913,1.358695652173913,0.0,0.0,120.31315293857958,110.68810070349318,223.39121381521383,233.01626605030023
834,Skoda Enyaq,11.0,11918.975584883667,1686.5350452610387,40,private,22,15,True,5.661595577576757,584.7876950415997,454.65222237055,400.351817126532,417.82960616846805,361.7733157537111,0.0,0.0,0.0,252.30441715834036,62.823799872426754,170.27366915626715,138.03062222562673,304.98871109875836,456.11184831658255
835,Volkswagen ID.4,11.0,10283.3053893439,1463.314356903637,40,workplace,8,7,True,5.527246656172888,507.3883476655005,375.4462984204148,333.0369928793232,343.70313966906957,258.1024666849215,0.0,0.0,0.0,393.8035857099521,98.0570928417781,161.76742926592,119.76163303730188,283.44684103373277,509.11040308827705
836,Renault Megane E-Tech,22.0,10052.868846874077,1340.0474172883144,40,private,8,15,False,0.0,464.64687621192684,354.598331688043,275.4389437380519,281.94535052505904,281.94535052505904,0.0,102.99428448786028,102.99428448786028,0.0,0.0,119.2099249130874,109.67313092004036,292.37465660690816,301.9114505999552
837,Cupra Born,11.0,11152.255343777264,1536.780786372507,45,public,19,4,True,3.416529195934128,532.862033535685,474.4468513378247,457.0942517550754,458.9208464315982,457.54838811681026,1485.0,1181.2834634483768,1181.2834634483768,4.51733748202007,1.124817033022997,137.073613829483,125.77432574758808,199.71551285167487,213.51207628138073
838,Tesla Model 3,11.0,6743.194122289552,788.9537123078776,40,private,23,14,True,4.120085490784839,273.5611241589274,212.1187481165767,160.74935918706294,170.341215567749,138.0483840109084,0.0,0.0,0.0,166.8140961335797,41.53670993726136,83.56708714701786,64.57012092518904,167.79002951636744,260.61653723229824
839,Volkswagen ID.4,11.0,11994.706928625943,1706.8467959434718,40,workplace,16,8,False,0.0,591.8305738108346,499.96175977552974,447.22427298218514,456.95020641270196,456.9502064127021,1415.2682564602947,812.8328987567282,812.8328987567282,0.0,0.0,151.84020785944116,139.69299123068592,274.5733586288186,286.7205752575737
840,Tesla Model Y,11.0,10948.76681730072,1804.356771491159,40,public,2,4,False,0.0,555.8256000000002,402.40233739200016,402.36632053200003,402.60504639826087,402.60504639826087,0.0,0.0,0.0,0.0,0.0,142.6027622976,147.67347324668202,300.8940268484214,295.8233158993394
841,BMW iX1,11.0,11036.92882324866,1536.3404921962135,40,private,15,12,True,3.95480306964153,532.7093663158615,456.9271848006564,375.6208563115642,388.0744305494825,363.70454300348837,789.9353176045802,84.55713209187684,112.24101499261009,110.24832346313289,27.45183254232009,145.51640468029603,125.73829087283889,270.37322663921793,341.97306053498926
842,Volkswagen ID.4,11.0,13054.008133631876,1857.5853574158161,41,private,5,14,False,0.0,644.0975315387446,522.821980256259,424.3219587007244,441.6630062052272,441.6630062052272,0.0,8.967391304347828,8.967391304347828,0.0,0.0,165.2498322971999,152.02984571342404,354.4643710469415,367.6843576307174
843,Tesla Model 3,11.0,6673.333989194337,780.7800767357373,40,public,19,6,False,0.0,270.7270048681525,239.0348858867066,205.80220357102613,209.22383176903082,209.22383176903082,848.6739964518889,102.15654676165353,102.15654676165353,0.0,0.0,69.45779165758894,63.90116832498179,125.40434142410348,130.9609647567106
844,Tesla Model Y,11.0,6627.303825008869,1092.1796703614618,40,private,18,14,False,0.0,378.7014291796806,327.5618589874892,256.2695958643844,259.3574654006911,259.3574654006911,1187.1518156102857,4.46628643268814,4.46628643268814,0.0,0.0,97.15973839109141,89.38695931980412,208.7309230987936,216.50370217008089
845,Audi Q4 e-tron,11.0,11549.630421258507,1719.7399697253918,40,workplace,11,8,False,0.0,596.301141676522,387.301612436897,384.9419199120753,393.25482730518655,393.25482730518655,0.0,80.94293066921084,80.94293066921084,0.0,0.0,152.98717792826469,140.74820369400362,343.79451806533905,356.0334922996001
846,Tesla Model 3,11.0,10934.414087268551,1279.3264482104203,40,private,18,14,False,0.0,443.5925401946999,399.0581601177414,311.8568683678655,316.0176770113725,316.0176770113725,1390.572226315674,5.16304347826087,5.16304347826087,0.0,0.0,113.80821892041925,104.70356140678574,232.27842459011316,241.38308210374666
847,Hyundai Kona Electric,11.0,11322.687505590331,1409.674594445996,40,private,15,13,False,0.0,488.7893430742092,430.759804967951,352.39304459738406,361.7477598077755,361.7477598077755,652.2549939630384,26.61274969815196,26.61274969815196,0.0,0.0,125.40392256853875,115.37160876305562,242.41319202948938,252.4455058349725
848,Tesla Model Y,11.0,9937.941705372345,1637.7727930453623,40,private,18,12,False,0.0,567.8799141102944,513.4104447358164,412.56955375523734,417.75242573566834,417.75242573566834,1760.0,6.4612172023196255,6.4612172023196255,0.0,0.0,145.6954202999137,134.03978667592074,284.1672750505468,295.8229086745398
849,MG4 Electric,11.0,12404.93454658545,1763.981692524451,46,public,2,5,False,0.0,611.6414781688042,441.43695972897325,438.155879369909,441.4751186768595,441.4751186768595,0.0,0.0,0.0,0.0,0.0,156.9228986981864,144.36906680233156,314.53542629427625,327.0892581901311
850,Tesla Model Y,11.0,12992.479066150552,2141.160550101611,48,private,19,15,True,5.379549959077824,742.4241472634931,641.7698094464928,520.0319358292963,532.6496071906815,520.5339552945935,1584.0,3.8043478260869565,25.432227158535884,58.568876198986906,14.58365017354774,195.17505155685927,175.23841194165436,385.0129520144659,431.6488936993066
851,Volvo EX30,11.0,12009.921223753845,1615.334404594892,42,public,18,4,True,3.718550384985348,560.0996468106201,497.59977910773483,493.48888115113726,494.1385713545609,490.25895931068726,1755.7982658640137,1755.7982658640083,1755.7982658640083,13.28827274327404,3.308779913075236,144.76532569870673,132.2033678429641,198.16444329902333,217.91479311171483
852,Peugeot e-208,11.0,10378.785676093963,1291.120938106089,43,workplace,13,9,False,0.0,447.6821513650456,300.8849729688462,288.8292354425706,301.3432775497173,301.3432775497173,0.0,414.82720100079206,414.82720100079206,0.0,0.0,114.85745063917139,105.66885458803775,252.00772840336606,261.19632445449975
853,Ford Mustang Mach-E,11.0,6334.160241124458,960.8921085785802,40,private,17,15,True,3.620621073007097,333.1788941701817,291.237440968976,230.33161973766008,235.1063255536745,229.58440974120964,1044.4479441071517,6.817720341809245,41.59017655726473,27.996685192739804,6.971174612992214,87.72641702920913,78.64202763617479,176.71459625268199,198.2920760711734
854,Volvo EX30,11.0,12634.62729560131,1699.3573712583761,45,private,20,12,False,0.0,589.2336972080669,484.77827171379306,426.6891371703555,432.6187872407351,432.6187872407351,990.0,1.6304347826086958,1.6304347826086958,0.0,0.0,151.17395251441837,139.08003631326486,295.6949462805967,307.7888624817502
855,Kia EV3,11.0,13625.585779016528,1824.465935810313,40,private,19,14,False,0.0,632.6137320907495,541.1160381846702,454.06819465624307,462.85896423121636,462.85896423121636,1320.0,17.061514761990573,17.061514761990573,0.0,0.0,162.30354568687505,149.3192620319252,319.0740298914584,332.0583135464082
856,Skoda Enyaq,11.0,12361.582922244916,1749.1639834976556,40,private,9,14,False,0.0,606.503598625818,418.6397487015326,381.62027822251287,399.2079706547323,399.20797065473226,0.0,270.244127744183,270.244127744183,0.0,0.0,155.60472296971653,143.15634513213922,350.4519731032249,362.90035094080224
857,Audi Q4 e-tron,11.0,9023.583084065162,1343.6115212173027,40,workplace,8,8,True,4.335211750666173,465.8826905090428,356.812271215727,306.0347067532526,316.6982316041595,239.11938165290383,0.0,0.0,0.0,339.32169274396415,84.49110149324704,146.74807637832873,109.96482689420787,259.14928579909116,458.00248672771477
858,Tesla Model 3,11.0,12425.609722132389,1453.7963374894896,41,private,19,14,False,0.0,504.08807789037786,433.55944096615434,357.76485101223363,364.3147116858021,364.3147116858021,1353.0,2.989130434782609,2.989130434782609,0.0,0.0,129.32897000148157,118.98265240136318,258.75601860593895,269.1023362060573
859,Volkswagen ID.4,11.0,12834.560060435566,1826.3578965999811,40,private,16,15,False,0.0,633.269748929776,578.7167060898879,456.3017620916149,464.90248677214424,464.90248677214424,1545.1716267391105,21.467391304347828,21.467391304347828,0.0,0.0,162.47185353984008,149.47410525665282,317.8413674142846,330.83911569747187
860,Skoda Enyaq,11.0,14363.807582679998,2032.4787729492198,44,workplace,8,8,True,2.5576067198572767,704.7399223595658,501.327337519931,454.19716463232044,468.47818659939287,418.2350981562613,0.0,0.0,0.0,230.5302526598068,57.40203291229192,199.30187550389343,166.3435992503417,402.6053350105146,543.2087326194898
861,Skoda Enyaq,11.0,9031.319265940772,1277.9316761306193,40,private,11,15,True,2.5993956697833664,443.10891813659515,312.7412375936605,295.27683932400186,311.62288896481965,264.7485566843581,0.0,80.96897773513851,91.97930690816641,213.57142066439187,53.17928374543356,130.81728345780994,104.58940946041568,236.07543863219118,362.35692865548054
862,Renault Megane E-Tech,22.0,10454.064459848336,1393.5267924977834,40,private,11,15,True,6.995200087527766,483.1902682682534,302.7024229262276,275.52464116423533,281.937319860168,170.97841262363343,0.0,0.0,66.8466160995194,594.7275284436598,148.0871545824713,171.67769944805747,114.05002866500138,315.3029770730868,631.9767096751488
863,Volkswagen ID.4,11.0,12586.525792004168,1791.062620202193,40,private,18,15,True,4.061553634286174,621.0314954831524,534.59114818821,437.3765095120412,445.6996397377332,441.0210360491876,1760.0,18.264272837075715,40.62164898996467,24.185009519917184,6.02206737045938,161.27217568472935,146.58544369192495,321.9172994373441,347.3047024891535
864,Tesla Model Y,11.0,11075.728056449565,1825.2799837028883,41,private,18,15,True,2.0096485393666974,632.8959943491537,537.9912636669332,443.7978453767425,451.4074223014129,449.4084594055199,1804.0,13.043478260869568,26.93768673597224,11.513969208274604,2.8669783328603757,163.29963747910523,149.38588592892003,330.8744579766609,349.6541507555994
865,Audi Q4 e-tron,11.0,8503.052551507708,1266.1045249194979,40,workplace,8,7,False,0.0,439.0079820101301,332.58472453784105,282.30435181597807,293.6280136239378,293.6280136239378,0.0,0.0,0.0,0.0,0.0,112.63200346536688,103.6214431881376,249.0014115743299,258.01197185155917
866,Peugeot e-208,11.0,11858.009664208479,1475.1364022275347,49,private,19,12,False,0.0,511.4875133810689,455.5827168327246,378.94144209500945,382.7317603275312,382.7317603275312,1603.4091328560148,6.206140294034374,6.206140294034374,0.0,0.0,131.2273711194142,120.72918142986114,249.4849344833988,259.9831241729519
867,BMW iX1,11.0,12217.268978055215,1700.643841745286,43,private,16,12,True,4.0929306277726685,589.6797668660281,523.9754184834715,411.06905432515487,421.9804937427768,408.4931240797616,1375.5259149405294,30.814906053856728,71.8436230314135,60.804424313886415,15.140301654157717,156.16625341176996,139.18532456225915,306.88459768551047,352.49319785219416
868,Tesla Model Y,11.0,11142.638742964895,1836.3068648406147,41,private,16,12,True,5.587387929853279,636.7194455262568,531.573829966836,434.76501960606595,444.1120689939927,425.2913646533843,1544.985722652843,72.99118397037272,118.3647057871274,88.24314080726117,21.97254206100803,170.4359565553359,150.28835591845578,342.89573245071983,403.83657948921643
869,Volvo EX30,11.0,11430.890990524078,1537.4548382254884,40,private,14,14,True,6.5729962218588085,533.0957536890554,398.4455026111714,353.62370754201964,372.27534317312745,311.9202083029378,351.14656328857404,24.31819772964611,78.86369205376124,286.4572370813628,71.32785203325932,159.75138118666646,125.82949198735332,286.6499025032813,452.2547786060434
870,Skoda Enyaq,11.0,10383.43407530825,1469.2559216561174,40,workplace,15,8,False,0.0,509.4485206611968,471.83953078167133,399.49391887599984,409.9593469715694,409.95934697156935,717.0173061479541,760.6358163424709,760.6358163424709,0.0,0.0,130.70424661029057,120.24790688146727,219.73708057109468,230.19342029991805
871,Tesla Model Y,11.0,14187.43086921817,2338.0886072471544,52,private,22,13,True,4.3181287745000585,810.7068105563502,611.8136882029419,548.0715809296166,570.483562107356,554.2844242505894,0.0,0.0,0.0,78.5512276160404,19.559255676394056,214.29669534569996,191.3555405704733,431.57878901946754,490.27833732785484
872,Cupra Born,11.0,8977.484117669239,1237.097311414821,40,public,16,3,False,0.0,416.8692000000003,361.1964474470001,361.1606821460001,361.48400397330437,361.48400397330437,866.7999999999996,869.8104347826076,869.8104347826076,0.0,0.0,106.95207172320004,101.24741381926526,156.6326098459612,162.337267749896
873,Tesla Model 3,11.0,9663.767529547324,1130.6608009570368,40,public,4,5,True,2.196596915166352,392.04434294053743,314.5679221756889,305.9891461676158,311.7598060651999,309.9714627541269,0.0,0.0,0.0,7.054259771467794,1.7565106830954802,101.14890722258187,92.53635987034572,172.82089674568329,184.9782980920879
874,Skoda Enyaq,11.0,10974.05827462528,1552.8292458594772,40,private,15,13,True,6.93446101269004,538.4266624230144,445.22136260686233,376.80918167919873,390.36268692721364,352.14834193911923,807.8578759342145,44.990719883667225,91.95518886722064,172.75927719809482,43.017060022325616,151.9979941564008,127.08777538800537,275.1517508838061,381.29337466262155
875,Audi Q4 e-tron,11.0,12874.909320664954,1917.0739978470117,42,workplace,8,9,False,0.0,664.7245709926055,445.3888651236447,410.218177113168,423.1383345842383,423.1383345842383,0.0,0.0,0.0,0.0,0.0,170.54191097105382,156.89855809336962,398.48479450173687,412.1281473794211
876,Tesla Model 3,11.0,7670.7527574929645,897.4780726266767,40,private,20,12,True,6.644650085631795,311.1907664868588,265.8810233518639,225.51323720429195,227.90725472023922,226.3379793208825,880.0,0.0,8.965007894203993,9.03041186909428,2.248572555404477,80.56362338079232,73.45205019403707,156.73556196065667,167.66498310217312
877,Tesla Model 3,11.0,8080.450118013689,945.4126638076015,40,public,7,4,True,3.273862120487683,327.8115649506792,251.83055461851058,224.86249378820946,233.26480739492735,223.02379000143802,0.0,0.0,0.0,46.08093942776815,11.474153917514267,87.80013004895875,77.37514771011034,171.92190526586222,204.0620589157142
878,Volkswagen ID.3,11.0,6487.374568060968,880.9854663426794,40,private,22,12,True,2.7122903614213487,305.47213452534174,240.683185021741,208.0878871503736,215.91088220869563,211.81197654404326,0.0,0.0,0.0,20.616012679363457,5.133387157161502,80.02587060760607,72.10225036989522,161.66350268654134,178.81941574606606
879,Volkswagen ID.3,11.0,11021.602543304663,1496.7336253807732,43,private,18,13,False,0.0,518.9761157570292,496.7661728983172,375.7774053168144,379.859579225619,379.859579225619,1626.8843754138848,0.0,0.0,0.0,0.0,133.14864891691096,122.49675700355805,261.6132935349683,272.2651854483212
880,Tesla Model 3,11.0,8500.910260317669,994.6065004571672,40,private,18,15,False,0.0,344.8689930933005,315.6448141805994,229.12999057817066,232.74218480577173,232.74218480577173,1081.0940222360518,0.0,0.0,0.0,0.0,88.47967967991502,81.40130530552183,193.5281135930506,200.6064879674438
881,Volkswagen ID.3,11.0,10107.835259060763,1372.6440281804516,40,private,20,13,False,0.0,475.9493967277872,394.24818684265216,340.381735909589,346.16823896797854,346.16823896797854,880.0,0.0,0.0,0.0,0.0,122.1097025528489,112.34092634862095,242.1220841084296,251.89086031265754
882,Ford Mustang Mach-E,11.0,12398.41823586284,1880.840046380393,40,workplace,7,8,False,0.0,652.1608421688535,476.4425287029496,411.96853672539646,427.53114095163613,427.53114095163613,0.0,0.0,0.0,0.0,0.0,167.31855739571478,153.93307280405773,378.5627740212751,391.94825861293214
883,Kia EV3,11.0,9545.021441485565,1278.0783710149171,40,private,20,13,True,5.100404533266311,443.1597829932161,362.58629841300666,306.8831540599475,312.1509161195037,309.01352172014373,880.0,1.358695652173913,9.197560491562573,16.689975622513636,4.155803930005893,115.03609511167902,104.60141536934348,235.6102822430559,253.33816031475726
884,Volvo EX30,11.0,11456.507629807968,1540.9002762091716,40,private,9,13,False,0.0,534.2904218594846,381.61780543124456,348.83013011504295,363.73540514759947,363.73540514759947,0.0,286.2636244849417,286.2636244849417,0.0,0.0,137.07769132316417,126.11147601731102,296.66649272919614,307.6327080350493
885,Tesla Model 3,11.0,10294.449982023729,1204.4506478967762,40,private,20,14,True,4.00033278208938,417.63017030333896,343.90356685479185,279.4323269412474,286.2503521744037,279.97786160323915,880.0,0.0,6.403831908836814,31.64060556263964,7.8785107850972675,109.68558152873759,98.57552194743705,229.9553400763723,255.21640101393467
886,Tesla Model 3,11.0,12421.930350061197,1453.36585095716,41,public,16,6,False,0.0,503.9388113644931,440.7885335457864,413.797742978992,421.73554322760174,421.73554322760174,1128.7454901708265,1322.6460029329014,1322.6460029329014,0.0,0.0,129.29067414229561,118.94742021091201,201.1506883478034,211.493942279187
887,Tesla Model Y,11.0,11990.530467492139,1976.0394210427046,44,public,6,5,False,0.0,685.1701905571986,550.154059619066,535.9043790711153,540.0120538927162,540.0120538927162,0.0,0.0,0.0,0.0,0.0,175.78744451034555,161.7244489495179,306.8825856140003,320.94558117482796
888,Tesla Model Y,11.0,9434.665205377603,1554.832825846229,40,private,20,14,True,2.7167503510476925,539.1213820053775,443.548057503583,382.35260024409087,392.9729298967334,388.9540810132395,880.0,7.880434782608697,12.961708294351201,20.287342165753554,5.051548199272635,139.9446164353558,127.25175383187302,273.4002059405172,295.1634656267665
889,Hyundai Kona Electric,11.0,10580.652660053009,1317.2912561765995,40,private,2,13,False,0.0,456.75642469601615,326.59182087843175,262.20299879762763,275.3497434557889,275.3497434557889,0.0,0.0,0.0,0.0,0.0,117.185548594429,107.81070470687476,289.217385947102,298.5922298346563
890,Tesla Model 3,11.0,13235.798041007884,1548.5883707979222,43,private,10,12,True,5.524367339860594,536.9561850918878,369.2043034792258,348.6210373588788,364.2490866018957,248.01213844411933,0.0,357.47081236555357,382.61954108090345,522.9111079094113,130.20486586944338,179.71063487997912,126.74069062082403,299.44778911081613,598.859547397191
891,MG4 Electric,11.0,11811.495345856472,1679.5946381807903,44,public,19,5,False,0.0,582.3811843257308,479.9615204658422,455.0619666337771,458.44273602589055,458.44273602589055,1452.0,874.371774747381,874.371774747381,0.0,0.0,149.41587000490262,137.4626004045103,261.4010487043506,273.3543183047429
892,Volvo EX30,11.0,7890.653093525022,1061.2928410791155,40,workplace,10,9,True,3.871839168137854,367.99175685243216,243.77885118984432,233.2366241392523,238.81682224833492,163.36436678509307,0.0,12.298523971691067,38.73679600405941,366.7384429059654,91.3178722835854,123.83258127763482,86.85909707561393,216.03403167971118,419.7778436285593
893,Tesla Model Y,11.0,12385.803553965328,2041.180425693486,46,private,21,14,False,0.0,707.7571258654588,563.1669617669411,492.9312342887306,509.4216684792689,509.4216684792689,506.0,13.315217391304351,13.315217391304351,0.0,0.0,181.5823545806896,167.05576621423452,365.3912236004244,379.9178119668795
894,Renault Megane E-Tech,22.0,8574.702736864638,1143.0078748240562,40,public,17,3,False,0.0,396.32555659660227,341.9187674136669,335.5487913478406,339.4314130791974,339.4314130791974,1242.399863939191,1242.3998639391914,1242.3998639391914,0.0,0.0,101.68138916201276,93.5468780290518,150.44102154645668,158.57553267941762
895,Audi Q4 e-tron,11.0,14043.403623214603,2091.0627994966544,46,private,19,14,True,6.406166078358545,725.0532967819913,605.4645815269502,511.9263431524613,518.9405773005335,513.0127458248182,1518.0,17.8432324903901,37.26821347975423,30.768660488511287,7.661396461639311,188.48819056564056,171.13827556587208,377.25099504732987,408.190137984453
896,Volvo EX30,11.0,13192.776459251845,1774.4284337693732,47,workplace,9,9,False,0.0,615.2637721439456,438.0107138175002,412.84274696861087,424.4195780036961,424.4195780036961,0.0,36.42129665908294,36.42129665908294,0.0,0.0,157.85223539428173,145.22405656273912,336.0682507029887,348.69642953453126
897,Volvo EX30,11.0,11584.849192261298,1558.1622163591444,41,private,10,12,False,0.0,540.2758119767034,359.00200662995945,345.72935499860796,358.5456349512837,358.5456349512837,0.0,390.2388940030679,390.2388940030679,0.0,0.0,138.6133045877281,127.52424022070977,309.25441724612944,320.3434816131478
898,Tesla Model Y,11.0,11294.339927125264,1861.3072199902435,42,private,22,12,False,0.0,645.3880469313998,485.175056244307,456.4091609181377,466.2626192854551,466.2626192854551,0.0,0.0,0.0,0.0,0.0,165.58092726616164,152.3344530848688,331.4598807308135,344.70635491210635
899,Volkswagen ID.4,11.0,10492.21935929995,1493.042814828383,40,private,8,14,True,4.372650445939454,517.6963673154934,359.2678837596986,301.6230828209831,316.3383712794121,235.74584852503577,0.0,251.85480676549713,278.61487923590187,409.5390180087277,101.97521548417318,165.67438654742506,122.19469101418248,323.5526870502637,549.6001208220558
900,Kia EV3,11.0,12435.967453566062,1665.1760420324956,40,private,18,13,False,0.0,577.3816928351805,495.7902776266253,407.58937460893895,412.5839169125664,412.5839169125664,1760.0,17.129132719157372,17.129132719157372,0.0,0.0,148.1331991516064,136.28254321947796,301.0803191420921,312.9309750742205
901,Volvo EX30,11.0,10137.995808878084,1363.5604362941021,40,public,12,5,False,0.0,472.7997599758897,314.36576649301423,313.5484883983171,317.8112438794608,317.8112438794608,0.0,0.0,0.0,0.0,0.0,121.3016309184107,111.59750044493781,266.5860165413667,276.2901470148396
902,Tesla Model Y,11.0,11465.898016701367,1889.5799931523852,42,private,15,14,False,0.0,655.1913237126198,571.4388657844795,476.0267214724853,486.478990560821,486.478990560821,1129.8912969047665,31.46739041826931,31.46739041826931,0.0,0.0,168.09605853857886,154.6483738554926,323.3607070072914,336.8083916903777
903,Kia EV3,11.0,12859.536262677599,1721.8919055725305,40,public,17,4,True,3.5245567264245805,555.8256000000002,495.08498908000007,494.43910269599996,494.8197522189566,487.88253390783046,1742.3999999999985,1742.3999999999974,1742.3999999999974,24.63245550187621,6.133481419967175,144.57882901493818,140.92432398560672,201.93017176665037,218.65537652707513
904,MG4 Electric,11.0,9719.643669678959,1382.133329828348,40,workplace,15,7,True,4.5935086414730835,479.2397089296122,373.29638575213147,361.06175449531145,374.71484996351387,343.93197123507986,622.3188367699431,881.3804327824812,882.6413020619665,130.20315698913865,32.42058609029553,133.3990334731862,113.11755664434249,217.64241561044082,301.12735725801406
905,Hyundai Kona Electric,11.0,9600.537899420378,1195.266968477837,40,workplace,15,8,False,0.0,414.44582928742415,300.6205106859359,287.2573017714923,298.73760531334983,298.73760531334983,419.2032266063444,538.889681385605,538.889681385605,0.0,0.0,106.33033109505251,97.82390460744834,213.53212858152267,222.03855506912683
906,Kia EV3,11.0,8334.339597213435,1115.968072066879,40,public,20,4,True,5.302305726552285,386.9497989014506,331.9175369868411,312.3891230242388,314.8631948174199,314.46341911321366,880.0,411.77265569579026,411.77265569579026,1.6051881368450054,0.3996918460744065,99.40471382360138,91.3338669149817,163.42047099901237,172.29078545791273
907,Tesla Model Y,11.0,8618.804685983683,1420.379012250111,40,private,16,15,False,0.0,492.50098359541886,432.48786805805753,344.4801386875862,351.14807038414745,351.14807038414745,1103.8902307066423,2.989130434782609,2.989130434782609,0.0,0.0,126.35618203801997,116.24768747497848,257.6006006862499,267.7090952492914
908,Volvo EX30,11.0,6945.81426794311,934.2120190383482,40,private,18,13,False,0.0,323.9278631230795,311.99642461764483,228.04038906233683,229.70863931767468,229.70863931767468,1015.4478467808124,0.0,0.0,0.0,0.0,83.10701786047635,76.4584564316383,170.6776802370431,177.32624166588113
909,Volvo EX30,11.0,12548.32504794401,1687.7497189484693,44,private,0,12,True,6.334210312069379,585.2088699397406,423.3830137757554,374.75124543195454,392.7080312969541,355.161526162634,0.0,0.0,0.0,183.75444919875753,45.754857850490616,164.88250515958816,138.13003442897718,330.63087307176363,440.68470678718535
910,Renault Megane E-Tech,22.0,14911.522847161268,1987.705995526597,56,private,19,15,True,3.730004336190072,689.2154484488952,645.4658660325688,482.9033299874883,489.23678075636997,480.8795378966776,2160.5499951376087,0.0,14.402173913043487,41.69799619976293,10.38280105374097,180.17039676043356,162.67927318502856,362.65794087755387,398.8891083663922
911,Audi Q4 e-tron,11.0,14071.47038619997,2095.2419405051755,46,public,12,5,False,0.0,726.5023685012513,503.6447150550921,503.43019618678596,504.81582635852294,504.81582635852294,0.0,0.0,0.0,0.0,0.0,186.39163896738006,171.48030784998954,393.16684999271797,408.07818111010846
912,Audi Q4 e-tron,11.0,7388.874969907929,1100.2034830192906,40,private,18,14,True,3.0367666651322787,381.48359900342774,357.69638373116373,268.4318147282984,271.4527535131483,269.47380069887816,1195.8733511079245,1.9077033429155061,21.078737079895014,11.550810783855022,2.8761518851799,98.80016263424496,90.04365000458651,200.07449549486594,213.6861128239744
913,Cupra Born,11.0,12537.431730708078,1727.6580924915731,50,private,12,15,False,0.0,599.046664679144,376.2546538396751,359.0357492963626,386.1135065664507,386.1135065664507,0.0,44.68078663006841,44.68078663006841,0.0,0.0,153.69157003277658,141.39624443015433,354.32940254284756,366.6247281454698
914,Cupra Born,11.0,14064.412906332589,1938.0760984926308,56,private,20,15,False,0.0,672.006821107771,559.1140195351703,449.0808046382474,467.15139381417083,467.15139381417083,1232.0,4.891304347826088,4.891304347826088,0.0,0.0,172.41024697818384,158.61742721992923,363.47285451352934,377.26567427178395
915,MG4 Electric,11.0,9949.586142182327,1414.831149418327,40,private,20,15,False,0.0,490.5773224613542,400.1864069891181,324.7853617231911,339.02101507894946,339.02101507894946,880.0,1.358695652173913,1.358695652173913,0.0,0.0,125.86264703092043,115.79363526844692,267.34994265085163,277.41895441332514
916,Tesla Model Y,11.0,11172.169873123608,1841.1735950907707,41,workplace,16,9,True,2.694256933754149,638.406931341257,580.6533318634354,487.11967093279713,495.5323645082313,485.75094988441987,1550.2756468377934,600.1813329074567,602.4603669911099,39.51150275551802,9.838364186123986,166.95954518899444,150.68666237910173,293.5612292121274,329.45389083195556
917,Tesla Model Y,11.0,6552.714218737772,1079.8873032479848,40,private,6,13,False,0.0,374.4391844957683,318.9097145176294,244.05045530203105,253.37951084521535,253.37951084521535,0.0,4.076086956521739,4.076086956521739,0.0,0.0,96.06621577264038,88.38091851082915,209.44059216138209,217.1258894231933
918,Volvo EX30,11.0,11534.152207868845,1551.3434719583595,41,public,23,3,False,0.0,427.29093000000034,324.097468475,323.964541505,324.0297154403913,324.0297154403913,0.0,0.0,0.0,0.0,0.0,109.62587351628005,126.96617560468978,230.2273901642988,212.88708807588907
919,Volkswagen ID.4,11.0,8620.80419253797,1226.740436598153,40,workplace,8,8,True,4.930546919571832,425.358912255229,325.7377073696193,287.468618944594,297.6685879659588,205.95330921248208,0.0,0.0,0.0,398.2464461655297,99.1633650952169,141.07835120595814,100.39977897214217,228.09010326141234,459.64731934392194
920,Tesla Model Y,11.0,11387.200689226216,1876.6106735844805,42,public,12,6,False,0.0,650.6943531233144,440.22208570233465,440.0070942590312,444.44543517119223,444.44543517119223,0.0,116.1748463317889,116.1748463317889,0.0,0.0,166.94231458003122,153.58692941362878,359.83584736575096,373.1912325321534
921,Peugeot e-208,11.0,7530.965600406352,936.8521206905501,40,private,15,15,False,0.0,324.8432896742233,239.7658046804058,212.33937601145055,222.6216585293575,222.6216585293575,138.31752248972822,1.358695652173913,1.358695652173913,0.0,0.0,83.34187993749066,76.6745295424914,178.8961606873572,185.56351108235646
922,Volkswagen ID.3,11.0,12138.859511605935,1648.457121676086,48,workplace,9,9,False,0.0,571.5845889289903,399.0094819368812,363.45733662729293,375.49826136988406,375.49826136988406,0.0,2.8183225017229643,2.8183225017229643,0.0,0.0,146.6458926469242,134.91422123517034,331.0005487942766,342.7322202060305
923,Volkswagen ID.4,11.0,13193.68275918445,1877.4610566319473,41,private,18,14,False,0.0,650.9892142017293,557.0129189839923,450.70830637498125,457.53604915753914,457.53604915753914,1804.0,14.76463714909583,14.76463714909583,0.0,0.0,167.01796421595307,153.65652707867687,347.10969212286705,360.47112926014324
924,Tesla Model Y,11.0,9234.836102843783,1521.9009897486553,40,private,15,14,True,3.7134409018891574,527.7026257932836,434.798739995683,376.67544718232944,388.6899643520051,368.3546610617486,774.2402062485374,13.910352982300413,53.75053790687775,89.52417328439716,22.291519147814892,142.56933966276029,124.55652265932606,263.5691841006045,324.20882354211017
925,Volvo EX30,11.0,8460.139546711149,1137.8887690326494,40,workplace,9,7,True,5.2455079959357,394.5505623058858,268.99445093623825,243.75023944517775,252.25064814604715,164.55252239680058,0.0,0.0,0.0,420.3864055487582,104.67621498164075,134.9502663346894,93.1279164666389,235.42783062647754,469.6245212254154
926,Tesla Model Y,11.0,6228.309536815541,1026.4254116672012,40,workplace,13,7,True,4.4884856473705295,355.9018546976493,229.5629035263917,229.25016618898573,235.2605186306333,184.29927255073076,0.0,137.5381329711307,159.16046032626113,237.879879651856,59.23209003331215,110.39349134263372,84.00545167366515,204.64678774068113,341.2281635228644
927,Peugeot e-208,11.0,10366.554360375363,1289.5993624306952,42,private,20,12,True,2.466091063337302,447.1545615384695,362.35991244918364,316.55072472425405,319.8588179271214,319.5470081019987,924.0,4.3478260869565215,9.43829029541581,2.7442083080566877,0.6833078687061154,114.94223814178719,105.54432468999138,232.84006830133953,243.23309944696413
928,Volkswagen ID.3,11.0,9676.309283923285,1314.0428007567823,40,public,18,6,False,0.0,455.63005808849306,424.294676943957,357.30482879114055,361.2231325982941,361.2231325982941,1428.307392126936,596.6929240569966,596.6929240569966,0.0,0.0,116.89656768100463,107.54484226652436,201.9517677567233,211.30349317120357
929,Skoda Enyaq,11.0,7553.26748695776,1068.7873494045232,40,private,18,15,True,2.9282884780868517,370.59039615222014,351.79983377224994,259.10786757417907,262.3679230689241,259.87074655728867,1161.725379787525,1.9021739130434785,19.09576348986791,14.710150221975367,3.6628274052718672,96.25884841082431,87.47246805200598,195.69494113530203,210.64132541102765
930,Volvo EX30,11.0,11942.111076323656,1606.2139397655317,42,private,10,13,False,0.0,556.9372247665268,356.1071730804452,345.6839962366819,361.74284086895796,361.74284086895796,0.0,237.71991662419057,237.71991662419057,0.0,0.0,142.88796104041626,131.45692415718307,326.6513080547519,338.0823449379851
931,Tesla Model 3,11.0,9964.564863716418,1165.8540890548209,40,public,19,4,True,5.0415037848568245,404.24723305270396,354.4921982665043,329.96159521579006,332.93645923584114,331.35664305227056,1267.2327054943707,834.0805315813266,834.0805315813266,5.679291151493183,1.4141434967218025,104.16938108593025,95.41667443478515,166.72744825164796,178.47411458308545
932,Tesla Model 3,11.0,8594.13825056694,1005.514175316332,40,private,4,13,True,2.889072320227714,348.65111078903266,264.9317045616972,196.0131599041066,209.1954715069818,160.88240048620324,0.0,0.0,0.0,251.30223581499985,62.57425671793496,109.61000785237104,82.29401912850219,221.74965841055305,359.9529748731354
933,Renault Megane E-Tech,22.0,9735.486431647421,1297.7403413386012,40,public,11,3,False,0.0,449.9773574858843,288.4881706068224,275.4173621598792,278.66364477579594,278.66364477579594,0.0,0.0,0.0,0.0,0.0,115.44630932591414,106.21060457984095,277.5243172899293,286.7600220360025
934,Renault Megane E-Tech,22.0,13296.156940255858,1772.3777201361058,50,private,6,13,True,3.0488033030670656,614.5527094819761,508.6285771623787,402.32613802921253,410.5785547886144,334.0449509919078,0.0,3.8043478260869574,35.799267843839864,359.7955528084208,89.5890926492968,186.5333511523467,145.0562205728486,349.0303752662103,556.6302022917118
935,Volvo EX30,11.0,12270.431906823937,1650.3730914678194,43,public,18,4,False,0.0,572.2489306285156,509.30141594860714,504.5853364304172,505.2905202484474,505.2905202484474,1793.8837950737181,1793.8837950737134,1793.8837950737134,0.0,0.0,146.8163363282909,135.07102942202752,202.0294398020957,213.7747467083591
936,Ford Mustang Mach-E,11.0,10665.242925318307,1617.9173517707873,40,workplace,9,9,False,0.0,560.9952556683492,406.33479921427846,381.1927697527703,392.58745451350364,392.58745451350364,0.0,28.521379316683053,28.521379316683053,0.0,0.0,143.92909051716035,132.4147632757875,300.822564430633,312.3368916720059
937,Tesla Model Y,11.0,12305.839990438028,2028.002430424187,45,workplace,13,9,False,0.0,703.1877992449075,513.24061219171,500.9557526455518,514.7408061711865,514.7408061711865,224.3504678523767,853.8777508885745,853.8777508885745,0.0,0.0,180.4100469397129,165.97724318453598,354.424236258257,368.85704001343396
938,Audi Q4 e-tron,11.0,8407.602815513043,1251.892059229892,40,private,17,12,True,4.127113149168679,434.079964015582,384.87690101985675,309.92193796890973,314.3131764688929,307.222093251807,1360.7522382933614,4.07608695652174,52.51190093984875,32.248915654034434,8.029979997854573,113.95474483354133,102.45825628134374,222.22504382803282,248.8425955951709
939,Tesla Model Y,11.0,11020.890520592196,1816.242757793594,41,workplace,10,8,False,0.0,629.7624344958217,420.2009510477661,414.3863704082184,423.07616751307114,423.07616751307114,0.0,26.955004183287226,26.955004183287226,0.0,0.0,161.57201602510855,148.6462547431,355.3325217258506,368.2582830078591
940,Volvo EX30,11.0,11272.635903765371,1516.1695290564423,40,private,18,15,True,6.7218460957888695,525.715304096745,488.27977926396795,386.6633073861727,392.5505679920908,384.0692823987308,1648.0103576700458,1.6304347826086958,36.939028055748295,40.210023154752776,10.012295765533445,138.1033883854132,124.08744430377642,257.25218040843055,289.7617058489608
941,Peugeot e-208,11.0,9921.058046387789,1234.1796209706408,41,public,5,6,False,0.0,427.9383685756892,338.3521618793466,301.20512875143635,315.583936597244,315.583936597244,0.0,0.0,0.0,0.0,0.0,109.79198052774436,101.00862208552479,213.36305406396997,222.14641250618953
942,Tesla Model Y,11.0,11903.653755746745,1961.7221389470637,44,private,17,15,False,0.0,680.2058286131669,610.081499416505,483.1638901802316,490.8112933711146,490.8112933711146,2132.3066727685473,16.48824797169288,16.48824797169288,0.0,0.0,174.51378650275458,160.55268358253423,349.94721882458657,363.9083217448069
943,Tesla Model 3,11.0,9240.850734328651,1081.179535916452,40,private,19,14,True,4.966700627056987,374.88725212755276,339.62252517716286,270.9927109715162,275.24135658588943,270.68735633721946,1175.195147735275,0.0,17.472143888069912,23.032943286398435,5.73520287831321,98.02892264906241,88.4866783524583,188.1325738941216,207.9640213177089
944,Kia EV3,11.0,12066.507350029699,1615.7053341689766,40,public,17,3,True,6.945389675211289,416.8692000000003,403.80002448500005,403.48487296700006,403.7530083619999,389.25630690676036,1306.8000000000002,1306.7999999999984,1306.7999999999984,46.66888045202109,11.620551232553257,110.69594619765701,132.23372572971937,145.3499173677198,149.92939052345022
945,Volvo EX30,11.0,12158.57070965353,1635.3277604483997,43,private,7,15,True,6.734581142119902,567.0321256337388,448.8017161298662,380.9653034850356,398.6567859510145,230.069571264071,0.0,283.59172907588464,307.0923136406166,749.0933905204197,186.52425423958456,205.57173837055342,133.83967854791652,302.2150182306408,729.0585469798058
946,Skoda Enyaq,11.0,5000.0,707.5,40,private,19,14,True,2.5300124625997142,245.31793478260855,223.69078573396735,166.55085837499996,170.28577589673904,168.9374785824799,769.021739130435,1.358695652173913,8.220108695652172,9.039729353224786,2.2508926089529715,63.664019800846,57.903727230000015,132.93588611586952,142.2953686099276
947,Peugeot e-208,11.0,13556.769490687158,1686.4621246414824,56,workplace,9,9,False,0.0,584.7624106093839,418.9692191752962,378.62231912290343,392.27952664866393,392.2795266486639,0.0,6.918907698786539,6.918907698786539,0.0,0.0,150.02679804726782,138.02465420348648,330.50753816420644,342.50968200798786
948,Peugeot e-208,11.0,5000.0,622.0,40,private,1,15,False,0.0,215.67173913043464,160.51142522608694,131.8918297304348,136.62852440217387,136.62852440217387,0.0,0.0,0.0,0.0,0.0,55.33279818260875,50.90617432800001,129.9493890562608,134.37601291086952
949,Tesla Model 3,11.0,9600.852634032086,1123.299758181754,40,private,11,13,False,0.0,389.4919813695426,270.62054283167544,250.41550053201914,262.928507956706,262.928507956706,0.0,157.69562588932106,157.69562588932106,0.0,0.0,99.92816530232177,91.93391207813606,218.49738549097265,226.49163871515833
950,Volkswagen ID.4,11.0,13195.512195024483,1877.721385351984,41,private,18,12,True,5.473991556243805,651.0794803557421,582.7117993304296,482.9860277363811,488.37525172361137,484.8257414965108,1804.0,22.8783506190876,55.518468298616234,16.478137556089777,4.103056251466355,168.36303332755878,153.67783309026012,316.38206172239086,338.7198284382565
951,Volvo EX30,11.0,10255.142071697155,1379.3166086432673,40,private,16,14,False,0.0,478.26304147522006,443.31085968228126,344.46291606781085,350.2752474598604,350.2752474598604,1059.2571833078998,3.5326086956521743,3.5326086956521743,0.0,0.0,122.70329185848584,112.88702850980697,240.87482252516662,250.6910858738455
952,Volvo EX30,11.0,7739.052698391703,1040.9025879336841,40,private,19,13,True,3.724329015626489,360.9216582074403,324.5411972639685,260.5664753278046,263.8275479975753,262.6375681447136,1131.4158564496572,0.2717391304347826,12.841432020165811,7.807670162276771,1.9441098704069157,93.22450317777397,85.19030321514227,182.28441342500724,193.45270311090758
953,Tesla Model Y,11.0,8554.715834840492,1409.8171695817132,40,private,15,12,False,0.0,488.83877945278977,403.7053921720249,343.3708190683847,355.6280282045113,355.6280282045113,652.4099669366447,68.17174421391285,68.17174421391285,0.0,0.0,125.416605978845,115.38327750053737,248.59402874881584,258.62735722712347
954,Ford Mustang Mach-E,11.0,13198.923584442156,2002.276707759875,40,private,20,13,True,4.489837793893328,694.2676845384783,542.0225588707598,482.84970509124884,492.05938713715375,489.29619345479114,880.0,20.923913043478258,27.458977441273813,14.57615546705638,3.6294627112970383,179.290829413427,163.87177996482015,366.0800773661447,387.8917832084112
955,Audi Q4 e-tron,11.0,6741.905078098483,1003.8696661288641,40,private,16,15,True,2.790839318260282,348.08089510337805,281.56767609460275,233.3829847356134,238.17243528874295,230.26305547911528,651.1626805748525,2.007327883936525,36.41194701072789,39.65803654421379,9.874851099509236,92.4851761270485,82.1594280169568,192.06788783159192,220.17786685082052
956,Renault Megane E-Tech,22.0,13422.490511106818,1789.2179851305389,50,private,18,13,False,0.0,620.3918883224368,588.866920190743,450.37468558760156,452.4830310068088,452.4830310068088,1944.8021577505867,0.0,0.0,0.0,0.0,159.16790623138576,146.43447373287484,314.3433310485028,327.07676354701374
957,Volkswagen ID.4,11.0,10829.326403097386,1541.013147160758,40,workplace,15,7,True,2.7167111105165076,534.3295586350888,430.0666316464358,407.7026979842092,420.4266962395685,403.9770433666638,795.0142903921279,1044.0288843264989,1044.0564154993456,68.86834818924174,17.14821869912119,142.61249412705064,126.12071368344934,240.02357607896963,290.1132280945968
958,Kia EV3,11.0,8338.654226331071,1116.5458009057304,40,workplace,9,8,False,0.0,387.15012009666066,268.0737993755542,237.12147450818114,245.30405110764454,245.30405110764454,0.0,0.0,0.0,0.0,0.0,99.32733675748554,91.38114981688666,233.2272188059028,241.17340574650166
959,Volkswagen ID.4,11.0,9672.977991657106,1376.4647682128061,40,private,6,14,False,0.0,477.2741968042232,371.6490376522764,301.82409179765233,315.00166436529383,315.00166436529383,0.0,34.78260869565217,34.78260869565217,0.0,0.0,122.44959360930939,112.6536261205647,274.92615855949407,284.72212604823875
960,Volkswagen ID.4,11.0,8722.278692987406,1241.1802580121077,40,private,18,13,True,4.6094357692531664,430.3657633759372,400.17290929870296,313.69650062099475,316.440566613482,313.6162050373836,1349.1089761001158,1.9342461416333636,28.279530117250022,14.665518861630305,3.6517141965459463,111.59125194558159,101.58157329073374,215.50677005318892,231.9925244806811
961,Kia EV3,11.0,12847.033189880178,1720.2177441249557,40,public,23,6,False,0.0,596.4668047563706,432.5779223612886,423.77848767608384,427.5503487858747,427.5503487858747,0.0,0.0,0.0,0.0,0.0,153.02968049165372,140.7873060523214,309.70376202281733,321.94613646214964
962,Tesla Model Y,11.0,12554.016903380616,2068.9019856771256,46,private,22,14,False,0.0,717.3692754684816,553.6010026988918,483.151963740859,507.91273133941166,507.91273133941166,0.0,0.0,0.0,0.0,0.0,184.0484502139401,169.32457419682498,378.78111832589497,393.5049943430101
963,Tesla Model Y,11.0,7185.037116811458,1184.0941168505283,40,private,14,12,False,0.0,410.57176442969416,290.67357081394994,275.444200503322,296.45013212602976,296.45013212602976,0.0,69.68925818215136,69.68925818215136,0.0,0.0,105.33639999502343,96.90948799542156,211.03112029908596,219.45803229868784
964,MG4 Electric,11.0,10066.133260442659,1431.4041496349462,40,private,19,13,False,0.0,496.3238301451609,429.9409904201735,360.96121042673246,365.7634011478897,365.7634011478897,1320.0,2.989130434782609,2.989130434782609,0.0,0.0,127.33697255546487,117.15001475102763,247.71044374829887,257.8974015527361
965,Kia EV3,11.0,9059.623399466032,1213.0835731885018,40,private,17,15,False,0.0,420.6235433120998,390.0935788254494,295.4639800703702,299.7022686955925,299.7022686955925,1318.5691012918503,0.0,0.0,0.0,0.0,107.91528703195695,99.28206406940038,220.20333868590765,228.83656164846423
966,MG4 Electric,11.0,13782.786830926021,1959.9122873576803,51,public,9,3,False,0.0,531.5082300000006,367.0576323920002,366.6162621440001,366.8087130490871,366.8087130490871,0.0,0.0,0.0,0.0,0.0,136.3638914470801,160.40456039842334,325.1040773493369,301.0634083979936
967,Tesla Model Y,11.0,7993.282931303138,1317.2930270787574,40,public,18,3,False,0.0,416.8692000000003,382.30087262399996,381.9202159410001,382.08391303213057,382.08391303213057,1306.8000000000002,1306.7999999999984,1306.7999999999984,0.0,0.0,106.95207172320004,107.81084964233129,142.59613661020103,141.7373586910698
968,Volkswagen ID.4,11.0,14463.26173926018,2058.122145496724,45,public,16,5,False,0.0,713.6314830581034,646.7724802902507,636.5115721189931,638.854949803856,638.854949803856,1742.0892885833935,1757.5607167722735,1757.5607167722735,0.0,0.0,183.08948120888712,168.44232271217626,243.21885596642366,257.86601446313455
969,Volvo EX30,11.0,10877.084520457907,1462.9678680015886,40,private,18,13,True,4.205093119521343,507.2682064048989,472.147532592414,362.7531736075159,366.85318215751295,364.12424049920827,1590.1824652191162,6.058909456564907,31.36404076194872,14.281833403476563,3.5561765174656643,131.29058293528087,119.73327544172248,260.1482996891084,277.99072535843715
970,Volvo EX30,11.0,8405.363650027608,1130.521410928713,40,private,20,13,True,4.90623511426676,391.99601096332566,326.30580925222245,269.95350019483203,274.47738928706167,270.99361942624404,880.0,0.0,5.933222142918734,17.26451922082587,4.2988652859856415,101.9555953673075,92.52495181072926,210.04357348699324,227.25685219037476
971,Tesla Model Y,11.0,9466.769537019682,1560.1236197008436,40,private,17,13,False,0.0,540.955907265836,519.4013600919542,394.0603459873689,398.8687004885952,398.8687004885952,1695.78654315309,5.16304347826087,5.16304347826087,0.0,0.0,138.7877900141925,127.68476681305714,269.77197359029793,280.8749967914333
972,Tesla Model Y,11.0,9194.454738717093,1515.246140940577,40,private,19,12,True,3.860392057580127,525.3951293043954,446.4591254616157,364.5755510865896,368.8976101341527,368.31351426948055,1320.0,3.2608695652173916,17.65425755084144,4.979224931842878,1.2398270080288771,135.19495648379987,124.01187170506478,280.5093908753074,293.5163985267436
973,Ford Mustang Mach-E,11.0,8158.585699586042,1237.6574506272027,40,private,17,13,True,2.359174348668043,429.1442682066059,391.3099713815782,305.1650182361363,309.12536176067886,306.12653448619176,1345.2798376382634,5.642865506173988,35.01260635321896,15.413194825792283,3.837885511622278,111.33784494131076,101.2932571382258,221.3121635841528,238.1934641733472
974,Tesla Model 3,11.0,11157.670822809523,1305.447486268714,40,workplace,7,7,True,3.100655401165475,452.6497262170869,360.55449268629053,298.8403693177151,312.0221992021793,276.8506147173465,0.0,0.0,0.0,159.21421793480485,39.64434026576642,128.9044280427336,106.84137831518419,247.46890533009176,344.3478798082404
975,Volkswagen ID.3,11.0,8260.864943984863,1121.8254593931445,40,private,17,14,False,0.0,388.9807842895791,347.52832150730535,273.1300119109862,276.3535554442413,276.3535554442413,1219.3754993403754,2.766996179161536,2.766996179161536,0.0,0.0,99.79701244487656,91.81325144928635,204.44048029462417,212.42424129021435
976,Kia EV3,11.0,6174.998002863366,826.8322325834048,40,public,21,5,True,6.952210894626611,286.69508934141965,233.21130802665687,216.46243698294032,219.48808542310587,219.48808542310587,440.0,19.134814209701734,19.134814209701734,0.0,0.0,73.55456761481234,67.67020220562742,134.8772061239412,140.76157153312613
977,Tesla Model 3,11.0,10118.508528842502,1183.8654978745726,40,private,18,15,False,0.0,410.49249328477055,364.6508231923723,279.0393715162441,284.42318702447363,284.42318702447363,1286.8103237767084,1.6304347826086958,1.6304347826086958,0.0,0.0,105.31606216920781,96.89077719567126,222.96008345596817,231.38536842950472
978,Volkswagen ID.4,11.0,7001.744929844837,996.3483035169204,40,private,8,12,False,0.0,345.4729443716277,254.80437635993133,210.54499624336793,218.55206383408782,218.55206383408782,0.0,31.694247378177185,31.694247378177185,0.0,0.0,88.6346295789169,81.54385921260356,208.46473975014345,215.5555101164568
979,Volvo EX30,11.0,9302.76769893213,1251.2222555063715,40,public,18,4,False,0.0,433.8477168549269,394.0676401921474,373.93058609280166,377.2101079666552,377.2101079666552,1360.0241907677957,1360.0241907677937,1360.0241907677937,0.0,0.0,111.30808447833208,102.40343772006547,159.04104660833718,167.9456933666038
980,Cupra Born,11.0,8959.06467395865,1234.5591120715019,40,workplace,18,7,True,2.403401892073325,428.0699529900101,387.50617229697167,326.0362975875024,330.07271369524534,328.6280904656765,1341.9120783385888,281.7496380726231,290.94084590648197,7.649819803260089,1.9048051310117624,110.43942428537497,101.03968067095302,199.0369199657178,211.78609194072033
981,BMW iX1,11.0,9042.036802263467,1258.6515228750745,40,private,21,14,False,0.0,436.4237345621179,355.85018298863514,296.580310814663,309.14315946710957,309.14315946710957,440.0,3.7677044259531134,3.7677044259531134,0.0,0.0,111.9689882596136,103.01146919884444,230.29204429385277,239.2495633546219
982,Skoda Enyaq,11.0,15332.109192482436,2169.4934507362645,47,private,18,14,False,0.0,752.2482725922488,648.5863946020668,533.6718620456097,541.2568357060787,541.2568357060787,2068.0,14.031994697878456,14.031994697878456,0.0,0.0,192.9970149004516,177.55725370841574,388.54869059458576,403.9884517866217
983,Kia EV3,11.0,11073.54133210136,1482.7471843683722,40,private,17,15,False,0.0,514.1264693625113,450.56616401064946,355.63942904532723,362.6316080878158,362.6316080878158,1611.6817221395356,6.793478260869566,6.793478260869566,0.0,0.0,131.90442236091073,121.35206857203784,272.84692984673336,283.39928363560625
984,Tesla Model Y,11.0,11487.362509699777,1893.1173415985231,42,private,18,15,False,0.0,656.4178608368792,592.2951140847899,464.2685885152408,473.6638015340374,473.6638015340374,1848.0,9.591546107622236,9.591546107622236,0.0,0.0,168.410739226154,154.9378800880617,337.6919393909035,351.1647985289958
985,Ford Mustang Mach-E,11.0,7059.687731010375,1070.954628794274,40,private,20,15,True,4.26595967524533,371.3418767232317,314.846034795719,246.48641746592057,256.3366256728867,241.71469929490019,880.0,0.0,4.349108822819412,70.4693012561506,17.54685601278149,100.92476331596416,87.64984410093224,202.65509515127718,248.09879675707714
986,Tesla Model 3,11.0,9517.820737335142,1113.5850262682115,40,private,20,12,False,0.0,386.1235036734342,322.8348760733211,277.15379691416865,279.8171686510371,279.8171686510371,880.0,4.542664471098451,4.542664471098451,0.0,0.0,99.06394777761082,91.13883195540201,197.4451669777991,205.3702828000079
987,Tesla Model Y,11.0,11421.512759571911,1882.265302777451,42,workplace,15,7,True,2.901768608172415,652.6550343326161,537.5198044358917,509.63472744589785,521.2411718506335,500.32531051200726,1121.9405464972292,1346.6976675003548,1347.312711568094,85.45361093526294,21.277949122880468,174.3006135383051,154.0497196699914,285.46358215197404,347.9082864817944
988,Tesla Model 3,11.0,8706.281680720516,1018.6349566443004,40,private,18,15,False,0.0,353.2005990973173,317.11027682627054,252.28914223241148,256.73830841936103,256.73830841936103,1107.2119093959786,0.7781238218559872,0.7781238218559872,0.0,0.0,90.61723871020811,83.36785961339146,179.83015029134773,187.0795293881644
989,BMW iX1,11.0,12938.657627304388,1801.061141720771,46,workplace,8,9,False,0.0,624.4983741401368,449.77243952972236,398.7835459224551,413.0265508621642,413.02655086216413,0.0,0.0,0.0,0.0,0.0,160.22146731410635,147.403749928978,358.87557320695055,371.693290592079
990,Volkswagen ID.3,11.0,8316.094476876744,1129.3256299598618,40,public,17,4,True,6.259339278732722,391.5813869099953,360.42698316184385,344.15294480840384,349.25183008378997,335.06022159936583,1227.5278586520233,1227.5278586520228,1227.5278586520228,49.59112395692456,12.348189865274215,104.44252665296642,92.42708583893112,134.75664266513644,173.31188182887007
991,Renault Megane E-Tech,22.0,10322.858162455266,1376.036993055287,40,private,11,12,False,0.0,477.1258704180832,306.1516142712685,287.9081031405172,294.8031042497199,294.8031042497199,0.0,174.89733582423153,174.89733582423153,0.0,0.0,122.41153895262373,112.6186158364138,294.9413820047771,304.734305120987
992,BMW iX1,11.0,9666.546908453527,1345.583329656731,40,private,7,14,True,4.691967450433124,466.56639365271474,376.333484133991,317.80073431982504,331.9178422556575,224.03374734900964,0.0,116.45606874067201,152.93931019549518,470.9847146153456,117.275193939221,157.48576838385935,110.12620506809687,244.7747564651541,517.2936086267855
993,Volvo EX30,11.0,11309.862244046397,1521.1764718242403,40,private,18,14,False,0.0,527.4514070781878,480.257315540793,372.1036986305993,376.27920739353135,376.27920739353135,1653.4526867654774,2.989130434782609,2.989130434782609,0.0,0.0,135.32307189000545,124.4972261388051,275.66942582346155,286.4952715746619
994,Ford Mustang Mach-E,11.0,9547.326742636616,1448.3294668579747,40,public,18,6,False,0.0,502.19249992140686,460.65145948614764,410.1323204187529,414.58930756831535,414.58930756831535,1574.2711596282334,722.0978769883463,722.0978769883463,0.0,0.0,128.84264001861348,118.53522881712439,206.1384211702159,216.445832371705
995,Kia EV3,11.0,10356.742956714646,1386.7678819040914,40,workplace,16,8,True,2.762332544891931,480.8466894863096,405.67893232530224,366.6645696166126,377.03909846789287,366.6508702663411,1067.3563933740115,539.2760227739628,542.1855751548426,43.093028796395856,10.730164170302567,126.82316550371944,113.49686101074117,217.30445202915786,251.7491488939905
996,Hyundai Kona Electric,11.0,10432.87509900621,1298.892949826273,40,workplace,15,9,True,2.8078931218576098,450.37701195063164,402.6924400846214,341.62014468961235,352.5675761437477,335.03673534488684,531.8401628546442,401.9954020606126,404.8331249055834,73.97717949371595,18.420317693935267,121.48344769623826,106.30493719817754,204.11437300506145,255.24404199591834
997,Tesla Model Y,11.0,9341.69081131305,1539.5106457043908,40,private,20,15,False,0.0,533.8085825866307,444.7506358308123,375.8119376910266,387.1837221597318,387.1837221597318,880.0,7.051919720228013,7.051919720228013,0.0,0.0,136.95407051244158,125.99774487144627,272.62260529834515,283.57893093934047
998,Cupra Born,11.0,12012.355572008677,1655.3025978227954,48,private,19,12,True,3.3189302108788334,573.9581833755129,497.85797959772964,415.0077961176204,419.5122229223333,419.0447965087059,1584.0,5.978260869565218,19.789578656439904,3.960340381429102,0.9861247549758464,147.57256939021056,135.47447365009407,289.9204341032737,303.47208101199345
999,Volvo EX30,11.0,11472.070540893961,1542.9934877502376,41,private,19,12,False,0.0,535.0162202090501,455.43540858395033,384.4363683376013,388.7120778540703,388.7120778540703,1353.0,0.5434782608695652,0.5434782608695652,0.0,0.0,137.263902338848,126.2827901517401,272.5869325067199,283.5680446938278
